醫事機構代碼,醫事機構名稱,主責機構註記,醫事機構地址,醫事機構電話,生效起日,生效迄日,整合團隊代碼,整合團隊名稱
0601160016,臺北榮民總醫院,V,台北市北投區石牌路２段２０１號,02 28712121,106/03/14,107/12/31,HM01160003,臺北榮民總醫院
0602030026,高雄榮民總醫院,V,高雄市左營區大中一路３８６號,07 3422121,106/02/15,107/12/31,HM02030002,高雄榮民總醫院居家醫療照護團隊
0617060018,臺中榮民總醫院,V,台中市西屯區臺灣大道４段 １６５０號,04 23592525,106/04/01,107/12/31,HM17060002,臺中榮民總醫院
1132070011,長庚醫療財團法人林口長庚紀念醫院,V,桃園市龜山區公西里復興街5號、5之7號、文化一路15號,03 3281200,105/08/01,999/12/31,HM32070001,林口、桃園長庚紀念醫院居家照護團隊
1137010024,彰化基督教醫療財團法人彰化基督教醫院,V,彰化縣彰化市南校街135號、中華路176號、旭光路235、320號,04 7238595,106/03/31,107/12/31,HM37010004,彰聯居家醫療整合照護團隊
1142100017,長庚醫療財團法人高雄長庚紀念醫院,V,高雄市鳥松區大埤路１２３號,07 7317123,105/10/03,107/12/31,HM42100001,高雄長庚居家照護團隊醫療
1301200010,臺北市立萬芳醫院－委託財團法人臺北醫學大學辦理,V,台北市文山區興隆路３段１１１號,02 29307930,105/07/27,107/12/31,HM01200001,萬芳團隊
1302050014,財團法人私立高雄醫學大學附設中和紀念醫院,V,高雄市三民區十全一路１００號,07 3121101,105/09/23,107/12/31,HM02050001,高醫社區照護中心
1317040011,中山醫學大學附設醫院,,台中市南區建國北路一段１１０號,04 24739595,106/04/19,107/12/31,HM03180001,慈心
0101090517,臺北市立聯合醫院,V,台北市大同區鄭州路１４５號（代表）,02 25553000,105/03/01,107/12/31,HM01090001,臺北藍鵲居家醫療照護團隊
0102020011,高雄市立聯合醫院,,高雄市鼓山區中華一路９７６號Ｂ１-９Ｆ,07 5552565,106/03/03,107/12/31,HM02070002,高聯醫
0102070020,高雄市立大同醫院（委託財團法人私立高雄醫學大學附設中和紀念,V,高雄市前金區中華三路６８號,07 2911101,105/07/05,107/12/31,HM02070001,大同居家照護中心
0102070020,高雄市立大同醫院（委託財團法人私立高雄醫學大學附設中和紀念,,高雄市前金區中華三路６８號,07 2911101,106/03/03,107/12/31,HM02070002,高聯醫
0111070010,衛生福利部基隆醫院,V,基隆市信義區信二路２６８號,02 24292525,105/04/28,107/12/31,HM11070001,部基居家醫療照護小組
0117030010,衛生福利部臺中醫院,V,台中市西區三民路一段１９９號,04 22294411,105/07/27,107/12/31,HM17030001,臺中醫院居家整合照護團隊
0121050011,衛生福利部臺南醫院,V,台南市中區中山路１２５號,06 2200055,105/04/20,107/12/31,HM21050001,部立臺南醫院居家醫療照護整合團隊
0131020016,新北市立聯合醫院,V,新北市三重區新北大道１段３號、３之１號、板橋區英士路１９８號,02 29829111,105/09/19,107/12/31,HM31020001,新北聯醫
0132010014,衛生福利部桃園醫院,V,桃園市桃園區中山路１４９２號,03 3699721,105/06/06,999/12/31,HM32010003,桃醫居家醫療團隊
0132010014,衛生福利部桃園醫院,,桃園市桃園區中山路１４９２號,03 3699721,106/04/18,999/12/31,HM32020003,懷寧醫院
0135010016,衛生福利部苗栗醫院,V,苗栗縣苗栗市為公路７４７號,037261920,106/03/29,999/12/31,HM35010003,衛生福利部苗栗醫院居家醫療團隊
0143010011,衛生福利部屏東醫院,V,屏東縣屏東市自由路２７０號,08 7363011,105/06/13,107/12/31,HM43010003,衛生福利部屏東醫院
0434010518,國立陽明大學附設醫院,V,宜蘭縣宜蘭市校舍路１６９號、新民路１５２號,03 9325192,105/09/20,107/12/31,HM34010001,陽大居家醫療照護團隊
0439010518,國立臺灣大學醫學院附設醫院雲林分院,V,雲林縣斗六市雲林路二段５７９號,05 5323911,105/08/01,107/12/31,HM39010001,國立臺灣大學醫學院附設醫院雲林分院團隊
0502030015,國軍高雄總醫院左營分院附設民眾診療服務處,V,高雄市左營區合群里軍校路５５３號,07 5811648,105/07/28,107/12/31,HM02030001,國軍左營醫院
0502080015,國軍高雄總醫院附設民眾診療服務處,V,高雄市苓雅區建軍路５號,07 7496751,105/07/28,107/12/31,HM02080001,國高總
0532090029,國軍桃園總醫院附設民眾診療服務處,V,桃園市龍潭區中興里中興路１６８號,03 4799595,106/02/21,999/12/31,HM32090001,桃總居家醫療照護
0622020017,臺中榮民總醫院嘉義分院,V,嘉義市西區劉厝里世賢路２段６００號,05 2359630,105/04/22,107/12/31,HM22020002,中榮嘉義分院
0632010014,臺北榮民總醫院桃園分院,V,桃園市桃園區成功路三段１００號,03 3384889,105/06/02,999/12/31,HM32010002,台北榮民總醫院桃園分院居家醫療照護團隊
0902080013,阮綜合醫療社團法人阮綜合醫院,V,高雄市苓雅區成功一路162號.四維四路136號.166號.永昌街49號,07 3351121,105/12/29,107/12/31,HM02080002,阮綜合社區居家醫療群
0932020025,天成醫療社團法人天晟醫院,V,桃園市中壢區延平路155號,03 4629292,105/05/17,999/12/31,HM32020001,天晟醫院
0936050029,光田醫療社團法人光田綜合醫院,V,台中市沙鹿區沙田路１１７號,04 26625111,106/04/24,107/12/31,HM36050001,光田醫院
0943010017,寶建醫療社團法人寶建醫院,V,屏東市空翔里中山路１２３號.屏東市自由路６５０－１號Ｂ１,08 7665995,106/01/26,107/12/31,HM43010004,寶建社區醫療團隊
0943030019,安泰醫療社團法人安泰醫院,V,屏東縣東港鎮興東里中正路一段２１０號,08 8329966,105/08/29,107/12/31,HM43030001,安泰醫院
1102110011,高雄市立小港醫院（委託財團法人私立高雄醫學大學經營）,V,高雄市小港區山明里山明路482號B1-10F,07 8036783,105/06/16,107/12/31,HM02110001,小港居家照護中心
1111060015,長庚醫療財團法人基隆長庚紀念醫院,V,基隆市安樂區麥金路２２２號,02 24313131,106/02/06,107/12/31,HM11060001,基隆長庚紀念醫院居家照護團隊
1112010519,台灣基督長老教會馬偕醫療財團法人新竹馬偕紀念醫院,V,新竹市東區光復路二段６９０號,03 6119595,105/09/23,999/12/31,HM12010002,靈芝(聆知)qpacing
1122010012,戴德森醫療財團法人嘉義基督教醫院,V,嘉義市東區中庄里忠孝路５３９號、６４２號、保健街１００號,05 2765041,105/04/20,107/12/31,HM22010002,嘉基居家醫療照護整合計畫團隊
1122010021,天主教中華聖母修女會醫療財團法人天主教聖馬爾定醫院,V,嘉義市東區大雅路二段５６５號,05 2756000,105/04/20,107/12/31,HM22010001,天主教聖馬爾定醫院居家醫療整合照護團隊
1132010024,沙爾德聖保祿修女會醫療財團法人聖保祿醫院,V,桃園市桃園區建新街１２３號,03 3613141,105/04/01,999/12/31,HM32010001,聖保祿醫院
1135050020,財團法人為恭紀念醫院,V,351苗栗縣頭份市東庄里仁愛路１１６號,037676811,105/04/12,999/12/31,HM35050001,為恭居家醫療照護整合團隊
1135050020,財團法人為恭紀念醫院,,351苗栗縣頭份市東庄里仁愛路１１６號,037676811,105/05/23,999/12/31,HM35050002,心風采
1136090519,佛教慈濟醫療財團法人台中慈濟醫院,,台中市潭子區豐興路１段６６、８８號,04 36060666,105/08/12,107/12/31,HM17080001,北屯國光居家整合照護團隊
1136200015,仁愛醫療財團法人大里仁愛醫院,V,台中市大里區東榮路４８３號,04 24819900,106/03/14,107/12/31,HM36200001,仁愛
1138020015,埔基醫療財團法人埔里基督教醫院,V,南投縣埔里鎮愛蘭里鐵山路１號,0492912151,106/02/07,107/12/31,HM38020002,埔基醫療財團法人埔里基督教醫院
1139030015,天主教若瑟醫療財團法人若瑟醫院,V,雲林縣虎尾鎮新生路７４號,05 6337333,105/03/25,107/12/31,HM39030001,若瑟居家醫療照護團隊
1140010510,長庚醫療財團法人嘉義長庚紀念醫院,V,嘉義縣朴子市仁和里嘉朴路西段６號、８號,05 3621000,106/02/23,107/12/31,HM40010001,嘉義長庚紀念醫院居家醫療團隊
1140030012,佛教慈濟醫療財團法人大林慈濟醫院,V,嘉義縣大林鎮平林里民生路２號,05 2648000,106/02/08,107/12/31,HM40030001,大林慈濟居家醫療照護整合計畫團隊
1142120001,義大醫療財團法人義大醫院,V,高雄市燕巢區角宿里義大路１號,07 6150011,106/02/22,107/12/31,HM42120001,義大醫院居家醫療整合照護團隊
1143010012,屏基醫療財團法人屏東基督教醫院,V,屏東縣屏東市華山里大連路６０號,08 7368686,105/06/01,107/12/31,HM43010002,屏東基督教醫院
1339060017,中國醫藥大學北港附設醫院,V,雲林縣北港鎮新街里新德路１２３號,05 7837901,105/06/30,107/12/31,HM39060001,中醫北港居家醫療整合團隊
1517061032,澄清綜合醫院中港分院,,台中市西屯區臺灣大道４段９６６號,04 24632000,105/08/25,107/12/31,HM17060001,澄清綜合醫院中港分院附設居家護理所
1532011154,敏盛綜合醫院,V,桃園市桃園區經國路168號、三民路三段106號,03 3179599,105/08/01,999/12/31,HM32010004,敏盛綜合醫院
1532100049,壢新醫院,V,桃園市平鎮區廣泰路７７號、延平路二段４３０巷１１５號,03 4941234,105/05/31,999/12/31,HM32100002,壢新醫院
1533050039,東元綜合醫院,,新竹縣竹北市縣政二路６９號,03 5527000,105/12/14,999/12/31,HM33050001,東元綜合醫院附設居家護理所
0102080017,高雄市立民生醫院,V,高雄市苓雅區凱旋二路１３４號,07 7511131,106/01/10,107/12/31,HM02080003,高雄民生醫院
0122020517,衛生福利部嘉義醫院,V,嘉義市西區福全里北港路３１２號,05 2319090,105/03/15,107/12/31,HM22020001,全方位居家醫療服務
0132110519,衛生福利部桃園醫院新屋分院,,桃園市新屋區新屋村14鄰新福二路６號,03 4971989,106/04/14,999/12/31,HM32010003,桃醫居家醫療團隊
0138010027,衛生福利部南投醫院,V,南投縣南投市康壽里復興路４７８號,0492231150,105/06/13,107/12/31,HM38010001,衛生福利部南投醫院
0141010013,衛生福利部新營醫院,V,臺南市新營區忠政里信義街７３號,06 6351131,105/06/14,107/12/31,HM41010001,衛生福利部新營醫院
0141060513,衛生福利部臺南醫院新化分院,,臺南市新化區那拔里牧場７２號,06 5911929,105/06/08,107/12/31,HM21050001,部立臺南醫院居家醫療照護整合團隊
0142030019,衛生福利部旗山醫院,V,高雄市旗山區大德里中學路６０號,07 6613811,105/05/12,107/12/31,HM42030001,旗山區居家醫療照護團隊
0144010015,衛生福利部澎湖醫院,V,澎湖縣馬公市啟明里中正路１０號,06 9261151,105/08/12,107/12/31,HM44010001,部澎居家醫療整合照護團隊
0145010019,衛生福利部花蓮醫院,V,花蓮縣花蓮市中正路６００號,03 8358141,105/07/01,107/12/31,HM45010001,花蓮醫院暨豐濱原住民分院居家醫療群
0145080011,衛生福利部花蓮醫院豐濱原住民分院,,花蓮縣豐濱鄉豐濱村光豐路４１號,03 8358141,105/07/01,107/12/31,HM45010001,花蓮醫院暨豐濱原住民分院居家醫療群
0146010013,衛生福利部臺東醫院,V,臺東縣台東市五權街１號,089324112,105/05/27,107/12/31,HM46010002,安家居
0190030516,衛生福利部金門醫院,V,金門縣金湖鎮復興路２號,082332546,105/04/22,107/12/31,HM90030001,金門醫院居家醫療團隊
0401190010,國立臺灣大學醫學院附設醫院北護分院,V,台北市萬華區康定路３７號、台北市萬華區內江街８７號,02 23717101,106/03/06,107/12/31,HM01190002,護齡居家醫療照護團隊
0431270012,國立臺灣大學醫學院附設醫院金山分院,V,新北市金山區五湖里玉爐路７號,02 24989898,105/05/11,107/12/31,HM31270001,國立臺灣大學醫學院附設醫院金山分院團隊
0433030016,國立臺灣大學醫學院附設醫院竹東分院,,新竹縣竹東鎮至善路５２號,03 5943248,105/03/24,999/12/31,HM33030001,馨愛
0433030016,國立臺灣大學醫學院附設醫院竹東分院,,新竹縣竹東鎮至善路５２號,03 5943248,105/03/30,999/12/31,HM12040001,馨友
0511040010,三軍總醫院附設基隆民眾診療服務處,,基隆市中正區正榮街１００號，仁愛區孝二路３９號,02 24633330,106/01/06,107/12/31,HM11070002,紫薇居家醫療團隊
0543010019,國軍高雄總醫院附設屏東民眾診療服務處,,屏東縣屏東市大湖路５８巷２２號,08 7560756,105/07/28,107/12/31,HM02080001,國高總
0633030010,臺北榮民總醫院新竹分院,V,新竹縣竹東鎮中豐路１段８１號,03 5962134,105/04/01,999/12/31,HM33030002,台北榮民總醫院新竹分院團隊
0634030014,臺北榮民總醫院蘇澳分院,V,宜蘭縣蘇澳鎮蘇濱路１段３０１號,03 9905106,105/05/12,107/12/31,HM34030001,臺北榮民總醫院蘇澳分院團隊
0634070018,臺北榮民總醫院員山分院,V,宜蘭縣員山鄉榮光路３８６號,03 9222141,105/05/12,107/12/31,HM34070001,臺北榮民總醫院員山分院團隊
0638020014,臺中榮民總醫院埔里分院,V,南投縣埔里鎮蜈蚣里榮光路１號,0492990833,106/02/02,107/12/31,HM38020001,臺中榮民總醫院埔里分院
0640140012,臺中榮民總醫院灣橋分院,V,嘉義縣竹崎鄉灣橋村石麻園３８號,05 2791072,106/03/22,107/12/31,HM40140001,中榮灣橋分院
0641310018,高雄榮民總醫院臺南分院,V,臺南市永康區復興里復興路４２７號,06 3125101,106/02/14,107/12/31,HM41310001,高榮台南分院全人居家照護團隊
0643130018,高雄榮民總醫院屏東分院,V,屏東縣內埔鄉龍潭村昭勝路安平一巷１號,08 7704115,105/08/01,107/12/31,HM43130001,屏東龍泉居家醫療照護整合團隊
0645020015,臺北榮民總醫院鳳林分院,,花蓮縣鳳林鎮鳳信里中正路１段２號,03 8764539,105/12/27,107/12/31,HM45030001,玉榮居家醫療團隊
0645020015,臺北榮民總醫院鳳林分院,,花蓮縣鳳林鎮鳳信里中正路１段２號,03 8764539,106/04/18,999/12/31,HM45010002,原鄉醫療照護團隊
0645030011,臺北榮民總醫院玉里分院,V,花蓮縣玉里鎮泰昌里新興街９１號,03 8883141,105/04/08,107/12/31,HM45030001,玉榮居家醫療團隊
0646010013,臺北榮民總醫院臺東分院,,台東縣台東市南榮里更生路１０００號,089222995,105/12/27,107/12/31,HM45030001,玉榮居家醫療團隊
0701160518,臺北市立關渡醫院-委託臺北榮民總醫院經營,V,台北市北投區知行路２２５巷１２號,02 28587000,105/04/07,107/12/31,HM01160001,臺北市立關渡醫院-委託臺北榮民總醫院經營
0935020027,李綜合醫療社團法人苑裡李綜合醫院,V,苗栗縣苑裡鎮和平路168號、苗栗縣苑裡鎮中華路137號,037862387,106/03/16,999/12/31,HM35020001,苑裡李綜合醫院
0942020019,高雄市立岡山醫院（委託秀傳醫療社團法人經營）,V,高雄市岡山區壽天路１２號,07 6222131,106/03/08,107/12/31,HM42020001,岡秀居家醫療照護組
0943040015,南門醫療社團法人南門醫院,,屏東縣恆春鎮南門路１０號,08 8894568,105/04/06,107/12/31,HM43040001,恆春半島居家醫療整合照護團隊
1107120017,義大醫療財團法人義大癌治療醫院,,高雄市燕巢區角宿里義大路２１號,07 6150022,106/02/22,107/12/31,HM42120001,義大醫院居家醫療整合照護團隊
1107320017,義大醫療財團法人義大大昌醫院,,高雄市三民區大昌一路３０５號地下１樓至６樓,07 5599123,106/02/22,107/12/31,HM42120001,義大醫院居家醫療整合照護團隊
1107350015,天主教聖功醫療財團法人聖功醫院,V,高雄市苓雅區建國一路３５２號,07 2238153,105/05/18,107/12/31,HM07350001,聖功
1112010528,國泰醫療財團法人新竹國泰綜合醫院,V,新竹市東區福德里中華路二段678號及678號之1,03 5278999,105/03/07,999/12/31,HM12010001,國泰新竹
1117010019,仁愛醫療財團法人台中仁愛醫院,,台中市中區柳岸里柳川東路三段３６號,04 22255450,106/03/14,107/12/31,HM36200001,仁愛
1132071036,長庚醫療財團法人桃園長庚紀念醫院,,桃園市龜山區頂湖路１２３號、１２３之１號,03 3196200,105/08/01,999/12/31,HM32070001,林口、桃園長庚紀念醫院居家照護團隊
1133060019,天主教仁慈醫療財團法人仁慈醫院,V,新竹縣湖口鄉孝勢村忠孝路２９號,03 5993500,105/05/04,999/12/31,HM33060001,天主教仁慈醫療財團法人仁慈醫院
1137080017,彰化基督教醫療財團法人二林基督教醫院,,彰化縣二林鎮南光里大成路一段５５８號、安和街４０巷２８號２樓,04 8952031,105/08/12,107/12/31,HM37230001,南彰化
1142010518,高雄市立鳳山醫院（委託長庚醫療財團法人經營）,,高雄市鳳山區經武路４２號,07 7418151,105/10/03,107/12/31,HM42100001,高雄長庚居家照護團隊醫療
1146010032,東基醫療財團法人台東基督教醫院,V,台東縣台東市開封街３５０號,089960888,106/03/15,107/12/31,HM46010003,東基行動醫療團隊
1146010041,天主教花蓮教區醫療財團法人台東聖母醫院,V,臺東縣台東市民族里２１鄰杭州街２號,089322833,105/04/01,107/12/31,HM46010001,天主教聖母醫療團隊
1146030516,佛教慈濟醫療財團法人關山慈濟醫院,V,台東縣關山鎮和平路１２５－５號,089814880,106/03/15,107/12/31,HM46030001,關山慈濟居家醫療照護整合團隊
1231030015,天主教耕莘醫療財團法人永和耕莘醫院,V,新北市永和區中興街８０號Ｂ１-７樓、國光路１２３號Ｂ３-１１樓,02 29286060,106/01/11,107/12/31,HM31030001,永耕松柏居家醫療照護計畫
1244010018,財團法人天主教靈醫會惠民醫院,V,澎湖縣馬公市光復里樹德路１４號,06 9272318,105/08/22,107/12/31,HM44010002,惠民
1401190039,同仁院醫療財團法人萬華醫院,,台北市萬華區中華路２段６０６巷６號,02 23059292,105/06/01,107/12/31,HM01100001,泰安醫院團隊
1501101141,泰安醫院,V,台北市中山區民權東路２段９２巷２－１號（地下１樓至地上６樓）,02 25251111,105/06/01,107/12/31,HM01100001,泰安醫院團隊
1503190020,長安醫院,V,臺中市太平區永平路１段９號,04 36113611,105/09/01,107/12/31,HM03190002,長安醫院居家醫療照護團隊
1512011185,南門綜合醫院,V,新竹市東區林森路２０號,03 5261122,105/10/06,999/12/31,HM12010003,南門綜合醫院
1517011103,第一醫院,V,台中市中區民族路一八四號,04 22221122,105/08/26,107/12/31,HM17010001,第一醫院居家整合照護團隊
1517051107,勝美醫院,,台中市北區平等里五權路４８０．４８２號,04 22013333,105/06/13,107/12/31,HM38010001,衛生福利部南投醫院
1517051107,勝美醫院,V,台中市北區平等里五權路４８０．４８２號,04 22013333,105/06/14,107/12/31,HM17050001,勝美醫院居家醫療照護團隊
1517051107,勝美醫院,,台中市北區平等里五權路４８０．４８２號,04 22013333,105/06/22,107/12/31,HM36010001,馨豐
1517051107,勝美醫院,,台中市北區平等里五權路４８０．４８２號,04 22013333,105/08/26,107/12/31,HM17010001,第一醫院居家整合照護團隊
1517051107,勝美醫院,,台中市北區平等里五權路４８０．４８２號,04 22013333,105/08/26,107/12/31,HM36010002,祥恩醫院
1517051107,勝美醫院,,台中市北區平等里五權路４８０．４８２號,04 22013333,105/09/01,107/12/31,HM03190002,長安醫院居家醫療照護團隊
1517051107,勝美醫院,,台中市北區平等里五權路４８０．４８２號,04 22013333,105/11/03,107/12/31,HM03070001,微笑東勢
1517051107,勝美醫院,,台中市北區平等里五權路４８０．４８２號,04 22013333,106/04/26,107/12/31,HM17030002,西區
1531130105,仁安醫院,,新北市土城區中央路１段６２．６４號,02 22627088,105/12/01,107/12/31,HM31130001,北區社區居家照護整合團隊
1532021338,中壢長榮醫院,V,桃園市中壢區環中東路150號,03 4631230,105/11/22,999/12/31,HM32020002,中壢長榮醫院
1532021383,懷寧醫院,V,桃園市中壢區志廣路１１９號，地下4樓至地上3樓，5樓，10樓11樓,03 4919119,106/04/18,999/12/31,HM32020003,懷寧醫院
1532040039,天成醫院,V,桃園市楊梅區新成路１９６號、中山北路一段３５６號,03 4782350,105/04/26,999/12/31,HM32040001,天成醫院
1533030046,竹信醫院,,新竹縣竹東鎮仁愛路１９６號,03 5951825,105/06/02,999/12/31,HM12010001,國泰新竹
1535010051,大千綜合醫院,V,苗栗市大同路133號、信義路23號、恭敬路36號、信義街36號,037357125,106/02/01,999/12/31,HM35010002,大千
1536011294,祥恩醫院,V,台中市豐原區中興路３５號,04 25255522,105/08/26,107/12/31,HM36010002,祥恩醫院
1536120010,清海醫院,,台中市石岡區金星里石岡街下坑巷４１２號,04 25721694,105/06/14,107/12/31,HM36100001,心分享
1537150512,員林郭醫院大村分院,,彰化縣大村鄉大村村田洋橫巷２９號,04 8539666,105/04/07,107/12/31,HM37150001,員林郭醫院附設護理之家
1538041101,竹山秀傳醫院,V,南投縣竹山鎮山崇里集山路２段７５號,0492624266,105/07/21,107/12/31,HM38040001,竹山秀傳醫院
1542011237,惠德醫院,V,高雄市鳳山區福祥街81號１．２樓,07 8126000,105/09/29,107/12/31,HM42010001,惠德醫院居家醫療團隊
1542011282,杏和醫院,V,高雄市鳳山區五甲二路３８９及４７０號1樓,07 7613111,106/04/12,107/12/31,HM42010002,杏和居家醫療照護團隊
1542021171,惠川醫院,,高雄市岡山區岡山路９２號,07 6229292,105/09/29,107/12/31,HM42010001,惠德醫院居家醫療團隊
1542021171,惠川醫院,,高雄市岡山區岡山路９２號,07 6229292,106/03/27,107/12/31,HM42020002,岡山居家醫療照護整合
1543010190,民眾醫院,V,屏東縣屏東市忠孝路１２０之１號,08 7325455,105/04/18,107/12/31,HM43010001,民眾醫院
2101010013,台北市立聯合醫院附設松山門診部,,台北市松山區八德路４段６９４號１、２樓,02 27653147,105/03/01,107/12/31,HM01090001,臺北藍鵲居家醫療照護團隊
2101020019,臺北市立聯合醫院附設大安門診部,,台北市大安區辛亥路３段１５號,02 27390997,105/03/01,107/12/31,HM01090001,臺北藍鵲居家醫療照護團隊
2101090011,台北市立聯合醫院附設大同門診部,,台北市大同區昌吉街５２號１至２樓,02 25948971,105/03/01,107/12/31,HM01090001,臺北藍鵲居家醫療照護團隊
2101100227,臺北市立聯合醫院附設中山門診部,,台北市中山區松江路３６７號１樓,02 25013363,105/03/01,107/12/31,HM01090001,臺北藍鵲居家醫療照護團隊
2101110027,臺北市立聯合醫院附設內湖門診部,,台北市內湖區民權東路６段９９號１樓,02 27908387,105/03/01,107/12/31,HM01090001,臺北藍鵲居家醫療照護團隊
2101120014,臺北市立聯合醫院附設南港門診部,,台北市南港區南港路１段３６０號１樓,02 27868756,105/03/01,107/12/31,HM01090001,臺北藍鵲居家醫療照護團隊
2101121020,臺北市立聯合醫院附設南軟門診部,,台北市南港區園區街３之２號２樓,02 27863137,105/03/01,107/12/31,HM01090001,臺北藍鵲居家醫療照護團隊
2101150012,台北市立聯合醫院附設士林門診部,,台北市士林區中正路４３９號１樓,02 28836268,105/03/01,107/12/31,HM01090001,臺北藍鵲居家醫療照護團隊
2101161033,臺北市立聯合醫院附設北投門診部,,台北市北投區新市街３０號５樓,02 28912670,105/03/01,107/12/31,HM01090001,臺北藍鵲居家醫療照護團隊
2101170050,台北市立聯合醫院附設信義門診部,,台北市信義區信義路５段１５號,02 87804152,105/03/01,107/12/31,HM01090001,臺北藍鵲居家醫療照護團隊
2101180038,臺北市立聯合醫院附設中正門診部,,台北市中正區牯嶺街２４號,02 23210168,105/03/01,107/12/31,HM01090001,臺北藍鵲居家醫療照護團隊
2101181044,臺北市立聯合醫院附設精神科門診,,台北市中正區金山南路１段５號１．２樓,02 33936779,105/03/01,107/12/31,HM01090001,臺北藍鵲居家醫療照護團隊
2101191068,臺北市立聯合醫院附設萬華門診部,,台北市萬華區東園街１５２號,02 23395384,105/03/01,107/12/31,HM01090001,臺北藍鵲居家醫療照護團隊
2101200017,台北市立聯合醫院附設政大門診部,,台北市文山區指南路２段１１７號,02 82377441,105/03/01,107/12/31,HM01090001,臺北藍鵲居家醫療照護團隊
2322020013,嘉義市西區衛生所,,嘉義市西區福全里德明路１號,05 2337355,105/04/20,107/12/31,HM22010002,嘉基居家醫療照護整合計畫團隊
2331010016,新北市板橋區衛生所,,新北市板橋區英士路１９２號,02 22586606,106/03/15,107/12/31,HM31130001,北區社區居家照護整合團隊
2331020012,新北市三重區衛生所,,新北市三重區新北大道１段１號,02 29848320,106/03/20,107/12/31,HM01190001,青年公園居家醫療照護團隊
2331030018,新北市永和區衛生所,,新北市永和區秀朗路１段１３７號１、２、３樓,02 32332780,106/04/11,107/12/31,HM01190001,青年公園居家醫療照護團隊
2331040014,新北市中和區衛生所,,新北市中和區南山路４巷３號,02 22491936,106/03/20,107/12/31,HM01190001,青年公園居家醫療照護團隊
2331050010,新北市新店區衛生所,,新北市新店區北新路１段８８巷１１號,02 29113984,106/01/19,107/12/31,HM01190001,青年公園居家醫療照護團隊
2331060016,新北市新莊區衛生所,,新北市新莊區中華路１段２號1至４樓,02 29967123,106/03/28,107/12/31,HM31060001,好鄰居
2331070012,新北市樹林區衛生所,,新北市樹林區中山路２段８０－１號,02 26812134,106/01/17,107/12/31,HM01190001,青年公園居家醫療照護團隊
2331080018,新北市鶯歌區衛生所,,新北市鶯歌區文化路３８９號,02 26702304,106/03/21,107/12/31,HM11070002,紫薇居家醫療團隊
2331090014,新北市三峽區衛生所,,新北市三峽區光明路７１號３樓,02 26711592,106/04/05,107/12/31,HM01190001,青年公園居家醫療照護團隊
2331100015,新北市淡水區衛生所,,新北市淡水區中山路１５８號,02 26215620,106/03/20,107/12/31,HM01190001,青年公園居家醫療照護團隊
2331110011,新北市汐止區衛生所,,新北市汐止區新台五路１段２６６號地下１樓．地上１至４樓,02 26412030,106/03/27,107/12/31,HM01190001,青年公園居家醫療照護團隊
2331120017,新北巿瑞芳區衛生所,,新北市瑞芳區明燈路３段１號,02 24972132,106/04/18,107/12/31,HM31240001,新北市平溪區衛生所照護團隊
2331130013,新北市土城區衛生所,,新北市土城區和平路２６號１、２樓,02 22603181,106/03/02,107/12/31,HM01190001,青年公園居家醫療照護團隊
2331130013,新北市土城區衛生所,,新北市土城區和平路２６號１、２樓,02 22603181,106/03/15,107/12/31,HM31130001,北區社區居家照護整合團隊
2331140019,新北市蘆洲區衛生所,,新北市蘆洲區中央路５８號,02 22812011,106/02/20,107/12/31,HM01190001,青年公園居家醫療照護團隊
2331150015,新北市五股區衛生所,,新北市五股區中興路４段６７號－１,02 22917717,106/03/02,107/12/31,HM01190001,青年公園居家醫療照護團隊
2331160011,新北市泰山區衛生所,,新北市泰山區全興路２１２號３樓,02 22962858,106/02/20,107/12/31,HM01190001,青年公園居家醫療照護團隊
2331180013,新北市深坑區衛生所,,新北市深坑區深坑街１６５號１－３樓,02 26621567,106/02/24,107/12/31,HM01200001,萬芳團隊
2331190019,新北市石碇區衛生所,V,新北市石碇區潭邊里碇坪路１段８２號,02 26631325,106/02/16,107/12/31,HM31190001,新北市石碇區衛生所照護團隊
2331200010,新北市坪林區衛生所,V,新北市坪林區坪林街１０４號,02 26656272,106/01/09,107/12/31,HM31200001,新北市坪林區衛生所照護團隊
2331210016,新北市三芝區衛生所,,新北市三芝區中山路１段１２號,02 26362007,106/01/01,107/12/31,HM31270001,國立臺灣大學醫學院附設醫院金山分院團隊
2331220012,新北市石門區衛生所,,新北市石門區中山路２８－１號,02 26381007,106/01/01,107/12/31,HM31270001,國立臺灣大學醫學院附設醫院金山分院團隊
2331230018,新北市八里區衛生所,,新北市八里區舊城路１６號,02 26102137,106/03/13,107/12/31,HM01190001,青年公園居家醫療照護團隊
2331240014,新北市平溪區衛生所,V,新北市平溪區公園街１７號１樓,02 24951015,106/02/24,107/12/31,HM31240001,新北市平溪區衛生所照護團隊
2331250010,新北市雙溪區衛生所,,新北市雙溪區新基南路１８號,02 24931211,106/04/18,107/12/31,HM31240001,新北市平溪區衛生所照護團隊
2331260016,新北市貢寮區衛生所,,新北市貢寮區朝陽街７０巷１０號、新北市貢寮區仁愛路１２８號,02 24901431,106/04/18,107/12/31,HM31240001,新北市平溪區衛生所照護團隊
2331270012,新北市金山區衛生所,,新北市金山區民生路５９號,02 24982778,106/01/01,107/12/31,HM31270001,國立臺灣大學醫學院附設醫院金山分院團隊
2331280018,新北市萬里區衛生所,,新北市萬里區瑪鍊路１５７號１－３樓及地下１樓,02 24921117,106/01/01,107/12/31,HM31270001,國立臺灣大學醫學院附設醫院金山分院團隊
2331290014,新北市烏來區衛生所,,新北市烏來區新烏路５段１０９號,02 26617200,106/03/13,107/12/31,HM01190001,青年公園居家醫療照護團隊
2332040018,桃園市楊梅區衛生所,,桃園市楊梅區校前路４０９號,03 4750151,105/04/26,999/12/31,HM32040001,天成醫院
2332050014,桃園市蘆竹區衛生所,,桃園市蘆竹區長安路二段238號,03 3524732,106/02/03,999/12/31,HM32010004,敏盛綜合醫院
2332130017,桃園市復興區衛生所,,桃園市復興區澤仁里中正路２５號,03 3822325,105/05/06,999/12/31,HM32100001,共好居家醫療團
2333140017,新竹縣五峰鄉衛生所,,新竹縣五峰鄉大隘村六鄰９９號,03 5851005,105/09/23,999/12/31,HM12010002,靈芝(聆知)qpacing
2334010018,宜蘭縣宜蘭市衛生所,,宜蘭縣宜蘭市健康路二段２－２號１樓,03 9322362,105/09/08,107/12/31,HM34070002,宜蘭縣政府幸福蘭陽居家醫療照護團隊
2334020014,宜蘭縣羅東鎮衛生所,,宜蘭縣羅東鎮民生路７９號,03 9542321,106/02/22,107/12/31,HM34070002,宜蘭縣政府幸福蘭陽居家醫療照護團隊
2334030010,宜蘭縣蘇澳鎮衛生所,,宜蘭縣蘇澳鎮志成路６０號,03 9962185,105/09/08,107/12/31,HM34070002,宜蘭縣政府幸福蘭陽居家醫療照護團隊
2334040016,宜蘭縣頭城鎮衛生所,V,宜蘭縣頭城鎮吉祥路１５號,03 9771034,105/06/02,107/12/31,HM34040001,頭城鎮衛生所團隊
2334040016,宜蘭縣頭城鎮衛生所,,宜蘭縣頭城鎮吉祥路１５號,03 9771034,105/09/08,107/12/31,HM34070002,宜蘭縣政府幸福蘭陽居家醫療照護團隊
2334050012,宜蘭縣礁溪鄉衛生所,,宜蘭縣礁溪鄉礁溪路４段１２６號,03 9882908,105/09/08,107/12/31,HM34070002,宜蘭縣政府幸福蘭陽居家醫療照護團隊
2334060018,宜蘭縣壯圍鄉衛生所,,宜蘭縣壯圍鄉中央路２段２９０號,03 9385503,105/09/08,107/12/31,HM34070002,宜蘭縣政府幸福蘭陽居家醫療照護團隊
2334070014,宜蘭縣員山鄉衛生所,V,宜蘭縣員山鄉復興路２號,03 9221575,105/09/08,107/12/31,HM34070002,宜蘭縣政府幸福蘭陽居家醫療照護團隊
2334081026,宜蘭縣冬山鄉衛生所,,宜蘭縣冬山鄉中正路１６號,03 9594772,105/09/08,107/12/31,HM34070002,宜蘭縣政府幸福蘭陽居家醫療照護團隊
2334090016,宜蘭縣五結鄉衛生所,,宜蘭縣五結鄉五結村五結路２段３３７號,03 9501564,105/09/08,107/12/31,HM34070002,宜蘭縣政府幸福蘭陽居家醫療照護團隊
2334100017,宜蘭縣三星鄉衛生所,,宜蘭縣三星鄉三星路５段７０號,03 9892227,105/09/08,107/12/31,HM34070002,宜蘭縣政府幸福蘭陽居家醫療照護團隊
2334110013,宜蘭縣大同鄉衛生所,V,宜蘭縣大同鄉崙埤村朝陽４０號,03 9801175,105/07/01,107/12/31,HM34110001,宜蘭縣大同鄉衛生所團隊
2334110013,宜蘭縣大同鄉衛生所,,宜蘭縣大同鄉崙埤村朝陽４０號,03 9801175,105/09/08,107/12/31,HM34070002,宜蘭縣政府幸福蘭陽居家醫療照護團隊
2334120019,宜蘭縣南澳鄉衛生所,V,宜蘭縣南澳鄉蘇花路２段３７５號,03 9981019,105/06/06,107/12/31,HM34120001,宜蘭縣南澳鄉衛生所團隊
2334120019,宜蘭縣南澳鄉衛生所,,宜蘭縣南澳鄉蘇花路２段３７５號,03 9981019,105/09/08,107/12/31,HM34070002,宜蘭縣政府幸福蘭陽居家醫療照護團隊
2335010012,苗栗縣苗栗市衛生所,,苗栗縣苗栗市建民街２８號,037277129,106/02/18,999/12/31,HM35010001,心苗栗
2335020018,苗栗縣苑裡鎮衛生所,,苗栗縣苑裡鎮客庄里公民街１６號,037869595,105/07/12,999/12/31,HM35010001,心苗栗
2335030014,苗栗縣通霄鎮衛生所,,苗栗縣通霄鎮通東里中正路９－６號,037752048,105/07/12,999/12/31,HM35010001,心苗栗
2335040010,苗栗縣竹南鎮衛生所,,苗栗縣竹南鎮大營路２０９號,037470152,105/05/23,999/12/31,HM35050002,心風采
2335060012,苗栗縣後龍鎮衛生所,,苗栗縣後龍鎮大庄里21鄰光華路３７１號,037722008,105/05/23,999/12/31,HM35010001,心苗栗
2335080014,苗栗縣大湖鄉衛生所,,苗栗縣大湖鄉明湖村中原路８７號,037991034,106/02/18,999/12/31,HM35010001,心苗栗
2335100011,苗栗縣銅鑼鄉衛生所,,苗栗縣銅鑼鄉銅鑼村新興路８１號,037981006,106/03/31,999/12/31,HM35010001,心苗栗
2335110017,苗栗縣南庄鄉衛生所,,苗栗縣南庄鄉東村大同路１７號,037822024,105/05/23,999/12/31,HM35050002,心風采
2335120013,苗栗縣頭屋鄉衛生所,,苗栗縣頭屋鄉頭屋村中山街５６巷５４號,037253534,106/02/18,999/12/31,HM35010001,心苗栗
2335130019,苗栗縣三義鄉衛生所,,苗栗縣三義鄉復興路45號,037872014,105/05/23,999/12/31,HM35010001,心苗栗
2335140015,苗栗縣西湖鄉衛生所,,苗栗縣西湖鄉龍洞村1鄰16號,037921211,106/02/18,999/12/31,HM35010001,心苗栗
2335170013,苗栗縣獅潭鄉衛生所,,苗栗縣獅潭鄉新店村130-6號,037931309,105/07/12,999/12/31,HM35010001,心苗栗
2335180019,苗栗縣泰安鄉衛生所,,苗栗縣泰安鄉清安村２鄰７２號,037941054,105/05/23,999/12/31,HM35010001,心苗栗
2337090018,彰化縣線西鄉衛生所,,彰化縣線西鄉寓埔村和線路９５７巷２號,04 7585201,106/03/31,107/12/31,HM37010004,彰聯居家醫療整合照護團隊
2337200014,彰化縣二水鄉衛生所,V,彰化縣二水鄉二水村過圳路１９號,04 8791077,105/02/24,107/12/31,HM37200001,二水衛生所
2337200014,彰化縣二水鄉衛生所,,彰化縣二水鄉二水村過圳路１９號,04 8791077,105/05/27,107/12/31,HM37010002,馨樂
2337200014,彰化縣二水鄉衛生所,,彰化縣二水鄉二水村過圳路１９號,04 8791077,105/05/27,107/12/31,HM37030001,馨美
2337200014,彰化縣二水鄉衛生所,,彰化縣二水鄉二水村過圳路１９號,04 8791077,105/05/27,107/12/31,HM37060001,馨滿
2337200014,彰化縣二水鄉衛生所,,彰化縣二水鄉二水村過圳路１９號,04 8791077,105/06/29,107/12/31,HM37050002,員滿
2337200014,彰化縣二水鄉衛生所,,彰化縣二水鄉二水村過圳路１９號,04 8791077,105/06/29,107/12/31,HM37080001,健康二林
2337250014,彰化縣竹塘鄉衛生所,,彰化縣竹塘鄉竹塘村竹林路１段３０４號,04 8972009,106/01/03,107/12/31,HM37200001,二水衛生所
2338120015,南投縣信義鄉衛生所,V,南投縣信義鄉明德村玉山路４５號,0492791148,105/05/12,107/12/31,HM38120001,南投縣信義鄉衛生所
2340010015,嘉義縣朴子市衛生所,,嘉義縣朴子市安福里光復路４０號,05 3792037,106/01/13,107/12/31,HM22010002,嘉基居家醫療照護整合計畫團隊
2340010015,嘉義縣朴子市衛生所,,嘉義縣朴子市安福里光復路４０號,05 3792037,106/02/07,107/12/31,HM40130001,快樂活居家醫療照護團隊
2340020011,嘉義縣布袋鎮衛生所,V,嘉義縣布袋鎮新厝里２１號,05 3472032,106/02/21,107/12/31,HM40020001,布袋鎮衛生所
2340030017,嘉義縣大林鎮衛生所,,嘉義縣大林鎮平林里中山路２５２號,05 2641262,106/02/08,107/12/31,HM40030001,大林慈濟居家醫療照護整合計畫團隊
2340040013,嘉義縣民雄鄉衛生所,,嘉義縣民雄鄉中樂村文化路７之２號,05 2262018,106/03/03,107/12/31,HM22010002,嘉基居家醫療照護整合計畫團隊
2340050019,嘉義縣溪口鄉衛生所,,嘉義縣溪口鄉溪北村二鄰中山路１號,05 2691046,106/02/08,107/12/31,HM40030001,大林慈濟居家醫療照護整合計畫團隊
2340060015,嘉義縣新港鄉衛生所,,嘉義縣新港鄉宮前村中山路１６７號,05 3742025,105/12/07,107/12/31,HM22010002,嘉基居家醫療照護整合計畫團隊
2340070011,嘉義縣六腳鄉衛生所,V,嘉義縣六腳鄉蒜頭村１５鄰蒜頭７３－１號,05 3802016,105/11/10,107/12/31,HM40070001,六腳鄉衛生所居家醫療照護整合團隊
2340080017,嘉義縣東石鄉衛生所,,嘉義縣東石鄉東石村３之７號,05 3732340,105/12/07,107/12/31,HM22010002,嘉基居家醫療照護整合計畫團隊
2340130012,嘉義縣中埔鄉衛生所,,嘉義縣中埔鄉中埔村中埔１３０號之１,05 2531008,105/09/01,107/12/31,HM40130001,快樂活居家醫療照護團隊
2340140018,嘉義縣竹崎鄉衛生所,,嘉義縣竹崎鄉竹崎村文化路１９－１號,05 2611264,106/01/13,107/12/31,HM22010002,嘉基居家醫療照護整合計畫團隊
2340150014,嘉義縣梅山鄉衛生所,,嘉義縣梅山鄉華山路１８號,05 2621249,105/12/07,107/12/31,HM22010002,嘉基居家醫療照護整合計畫團隊
2340160010,嘉義縣番路鄉衛生所,,嘉義縣番路鄉下坑村菜公店６０號,05 2591148,105/09/01,107/12/31,HM40130001,快樂活居家醫療照護團隊
2341110014,臺南市東山區衛生所,,臺南市東山區東山里２３６號,06 6802618,105/10/03,107/12/31,HM41010001,衛生福利部新營醫院
2341140012,臺南市官田區衛生所,,臺南市官田區隆田里中山路一段１２８號,06 5791493,105/10/03,107/12/31,HM41010001,衛生福利部新營醫院
2341210019,臺南市安定區衛生所,,臺南市安定區安定里５９－１號,06 5922022,105/05/20,107/12/31,HM21050001,部立臺南醫院居家醫療照護整合團隊
2341230011,臺南市玉井區衛生所,,臺南市玉井區玉田里中正路５號,06 5742275,105/05/04,107/12/31,HM21050001,部立臺南醫院居家醫療照護整合團隊
2341300018,台南市龍崎區衛生所,,臺南市龍崎區崎頂里新市子１５８號,06 5941397,105/10/04,107/12/31,HM21050001,部立臺南醫院居家醫療照護整合團隊
2342040011,高雄市美濃區衛生所,,高雄市美濃區美中路２４６號,07 6812064,105/11/24,107/12/31,HM42030001,旗山區居家醫療照護團隊
2342050017,高雄市林園區衛生所,,高雄市林園區林園里林園北路186號,07 6412404,106/02/16,107/12/31,HM02080002,阮綜合社區居家醫療群
2342050017,高雄市林園區衛生所,,高雄市林園區林園里林園北路186號,07 6412404,106/02/24,107/12/31,HM02110001,小港居家照護中心
2342060013,高雄市大寮區衛生所,,高雄市大寮區永芳里進學路１２９巷２－１號,07 7816819,106/02/24,107/12/31,HM02110001,小港居家照護中心
2342120014,高雄市燕巢區衛生所,,高雄市燕巢區南燕里中興路２號,07 6161148,106/03/27,107/12/31,HM42020002,岡山居家醫療照護整合
2342140016,高雄市阿蓮區衛生所,,高雄市阿蓮區民生路９４－１號,07 6317141,106/02/15,107/12/31,HM02030002,高雄榮民總醫院居家醫療照護團隊
2342150012,高雄市路竹區衛生所,,高雄市路竹區竹南里國昌路８６巷２２號,07 6962449,106/02/15,107/12/31,HM02030002,高雄榮民總醫院居家醫療照護團隊
2342180010,高雄市永安區衛生所,,高雄市永安區永安路２６號,07 6912015,106/02/15,107/12/31,HM02030002,高雄榮民總醫院居家醫療照護團隊
2342210013,高雄市六龜區衛生所,,高雄市六龜區民治路１８號,07 6891244,106/02/06,107/12/31,HM42030001,旗山區居家醫療照護團隊
2342250017,高雄市茂林區衛生所,,高雄市茂林區茂林里茂林巷８－４號,07 6801046,106/03/15,107/12/31,HM42030001,旗山區居家醫療照護團隊
2343040015,屏東縣恆春鎮衛生所,,屏東縣恆春鎮山腳里文化路７８號,08 8892140,106/01/23,107/12/31,HM43040001,恆春半島居家醫療整合照護團隊
2343070013,屏東縣麟洛鄉衛生所,,屏東縣麟洛鄉麟蹄村中山路１５６－１號,08 7221152,106/04/24,107/12/31,HM43010003,衛生福利部屏東醫院
2343090015,屏東縣里港鄉衛生所,,屏東縣里港鄉大平村中山路１０３１號,08 7751711,106/04/24,107/12/31,HM43010003,衛生福利部屏東醫院
2343110012,屏東縣高樹鄉衛生所,,屏東縣高樹鄉長榮村南昌路１２２號,08 7962026,105/12/06,107/12/31,HM43110001,高樹居家醫療照護團隊
2343160012,屏東縣枋寮鄉衛生所,V,屏東縣枋寮鄉枋寮村德興路７７號,08 8782940,105/07/18,107/12/31,HM43160001,屏南整合居家護理
2343260017,屏東縣三地門鄉衛生所,,屏東縣三地門鄉三地村行政街４號,08 7991284,105/10/06,107/12/31,HM43010002,屏東基督教醫院
2343330014,屏東縣牡丹鄉衛生所,,屏東縣牡丹鄉石門村１９號,08 8831013,106/01/23,107/12/31,HM43040001,恆春半島居家醫療整合照護團隊
2344050015,澎湖縣望安鄉衛生所,,澎湖縣望安鄉西安村３６－７號,06 9991036,106/03/14,107/12/31,HM44010001,部澎居家醫療整合照護團隊
2345020011,花蓮縣鳳林鎮衛生所,,花蓮縣鳳林鎮公正街８之１號,03 8761116,106/04/18,999/12/31,HM45010002,原鄉醫療照護團隊
2345040013,花蓮縣新城鄉衛生所,,花蓮縣新城鄉北埔村北埔路１６０號,03 8266781,106/04/28,107/12/31,HM45010001,花蓮醫院暨豐濱原住民分院居家醫療群
2345060015,花蓮縣壽豐鄉衛生所,,花蓮縣壽豐鄉壽豐村公園路２８巷１０號,03 8652101,106/04/18,999/12/31,HM45010002,原鄉醫療照護團隊
2345070011,花蓮縣光復鄉衛生所,,花蓮縣光復鄉大馬村中學街１５８號,03 8701114,106/04/18,999/12/31,HM45010002,原鄉醫療照護團隊
2345090013,花蓮縣瑞穗鄉衛生所,,花蓮縣瑞穗鄉民生街７５號,03 8872045,106/04/25,107/12/31,HM45050001,光鹽醫療照顧團隊
2345100014,花蓮縣富里鄉衛生所,,花蓮縣富里鄉富里村中山路２０３號,03 8831029,106/04/18,999/12/31,HM45010002,原鄉醫療照護團隊
2345110010,花蓮縣秀林鄉衛生所,,花蓮縣秀林鄉秀林村１２鄰秀林路８８號,03 8612122,105/10/26,107/12/31,HM45050001,光鹽醫療照顧團隊
2345110010,花蓮縣秀林鄉衛生所,,花蓮縣秀林鄉秀林村１２鄰秀林路８８號,03 8612122,106/04/18,999/12/31,HM45010002,原鄉醫療照護團隊
2345120016,花蓮縣萬榮鄉衛生所,,花蓮縣萬榮鄉萬榮村１２號,03 8751651,106/04/18,999/12/31,HM45010002,原鄉醫療照護團隊
2346020015,台東縣成功鎮衛生所,,台東縣成功鎮忠仁里中山東路６４號,089851419,106/02/24,107/12/31,HM46010001,天主教聖母醫療團隊
2346050013,台東縣大武鄉衛生所,,台東縣大武鄉大武村濱海路１００號,089791325,106/02/24,107/12/31,HM46010001,天主教聖母醫療團隊
2346060019,台東縣太麻里鄉衛生所,,台東縣太麻里鄉泰和村２鄰民權路６６號,089781220,106/02/24,107/12/31,HM46010001,天主教聖母醫療團隊
2346070015,台東縣東河鄉衛生所,,台東縣東河鄉東河村南東河路１０鄰３００號,089896289,106/02/24,107/12/31,HM46010001,天主教聖母醫療團隊
2346090017,台東縣鹿野鄉衛生所,,台東縣鹿野鄉鹿野村中華路１段４１８號,089551074,106/03/15,107/12/31,HM46010003,東基行動醫療團隊
2346120010,台東縣延平鄉衛生所,,台東縣延平鄉桃源村昇平路１１號,089561040,106/02/24,107/12/31,HM46010001,天主教聖母醫療團隊
2346140012,台東縣達仁鄉衛生所,,台東縣達仁鄉安朔村復興路１２２號,089702209,106/02/24,107/12/31,HM46010001,天主教聖母醫療團隊
2346150018,台東縣金峰鄉衛生所,,台東縣金峰鄉賓茂村１鄰１４號,089772201,106/02/24,107/12/31,HM46010001,天主教聖母醫療團隊
2502090013,國軍高雄門診中心附設民眾診療服務處,,高雄市前鎮區光華二路５１號,07 3344003,105/07/28,107/12/31,HM02080001,國高總
2634010014,臺北榮民總醫院員山分院附設門診部,,宜蘭縣宜蘭市林森路１號,03 9222141,105/09/01,107/12/31,HM34070001,臺北榮民總醫院員山分院團隊
2634031022,臺北榮民總醫院蘇澳分院附設門診部,,宜蘭縣蘇澳鎮中山路１段４３９號；宜縣蘇澳鎮蘇濱路１段３０１號,03 9952443,105/08/01,107/12/31,HM34030001,臺北榮民總醫院蘇澳分院團隊
2701170052,臺北市立聯合醫院附設臺北市政府醫務室,,台北市信義區市府路１號,02 27205389,105/03/01,107/12/31,HM01090001,臺北藍鵲居家醫療照護團隊
2734040014,國立陽明大學附設醫院附設大溪門診部,,宜蘭縣頭城鎮濱海路五段２１１號１樓,03 9781030,105/09/20,107/12/31,HM34010001,陽大居家醫療照護團隊
2940010017,朴子市農會附設診所,,嘉義縣朴子市平和里１鄰市東路３號,05 3790995,105/05/31,107/12/31,HM22010001,天主教聖馬爾定醫院居家醫療整合照護團隊
3144010518,財團法人天主教靈醫會惠民醫院附設澎南門診部,,澎湖縣馬公市鎖港里２４１號,06 9952633,105/08/22,107/12/31,HM44010002,惠民
3244030030,財團法人天主教靈醫會惠民醫院附設白沙診所,,澎湖縣白沙鄉赤崁村３７４號,06 9933165,105/08/22,107/12/31,HM44010002,惠民
3402040512,日月光半導體製造股份有限公司附設員工醫務室,,高雄市楠梓區楠梓加工出口區經五路123號6、7樓,07 3617131,106/02/15,107/12/31,HM02030002,高雄榮民總醫院居家醫療照護團隊
3501011322,安成診所,,台北市松山區富錦街４９７號,02 27624618,106/04/10,107/12/31,HM01090001,臺北藍鵲居家醫療照護團隊
3501012838,閎新耳鼻喉科皮膚科聯合診所,,台北市松山區八德路３段２０－２號,02 25779898,105/10/24,107/12/31,HM01090001,臺北藍鵲居家醫療照護團隊
3501013157,大家好診所,,台北市松山區民生東路４段８０巷１１弄２號１樓,02 27138819,105/10/24,107/12/31,HM01090001,臺北藍鵲居家醫療照護團隊
3501022496,仁安診所,,台北市大安區和平東路２段１７５巷３４號１樓,02 27065995,105/08/29,107/12/31,HM01090001,臺北藍鵲居家醫療照護團隊
3501026609,杏心診所,,台北市大安區金山南路２段２１８號５樓,02 23278799,106/03/27,107/12/31,HM01090001,臺北藍鵲居家醫療照護團隊
3501027188,康婕婦產科診所,,台北市大安區光復南路２４０巷２３號２樓,02 27727282,106/03/27,107/12/31,HM01090001,臺北藍鵲居家醫療照護團隊
3501028970,捷靚皮膚專科診所,,台北市大安區信義路４段４５號３樓－３,02 27076606,106/04/10,107/12/31,HM01090001,臺北藍鵲居家醫療照護團隊
3501029922,健華診所,,台北市大安區和平東路２段２５５號、２５７號４樓,02 27072990,106/04/10,107/12/31,HM01090001,臺北藍鵲居家醫療照護團隊
350102C487,珍世明眼科診所,,台北市大安區信義路４段９８號２樓,02 27552298,106/03/27,107/12/31,HM01090001,臺北藍鵲居家醫療照護團隊
350102D135,李細祥內科診所,,台北市大安區四維路１９８巷３０弄５號,02 27018159,106/02/15,107/12/31,HM01090001,臺北藍鵲居家醫療照護團隊
3501090458,施小兒科診所,,台北市大同區重慶北路３段２８號,02 25941935,105/11/09,107/12/31,HM01090001,臺北藍鵲居家醫療照護團隊
3501091508,包眼科診所,,台北市大同區保安街５４－１號,02 25537526,105/11/09,107/12/31,HM01090001,臺北藍鵲居家醫療照護團隊
3501092952,逸松外科診所,,台北市大同區重慶北路２段１９０號,02 25530955,105/11/09,107/12/31,HM01090001,臺北藍鵲居家醫療照護團隊
3501093299,羅源彰診所,,台北市大同區長安西路１３７號,02 25552500,105/11/09,107/12/31,HM01090001,臺北藍鵲居家醫療照護團隊
3501093584,建順診所,,台北市大同區甘州街５１號,02 25573250,105/11/09,107/12/31,HM01090001,臺北藍鵲居家醫療照護團隊
3501093888,紘成診所,,台北市大同區長安西路３５號２樓,02 25492000,105/12/27,107/12/31,HM01190001,青年公園居家醫療照護團隊
3501100182,中崙聯合診所,,台北市中山區八德路２段３０３、３０５號１樓、３０７號１樓,02 27711501,105/11/09,107/12/31,HM01090001,臺北藍鵲居家醫療照護團隊
3501100217,陳炯輝診所,,台北市中山區民生東路２段１０３號,02 25221796,105/11/09,107/12/31,HM01090001,臺北藍鵲居家醫療照護團隊
3501101385,王三郎婦產科診所,,台北市中山區中山北路２段１６６號－２,02 25948759,105/11/09,107/12/31,HM01090001,臺北藍鵲居家醫療照護團隊
3501101787,周賢章耳鼻喉科診所,,台北市中山區天祥路２６號,02 25213101,105/11/09,107/12/31,HM01090001,臺北藍鵲居家醫療照護團隊
3501102622,宗北內科診所,,台北市中山區民生西路２４號２樓,02 25411001,105/11/09,107/12/31,HM01090001,臺北藍鵲居家醫療照護團隊
3501103076,德容聯合診所,,台北市中山區吉林路１９７號、１９７號２樓,02 25643076,105/11/09,107/12/31,HM01090001,臺北藍鵲居家醫療照護團隊
3501105310,高固診所,,台北市中山區北安路６１３號及５９５巷１號地下１層,02 25323036,105/11/09,107/12/31,HM01090001,臺北藍鵲居家醫療照護團隊
3501106102,中山民權王耳鼻喉科診所,,台北市中山區中山北路２段１６６號之２,02 25948758,105/11/09,107/12/31,HM01090001,臺北藍鵲居家醫療照護團隊
3501107538,禾康診所,,台北市中山區林森北路５１６號,02 25319998,105/10/03,107/12/31,HM01090001,臺北藍鵲居家醫療照護團隊
3501107645,惟診所,,台北市中山區北安路５９５巷１號地下一層樓,02 25323038,105/11/09,107/12/31,HM01090001,臺北藍鵲居家醫療照護團隊
3501107805,龍安診所,,台北市中山區錦州街２９６號,02 25179979,105/06/27,107/12/31,HM01190001,青年公園居家醫療照護團隊
3501112904,成安耳鼻喉科診所,,台北市內湖區成功路４段１５３號,02 27935940,105/10/24,107/12/31,HM01090001,臺北藍鵲居家醫療照護團隊
3501113090,誠康診所,,台北市內湖區內湖路１段５８５號,02 26572585,105/12/08,107/12/31,HM01090001,臺北藍鵲居家醫療照護團隊
3501113849,育睿診所,,台北市內湖區內湖路１段２１７巷３５號,02 26560801,105/07/16,107/12/31,HM01190001,青年公園居家醫療照護團隊
3501120157,黃家庭醫學科診所,,台北市南港區研究院路１段１６１號,02 27820908,105/10/24,107/12/31,HM01090001,臺北藍鵲居家醫療照護團隊
3501121636,希文耳鼻喉科診所,,台北市南港區忠孝東路６段２３４號,02 27854868,105/10/24,107/12/31,HM01090001,臺北藍鵲居家醫療照護團隊
3501121770,天慈婦產科診所,,台北市南港區同德路３７號１樓,02 27855176,106/03/27,107/12/31,HM01090001,臺北藍鵲居家醫療照護團隊
3501150182,天母許內科家醫科診所,,台北市士林區天母北路４９號,02 28729367,105/12/02,107/12/31,HM01090001,臺北藍鵲居家醫療照護團隊
3501150208,李世澤小兒科內科診所,,台北市士林區社子街６７號,02 28111472,105/05/20,107/12/31,HM01160002,仁和居家醫療照護團隊
3501150208,李世澤小兒科內科診所,,台北市士林區社子街６７號,02 28111472,105/12/08,107/12/31,HM01090001,臺北藍鵲居家醫療照護團隊
3501150226,健原診所,,台北市士林區中正路６２７號１樓,02 28116409,105/12/02,107/12/31,HM01090001,臺北藍鵲居家醫療照護團隊
3501150306,黃耀明診所,,台北市士林區中正路３２２號１樓,02 28320657,105/12/08,107/12/31,HM01090001,臺北藍鵲居家醫療照護團隊
3501150388,邱世昌診所,,台北市士林區文林路７１８號,02 28343565,105/12/08,107/12/31,HM01090001,臺北藍鵲居家醫療照護團隊
3501150413,柯耳鼻喉科診所,,台北市士林區大東路１４４號,02 28828825,105/12/02,107/12/31,HM01090001,臺北藍鵲居家醫療照護團隊
3501150575,鄭醫師診所,,台北市士林區延平北路５段１２０號１、２樓,02 28127412,105/12/02,107/12/31,HM01090001,臺北藍鵲居家醫療照護團隊
3501150708,吳如壽診所,,台北市士林區中山北路６段３２２號１、２樓,02 28347118,105/05/20,107/12/31,HM01160002,仁和居家醫療照護團隊
3501150806,何啟溫診所,,台北市士林區德行東路６３號１樓,02 28373890,105/12/02,107/12/31,HM01090001,臺北藍鵲居家醫療照護團隊
3501151018,林博通醫師診所,,台北市士林區通河街６０號１樓,02 28851148,105/12/28,107/12/31,HM01090001,臺北藍鵲居家醫療照護團隊
3501151125,蘇惠珍皮膚科診所,,台北市士林區忠義街８３號,02 28383090,105/12/02,107/12/31,HM01090001,臺北藍鵲居家醫療照護團隊
3501151269,粱耳鼻喉科診所,,台北市士林區社正路１２－１號,02 28168456,106/03/14,107/12/31,HM01160002,仁和居家醫療照護團隊
3501151401,柯佑民小兒科診所,,台北市士林區天母東路８巷１９弄５號１樓,02 28766955,105/12/02,107/12/31,HM01090001,臺北藍鵲居家醫療照護團隊
3501151438,德福診所,,台北市士林區大東路７７號,02 28811982,105/12/28,107/12/31,HM01090001,臺北藍鵲居家醫療照護團隊
3501151661,家庭醫師張正弘診所,,台北市士林區天玉街３８巷９號,02 28747399,106/02/15,107/12/31,HM01090001,臺北藍鵲居家醫療照護團隊
3501151750,芝山診所,,台北市士林區忠義街８２號１樓,02 28362780,105/10/03,107/12/31,HM01090001,臺北藍鵲居家醫療照護團隊
3501151974,蕭雨青小兒科診所,,台北市士林區延平北路５段２９２號１樓,02 28126415,105/06/30,107/12/31,HM01160002,仁和居家醫療照護團隊
3501151974,蕭雨青小兒科診所,,台北市士林區延平北路５段２９２號１樓,02 28126415,106/02/15,107/12/31,HM01090001,臺北藍鵲居家醫療照護團隊
3501154288,天母康健身心診所,,台北市士林區德行西路１００號,02 28378787,105/09/22,107/12/31,HM01160002,仁和居家醫療照護團隊
3501160099,石牌李力成診所,,台北市北投區西安街１段２８１巷１５號,02 28272849,105/12/08,107/12/31,HM01090001,臺北藍鵲居家醫療照護團隊
3501160204,吉安診所,,台北市北投區西安街１段２８１巷１８號,02 28231832,105/12/02,107/12/31,HM01090001,臺北藍鵲居家醫療照護團隊
3501160231,洪耳鼻喉科診所,V,台北市北投區中央南路１段４３號,02 28928769,105/05/20,107/12/31,HM01160002,仁和居家醫療照護團隊
3501160286,永安家庭醫學科診所,,台北市北投區中央北路１段１７２號（實際使用：一、二層）,02 28940888,105/05/20,107/12/31,HM01160002,仁和居家醫療照護團隊
3501160731,林文正耳鼻喉科診所,,台北市北投區明德路１１７號,02 28261083,105/12/08,107/12/31,HM01090001,臺北藍鵲居家醫療照護團隊
3501160973,蔡秉勳小兒科診所,,台北市北投區中和街２８１號１樓,02 28966525,106/04/01,107/12/31,HM01160002,仁和居家醫療照護團隊
3501160991,張參雄診所,,台北市北投區光明路１６６號、１６６－１號１．２．３樓,02 28926555,105/06/27,107/12/31,HM01190001,青年公園居家醫療照護團隊
3501161032,陳獻明小兒科診所,,台北市北投區中央南路１段６９號１樓,02 28928950,105/12/28,107/12/31,HM01090001,臺北藍鵲居家醫療照護團隊
3501161032,陳獻明小兒科診所,,台北市北投區中央南路１段６９號１樓,02 28928950,106/03/14,107/12/31,HM01160002,仁和居家醫療照護團隊
3501162502,惠康診所,,台北市北投區西安街２段１１３號,02 28283964,105/05/20,107/12/31,HM01160002,仁和居家醫療照護團隊
3501162566,美康診所,,台北市北投區光明路２巷９－２號,02 28953663,105/12/28,107/12/31,HM01090001,臺北藍鵲居家醫療照護團隊
3501162566,美康診所,,台北市北投區光明路２巷９－２號,02 28953663,106/03/14,107/12/31,HM01160002,仁和居家醫療照護團隊
3501162664,王永良診所,,台北市北投區自強街９４號,02 28227287,105/09/22,107/12/31,HM01160002,仁和居家醫療照護團隊
3501162673,翰譽耳鼻喉科診所,,台北市北投區中央南路１段１８９號,02 28959986,106/03/14,107/12/31,HM01160002,仁和居家醫療照護團隊
3501162726,王景平眼科診所,,台北市北投區中央南路１段２０５號,02 28946580,106/03/14,107/12/31,HM01160002,仁和居家醫療照護團隊
3501162806,康田診所,,台北市北投區自強街７６號,02 28210988,106/04/24,107/12/31,HM01090001,臺北藍鵲居家醫療照護團隊
3501163036,黃正宏診所,,台北市北投區西安街１段３５９號,02 28217076,105/06/27,107/12/31,HM01190001,青年公園居家醫療照護團隊
3501172893,姚醫師診所,,台北市信義區忠孝東路５段３９６號２樓,02 87898822,105/10/24,107/12/31,HM01090001,臺北藍鵲居家醫療照護團隊
3501173336,登瑞安診所,,台北市信義區林口街２３２號１樓,02 27265228,105/10/24,107/12/31,HM01090001,臺北藍鵲居家醫療照護團隊
3501173425,林應然小兒科診所,,台北市信義區福德街７５號,02 27595328,105/10/21,107/12/31,HM01190001,青年公園居家醫療照護團隊
3501181534,雙合耳鼻喉科聯合診所,,台北市中正區汀州路１段 ９６號,02 23055690,106/03/03,107/12/31,HM01090001,臺北藍鵲居家醫療照護團隊
3501181614,張孟源內科診所,,台北巿中正區中華路２段３２５號,02 23098600,105/10/03,107/12/31,HM01090001,臺北藍鵲居家醫療照護團隊
3501183592,奕康耳鼻喉科診所,,台北市中正區連雲街７２號２樓,02 23212788,105/10/24,107/12/31,HM01090001,臺北藍鵲居家醫療照護團隊
3501183850,健康101診所,,台北市中正區牯嶺街９７號１樓,02 23645143,105/06/27,107/12/31,HM01190001,青年公園居家醫療照護團隊
3501183850,健康101診所,,台北市中正區牯嶺街９７號１樓,02 23645143,105/08/29,107/12/31,HM01090001,臺北藍鵲居家醫療照護團隊
3501190168,萬華劉小兒科診所,,台北市萬華區康定路１５８號,02 23813156,105/11/09,107/12/31,HM01090001,臺北藍鵲居家醫療照護團隊
3501192537,裕仁診所,,台北市萬華區萬大路１１７號２樓、西藏路２９２號２樓,02 23363229,105/06/27,107/12/31,HM01190001,青年公園居家醫療照護團隊
3501194166,新和診所,,台北市萬華區萬大路２８４號,02 23077007,106/03/03,107/12/31,HM01090001,臺北藍鵲居家醫療照護團隊
3501194657,永康診所,,台北市萬華區桂林路４７號１樓２樓及地下１樓,02 23123455,106/03/30,107/12/31,HM01090001,臺北藍鵲居家醫療照護團隊
3501195270,萬華衛康內科診所,V,台北市萬華區萬大路２５０號,02 23092807,105/06/27,107/12/31,HM01190001,青年公園居家醫療照護團隊
3501195270,萬華衛康內科診所,,台北市萬華區萬大路２５０號,02 23092807,105/08/29,107/12/31,HM01090001,臺北藍鵲居家醫療照護團隊
3501195289,艋舺通安診所,,台北市萬華區環河南路２段２４２號、２４２之１號,02 23089862,106/02/06,107/12/31,HM01190001,青年公園居家醫療照護團隊
3501195289,艋舺通安診所,,台北市萬華區環河南路２段２４２號、２４２之１號,02 23089862,106/03/30,107/12/31,HM01090001,臺北藍鵲居家醫療照護團隊
3501195565,李明儒耳鼻喉科診所,,台北市萬華區青年路１０號,02 23038181,105/06/27,107/12/31,HM01190001,青年公園居家醫療照護團隊
3501195663,光晶妍眼科診所,,台北市萬華區萬大路３５５號（含夾層）,02 23013556,105/06/27,107/12/31,HM01190001,青年公園居家醫療照護團隊
3501195663,光晶妍眼科診所,,台北市萬華區萬大路３５５號（含夾層）,02 23013556,105/08/29,107/12/31,HM01090001,臺北藍鵲居家醫療照護團隊
3501195832,福全身心科診所,,台北市萬華區中華路２段６００號,02 23327712,106/03/27,107/12/31,HM01190001,青年公園居家醫療照護團隊
3502030947,國聖診所,,高雄市左營區文慈路１５０號１樓,07 3506203,106/02/15,107/12/31,HM02030002,高雄榮民總醫院居家醫療照護團隊
3502032192,金仁福診所,,高雄市左營區華夏路２２８號１樓,07 5529843,105/11/25,107/12/31,HM02070001,大同居家照護中心
3502032227,李凱斌小兒科診所,,高雄市左營區文莊路５３號,07 3454784,105/10/13,107/12/31,HM02030001,國軍左營醫院
3502032325,華夏診所,,高雄市左營區華夏路７０８號１樓,07 3453961,106/02/15,107/12/31,HM02030002,高雄榮民總醫院居家醫療照護團隊
3502032432,薛智峰耳鼻喉科診所,,高雄市左營區華夏路７０３號１樓,07 3439190,105/11/25,107/12/31,HM02070001,大同居家照護中心
3502032790,康澤小兒科診所,,高雄市左營區自由三路３８２號１樓,07 3453356,105/11/25,107/12/31,HM02070001,大同居家照護中心
3502032861,陳俊男診所,,高雄市左營區自由二路２１６號１樓,07 5506531,105/11/25,107/12/31,HM02070001,大同居家照護中心
3502033297,福山診所,,高雄市左營區重愛路２１８號１樓,07 3482323,106/02/15,107/12/31,HM02030002,高雄榮民總醫院居家醫療照護團隊
3502040354,賴聰宏小兒科診所,,高雄市楠梓區軍校路６６４，６６６號,07 3630769,105/10/13,107/12/31,HM02030001,國軍左營醫院
3502040505,王新台婦產科診所,,高雄市楠梓區宏昌里後昌路９７２號,07 3653166,105/10/13,107/12/31,HM02030001,國軍左營醫院
3502040649,楊雲志診所,,高雄市楠梓區軍校路６７６號１Ｆ,07 3643826,105/10/13,107/12/31,HM02030001,國軍左營醫院
3502041860,孫欲珍小兒科家庭醫學科診所,,高雄市楠梓區海專路２３７號１樓,07 3613709,105/10/13,107/12/31,HM02030001,國軍左營醫院
3502042303,林自強內科診所,,高雄市楠梓區楠都東街２２２號,07 3553110,105/10/13,107/12/31,HM02030001,國軍左營醫院
3502051599,徐樹本小兒科診所,,高雄市三民區建興路３７３號,07 3867833,105/12/29,107/12/31,HM02080002,阮綜合社區居家醫療群
3502051777,尤啟享診所,,高雄市三民區本揚里澄和路５３號,07 3811515,105/07/28,107/12/31,HM02080001,國高總
3502051795,名祥診所,,高雄市三民區鼎西里鼎力路１１６號,07 3493012,105/12/29,107/12/31,HM02080002,阮綜合社區居家醫療群
3502052087,天民泌尿科診所,,高雄市三民區平等路１０７號１Ｆ,07 3927073,105/07/28,107/12/31,HM02080001,國高總
3502052274,醫鼎診所,,高雄市三民區裕誠路１０１號１，２樓,07 3506789,105/07/28,107/12/31,HM02080001,國高總
3502052694,育明診所,,高雄市三民區民族一路５３７號一樓．二樓,07 3478461,106/02/15,107/12/31,HM02030002,高雄榮民總醫院居家醫療照護團隊
3502052694,育明診所,,高雄市三民區民族一路５３７號一樓．二樓,07 3478461,106/03/03,107/12/31,HM02070002,高聯醫
3502053940,正中診所,,高雄市三民區正忠路１８號一樓,07 3809900,105/07/28,107/12/31,HM02080001,國高總
3502054250,黃學武家庭醫學科診所,,高雄市三民區大昌二路２３號１樓,07 3815668,105/07/28,107/12/31,HM02080001,國高總
3502054296,長清診所,,高雄市三民區九如一路１３５號１－３樓,07 3851441,105/11/25,107/12/31,HM02070001,大同居家照護中心
3502055275,明榮診所,,高雄市三民區熱河一街３７０號１－２樓,07 3222875,105/11/25,107/12/31,HM02070001,大同居家照護中心
3502055293,元成診所,,高雄市三民區寶業里陽明路８１號１樓,07 3903808,105/11/25,107/12/31,HM02070001,大同居家照護中心
3502060383,清水診所,,高雄市新興區林森一路１０７之１號,07 2210976,105/11/25,107/12/31,HM02070001,大同居家照護中心
3502060561,蘇信福診所,,高雄市新興區林森一路２７４號,07 2379119,105/11/25,107/12/31,HM02070001,大同居家照護中心
3502060632,展華內兒科診所,,高雄市新興區八德一路１８２號,07 2386222,105/11/25,107/12/31,HM02070001,大同居家照護中心
3502061139,毛重富耳鼻喉科診所,,高雄市新興區復興一路１０７１號,07 2350168,105/11/25,107/12/31,HM02070001,大同居家照護中心
3502062976,家佳診所,,高雄市新興區和平一路１９３號一、二樓,07 2234383,105/11/25,107/12/31,HM02070001,大同居家照護中心
3502063035,蔡瑞聲診所,,高雄市新興區中正三路６３號１樓及夾層,07 2413388,105/11/25,107/12/31,HM02070001,大同居家照護中心
3502063062,增田診所,,高雄市新興區八德一路１５５至１５７號１樓,07 2363128,105/11/25,107/12/31,HM02070001,大同居家照護中心
3502063151,蘇鉉釗耳鼻喉科診所,,高雄市新興區林森一路２７４、２７６號１－２樓,07 2379119,105/11/25,107/12/31,HM02070001,大同居家照護中心
3502063259,偉峰診所,,高雄市新興區林森一路１２６號一樓,07 2820396,105/11/25,107/12/31,HM02070001,大同居家照護中心
3502080107,張清雲內科小兒科診所,,高雄市苓雅區成功一路１５５號,07 3314071,105/12/29,107/12/31,HM02080002,阮綜合社區居家醫療群
3502080198,靜安診所,,高雄市苓雅區大順三路１９７號,07 2239025,105/11/25,107/12/31,HM02070001,大同居家照護中心
3502080303,徐貴勝診所,,高雄市苓雅區六合路５２號,07 2240668,105/11/25,107/12/31,HM02070001,大同居家照護中心
3502080401,盛田婦產科診所,,高雄市苓雅區興中二路１２號,07 3312686,106/01/20,107/12/31,HM02080002,阮綜合社區居家醫療群
3502083546,童春診所,,高雄市苓雅區武慶三路９８號,07 7210983,106/03/03,107/12/31,HM02070002,高聯醫
3502084230,信君耳鼻喉科診所,,高雄市苓雅區武廟路３０號(１樓),07 7168385,105/11/25,107/12/31,HM02070001,大同居家照護中心
3502090096,邱仲禮診所,,高雄市前鎮區鎮榮街４５號,07 8211363,105/12/29,107/12/31,HM02080002,阮綜合社區居家醫療群
3502090470,瑞隆診所,,高雄市前鎮區瑞隆路３７３號,07 7512099,105/12/29,107/12/31,HM02080002,阮綜合社區居家醫療群
3502090621,陳文宏診所,,高雄市前鎮區瑞隆路３１９號,07 7131516,105/11/25,107/12/31,HM02070001,大同居家照護中心
3502090884,瑞安診所,,高雄市前鎮區公正路２６８號,07 7616420,105/11/25,107/12/31,HM02070001,大同居家照護中心
3502090884,瑞安診所,,高雄市前鎮區公正路２６８號,07 7616420,105/12/29,107/12/31,HM02080002,阮綜合社區居家醫療群
3502098010,吉泰內科診所,,高雄市前鎮區保泰路４１９號,07 7616000,105/09/29,107/12/31,HM42010001,惠德醫院居家醫療團隊
3502098092,慶大診所,,高雄市前鎮區中華五路９９３號２樓,07 5366226,105/11/25,107/12/31,HM02070001,大同居家照護中心
3503020034,林錦芳診所,,臺中市東勢區豐勢路２８３號１樓,04 25771838,105/05/13,107/12/31,HM03070001,微笑東勢
3503020034,林錦芳診所,,臺中市東勢區豐勢路２８３號１樓,04 25771838,106/04/01,107/12/31,HM17060002,臺中榮民總醫院
3503020043,東勢潘耳鼻喉科診所,,臺中市東勢區中寧里豐勢路４９６號１樓,04 25880587,105/05/13,107/12/31,HM03070001,微笑東勢
3503020043,東勢潘耳鼻喉科診所,,臺中市東勢區中寧里豐勢路４９６號１樓,04 25880587,106/04/01,107/12/31,HM17060002,臺中榮民總醫院
3503020089,元和診所,,臺中市東勢區豐勢路３１８號１樓,04 25872113,105/10/03,107/12/31,HM36100001,心分享
3503020098,仁慈診所,,臺中市東勢區豐勢路３１８號１樓、２樓,04 25872113,106/04/21,107/12/31,HM36100001,心分享
3503050032,新活力診所,,臺中市沙鹿區中山路４９３之２號１樓,04 26622395,105/08/19,107/12/31,HM17050001,勝美醫院居家醫療照護團隊
3503050032,新活力診所,,臺中市沙鹿區中山路４９３之２號１樓,04 26622395,106/04/01,107/12/31,HM17060002,臺中榮民總醫院
3503070016,和康神經科診所,V,臺中市后里區福音路２６號１樓,04 25580782,105/05/13,107/12/31,HM03070001,微笑東勢
3503070016,和康神經科診所,,臺中市后里區福音路２６號１樓,04 25580782,106/04/18,107/12/31,HM17060002,臺中榮民總醫院
3503090018,安泰診所,,臺中市潭子區潭興路三段８５號１樓,04 25352796,106/02/17,107/12/31,HM17050001,勝美醫院居家醫療照護團隊
3503090018,安泰診所,,臺中市潭子區潭興路三段８５號１樓,04 25352796,106/04/01,107/12/31,HM17060002,臺中榮民總醫院
3503100028,黃國隆內科診所,,臺中市大雅區民興街６１號１及２樓,04 25687536,106/02/17,107/12/31,HM17050001,勝美醫院居家醫療照護團隊
3503100028,黃國隆內科診所,,臺中市大雅區民興街６１號１及２樓,04 25687536,106/04/01,107/12/31,HM17060002,臺中榮民總醫院
3503150055,英和診所,,臺中市烏日區中山路１段３６７號１樓,04 23376998,106/03/23,107/12/31,HM36100001,心分享
3503170011,全家診所,,臺中市龍井區藝術街１４２巷３號,04 26330053,106/04/01,107/12/31,HM17060002,臺中榮民總醫院
3503180017,合康診所,,臺中市霧峰區中正路８９２號１樓,04 23330268,106/04/19,107/12/31,HM03180001,慈心
3503200087,群享診所,,臺中市大里區中投西路３段２１５號１樓,04 24181155,105/06/14,107/12/31,HM36100001,心分享
3503200087,群享診所,,臺中市大里區中投西路３段２１５號１樓,04 24181155,106/04/19,107/12/31,HM03180001,慈心
3503240689,美的診所,,臺中市西區民族路３４２號１樓,04 22031915,106/04/26,107/12/31,HM17030002,西區
3503250041,德翔診所,,臺中市南區工學路４６號１樓,04 22639708,105/11/29,107/12/31,HM17040001,健康
3503250265,恆宇診所,,臺中市南區國光路２４１號１樓,04 22872877,106/03/14,107/12/31,HM17040001,健康
3503270034,漢諾威家庭醫學科診所,,臺中市西屯區何安里青海路一段１１２號１、２樓,04 23173069,105/06/14,107/12/31,HM36100001,心分享
3503270034,漢諾威家庭醫學科診所,,臺中市西屯區何安里青海路一段１１２號１、２樓,04 23173069,106/04/18,107/12/31,HM17060002,臺中榮民總醫院
3503270070,全新生活診所,,臺中市西屯區何仁里寧夏路１９９號１樓,04 23156988,106/04/26,107/12/31,HM17030002,西區
3503280512,瑞東診所,,臺中市南屯區嶺東路９１８號１樓,04 23892301,106/04/01,107/12/31,HM17060002,臺中榮民總醫院
3503280987,主悅診所,,臺中市南屯區干城街２６９號１樓,04 22540711,106/02/17,107/12/31,HM17050001,勝美醫院居家醫療照護團隊
3503290483,光馨家庭醫學科診所,,臺中市北屯區北屯路３８５之５號１樓及３８５之６號１樓,04 22343645,106/04/19,107/12/31,HM03180001,慈心
3505070032,誼仁診所,,臺南市善化區中山路３５０號１樓,06 5817237,105/10/04,107/12/31,HM21050001,部立臺南醫院居家醫療照護整合團隊
3505150026,大內高手診所,,臺南市大內區內江里內庄２６８－２號１樓,06 5761766,105/09/05,107/12/31,HM05310001,荷新整合性照護團隊
3505310013,楊寧娟內科診所,,臺南市永康區崑山里大灣路７９８巷１２號１樓,06 2721231,105/05/04,107/12/31,HM21050001,部立臺南醫院居家醫療照護整合團隊
3505310040,亮心診所,,臺南市永康區中華路６３０號１樓,06 3035160,105/05/04,107/12/31,HM21050001,部立臺南醫院居家醫療照護整合團隊
3505320064,心樂活診所,,臺南市東區凱旋路３９號１樓,06 2383636,105/05/04,107/12/31,HM21050001,部立臺南醫院居家醫療照護整合團隊
3505320368,高愛文內科專科診所,,臺南市東區東光里怡東路１５７號１、２樓,06 2353789,105/05/04,107/12/31,HM21050001,部立臺南醫院居家醫療照護整合團隊
3505330186,邵柏洲骨科診所,,臺南市南區日新里新興路４６７號１、２樓,06 2655959,105/05/04,107/12/31,HM21050001,部立臺南醫院居家醫療照護整合團隊
3505340039,康田診所,,臺南市中西區三合里成功路４４３號１樓,06 2273570,105/05/04,107/12/31,HM21050001,部立臺南醫院居家醫療照護整合團隊
3505340093,忠群診所,,臺南市中西區民生路二段４０３號１樓,06 2280808,105/10/04,107/12/31,HM21050001,部立臺南醫院居家醫療照護整合團隊
3505340280,張文瑞骨科診所,,臺南市中西區天后里西門路二段３９６號１樓,06 2227598,105/05/04,107/12/31,HM21050001,部立臺南醫院居家醫療照護整合團隊
3505340404,楊介元診所,,臺南市中西區西湖里和緯路５段１２９號１、２樓,06 3587769,105/05/04,107/12/31,HM21050001,部立臺南醫院居家醫療照護整合團隊
3505350026,陳育堂診所,,臺南市北區公園路５９９－７號１樓,06 2826006,105/10/04,107/12/31,HM21050001,部立臺南醫院居家醫療照護整合團隊
3505350142,永昌診所,,臺南市北區開元路９５號１樓,06 2374841,105/05/04,107/12/31,HM21050001,部立臺南醫院居家醫療照護整合團隊
3505350179,心悠活診所,,臺南市北區裕民里金華路五段１４號１樓,06 2236766,105/05/04,107/12/31,HM21050001,部立臺南醫院居家醫療照護整合團隊
3505350213,文元診所,,臺南市北區成德里海安路三段６８８號１樓,06 2812692,105/10/05,107/12/31,HM05310001,荷新整合性照護團隊
3505350231,維新診所,,臺南市北區成德里海安路三段５９８、６００號１、２樓,06 2520270,105/05/04,107/12/31,HM21050001,部立臺南醫院居家醫療照護整合團隊
3505350320,陳璿文診所,,臺南市北區文成里文賢路５１８號１樓,06 2803899,105/05/04,107/12/31,HM21050001,部立臺南醫院居家醫療照護整合團隊
3505380024,佳暘骨科診所,,臺南市安平區華平路５４５號１樓,06 2980099,105/05/04,107/12/31,HM21050001,部立臺南醫院居家醫療照護整合團隊
3505380079,一二三診所,,臺南市安平區慶平路５１７號１樓,06 2956611,105/05/04,107/12/31,HM21050001,部立臺南醫院居家醫療照護整合團隊
3507070030,學城診所,,高雄市大樹區學城路一段３９號,07 6577033,106/02/22,107/12/31,HM42120001,義大醫院居家醫療整合照護團隊
3507140028,阿蓮康健診所,,高雄市阿蓮區中正路３８３號,07 6317288,105/10/05,107/12/31,HM42030001,旗山區居家醫療照護團隊
3507300953,晴美自由診所,,高雄市左營區自由三路３３７號１－５樓,07 3504992,106/02/10,107/12/31,HM02080002,阮綜合社區居家醫療群
3507310271,楊宗憲診所,,高雄市楠梓區德賢路１６５號１－２樓,07 3663511,105/12/05,107/12/31,HM42030001,旗山區居家醫療照護團隊
3507320142,林正小兒科診所,,高雄市三民區覺民路６４７號１樓,07 3806183,105/07/28,107/12/31,HM02080001,國高總
3507320339,羅中廷診所,,高雄市三民區褒揚街２１８號１樓,07 3966222,106/03/14,107/12/31,HM02070002,高聯醫
3507320704,進安家庭醫學科診所,,高雄市三民區建國三路１４４號１樓,07 2862494,105/12/29,107/12/31,HM02080002,阮綜合社區居家醫療群
3507360066,祥全診所,,高雄市前鎮區一心二路８６號,07 3340393,105/07/28,107/12/31,HM02080001,國高總
3507370035,晴美旗后診所,,高雄市旗津區旗津三路９６２巷２號,07 5710522,106/02/10,107/12/31,HM02080002,阮綜合社區居家醫療群
3511010524,林承興診所,,基隆市中正區北寧路３１９號,02 24694199,105/10/26,107/12/31,HM11070002,紫薇居家醫療團隊
3511020226,紀醫師診所,,基隆市七堵區開元路８３號,02 24554195,106/03/13,107/12/31,HM11070002,紫薇居家醫療團隊
3512010288,吳憲一內科小兒科診所,,新竹市新興里西大路１３５巷１２號,03 5242351,105/06/02,999/12/31,HM12010001,國泰新竹
3512010822,邱診所,,新竹市東區振興里振興路１１２號１樓,03 5266288,105/03/30,999/12/31,HM12040001,馨友
3512010984,羅興邦家庭醫學科診所,,新竹市南大路３４４號,03 5267999,105/08/24,999/12/31,HM12040001,馨友
3512011098,清華診所,,新竹市東區建功一路６４號４樓,03 5735050,105/03/30,999/12/31,HM12040001,馨友
3512012728,啟恩小兒科診所,,新竹市東區中央路２６９號１樓,03 5317177,105/03/30,999/12/31,HM12040001,馨友
3512012728,啟恩小兒科診所,,新竹市東區中央路２６９號１樓,03 5317177,105/04/22,999/12/31,HM33030001,馨愛
3512012737,陳志宏眼科診所,,新竹市東區東門街９４號,03 5251469,105/06/02,999/12/31,HM12010001,國泰新竹
3512013010,城佑耳鼻喉科診所,,新竹市東區建中路59號一樓,03 5748329,105/03/30,999/12/31,HM12040001,馨友
3512013565,億安診所,,新竹市東區三民里民族路112號,03 5353256-41,105/03/30,999/12/31,HM12040001,馨友
3512040599,劉復國診所,,新竹市北區中山路４８號,03 5210085,105/03/30,999/12/31,HM12040001,馨友
3512040615,陳吳坤骨科診所,,新竹市北區經國路二段６號,03 5428938,105/06/02,999/12/31,HM12010001,國泰新竹
3512042137,望安診所,,新竹市北區延平路一段３８２號,03 5246779,105/03/30,999/12/31,HM12040001,馨友
3512042280,陳萬龍診所,,新竹市北區東大路二段１８０號,03 5152971,105/03/30,999/12/31,HM12040001,馨友
3512042315,實和診所,V,新竹市北區中山路29號,03 5277333,105/03/30,999/12/31,HM12040001,馨友
3512042520,陳志成耳鼻喉科診所,,新竹市北區民富里西大路619號,03 5258626,105/08/24,999/12/31,HM12040001,馨友
3512042655,祥安診所,,新竹市北區武陵路７３巷２２號１樓,03 5409178,105/03/30,999/12/31,HM12040001,馨友
3517012504,夏幸賢診所,,台中市中區民權路１５４號１樓,04 22227885,105/10/03,107/12/31,HM36100001,心分享
3517012504,夏幸賢診所,,台中市中區民權路１５４號１樓,04 22227885,106/04/19,107/12/31,HM03180001,慈心
3517020917,全威診所,,台中市東區合作里力行路４５號,04 23606146,105/08/19,107/12/31,HM17050001,勝美醫院居家醫療照護團隊
3517020917,全威診所,,台中市東區合作里力行路４５號,04 23606146,106/04/01,107/12/31,HM17060002,臺中榮民總醫院
3517022144,福仁診所,,台中市東區福仁街１４６號１．２樓,04 22110315,105/08/19,107/12/31,HM17050001,勝美醫院居家醫療照護團隊
3517022144,福仁診所,,台中市東區福仁街１４６號１．２樓,04 22110315,106/04/01,107/12/31,HM17060002,臺中榮民總醫院
3517030968,吳東洀小兒科診所,,台中市西區美村路一段３６２號一樓,04 23029672,105/08/19,107/12/31,HM17050001,勝美醫院居家醫療照護團隊
3517030968,吳東洀小兒科診所,,台中市西區美村路一段３６２號一樓,04 23029672,106/04/01,107/12/31,HM17060002,臺中榮民總醫院
3517031018,鄭煒達診所,,台中市西區公益路２１４號１樓及２樓,04 23235136,106/04/19,107/12/31,HM03180001,慈心
3517032006,施英富婦產科診所,,台中市西區公正里東興路３段２２６．２２８．２３０號１．２樓,04 23293176,106/04/26,107/12/31,HM17030002,西區
3517033245,蔡文仁診所,,台中市西區安龍里五權路２－１號,04 22201623,105/11/29,107/12/31,HM17040001,健康
3517033601,游文治精神科診所,,台中市西區中興里美村路一段二二三號一樓,04 23029995,106/04/01,107/12/31,HM17060002,臺中榮民總醫院
3517033843,美麗兒小兒科診所,,台中市西區向上路１段２４６號１樓,04 23010333,106/04/19,107/12/31,HM03180001,慈心
3517034135,康貝兒小兒科診所,,台中市西區向上路１段５５３號１樓,04 24720515,106/04/26,107/12/31,HM17030002,西區
3517034260,吳孟澤皮膚科診所,V,臺中市西區五權西四街４７號１、２樓及４９號１、２樓,04 23759268,106/04/26,107/12/31,HM17030002,西區
3517040115,羅倫檭診所,,台中市南區國光里仁和路１８５號,04 22871048,105/11/29,107/12/31,HM17040001,健康
3517040526,林恆立耳鼻喉科診所,V,台中市南區復興路３段３３９號１Ｆ,04 22200602,105/11/29,107/12/31,HM17040001,健康
3517040722,文聖診所,,台中市南區復興路一段３６８號１樓、３７０號１樓,04 22635958,105/11/29,107/12/31,HM17040001,健康
3517040900,林志鴻小兒科診所,,台中市南區永興里美村南路１９９號１樓,04 22603552,105/11/29,107/12/31,HM17040001,健康
3517051387,和興診所,,台中市北區健行路８７０-１號１樓,04 22035185,106/04/26,107/12/31,HM17080001,北屯國光居家整合照護團隊
3517051967,祥祐診所,,臺中市北區三民路三段３４８號,04 22315688,105/08/19,107/12/31,HM17050001,勝美醫院居家醫療照護團隊
3517051967,祥祐診所,,臺中市北區三民路三段３４８號,04 22315688,106/04/01,107/12/31,HM17060002,臺中榮民總醫院
3517052660,江坤燦小兒科診所,,台中市北區頂厝里進化北路１１８巷５１．５３號１樓,04 22339598,105/06/14,107/12/31,HM36100001,心分享
3517054468,和康耳鼻喉科診所,,台中市北區健行路８７０-１號１樓,04 22035185,106/04/26,107/12/31,HM17080001,北屯國光居家整合照護團隊
3517063127,佑兒診所,,台中市西屯區大墩路８８７號１樓,04 23205177,106/04/19,107/12/31,HM03180001,慈心
3517070453,蘇晉暉診所,,台中市南屯區向心路３５號,04 23832676,106/04/01,107/12/31,HM17060002,臺中榮民總醫院
3517072475,康誠診所,,台中市南屯區大墩路７０５號２樓,04 23103968,105/11/29,107/12/31,HM17040001,健康
3517080833,劉昌興小兒科診所,,台中市北屯區四民里四平路３５２號,04 24221656,105/08/19,107/12/31,HM17050001,勝美醫院居家醫療照護團隊
3517080833,劉昌興小兒科診所,,台中市北屯區四民里四平路３５２號,04 24221656,106/04/01,107/12/31,HM17060002,臺中榮民總醫院
3517080977,安安診所,,台中市北屯區北屯路２９９－４號１樓,04 22304309,105/08/12,107/12/31,HM17080001,北屯國光居家整合照護團隊
3517081885,冠達復健科診所,,台中市北屯區平田里昌平路１段１５２號．１５４號１～２樓,04 22322542,105/08/12,107/12/31,HM17080001,北屯國光居家整合照護團隊
3517083352,光仁骨外科診所,,台中市北屯區北屯路３８５之２、之３、之７號１樓及３８５號２樓,04 22341479,106/04/19,107/12/31,HM03180001,慈心
3517083558,弘光婦產科診所,V,臺中市北屯區東山路１段３０８號４樓,04 24378500,105/08/12,107/12/31,HM17080001,北屯國光居家整合照護團隊
3517083567,東山家庭醫學科診所,,台中市北屯區東山路１段３０８號１樓,04 24378500,105/08/12,107/12/31,HM17080001,北屯國光居家整合照護團隊
3517083923,元亨診所,,臺中市北屯區松竹路２段３０３號１、２樓,04 22413959,106/04/19,107/12/31,HM03180001,慈心
3521010956,呂怡璋小兒科診所,,台南市東區前鋒路４１號,06 2748014,105/10/04,107/12/31,HM21050001,部立臺南醫院居家醫療照護整合團隊
3521011024,薛澤杰復健科診所,,台南市東區東門路１段２９８號１樓Ｂ樓,06 2386150,105/05/04,107/12/31,HM21050001,部立臺南醫院居家醫療照護整合團隊
3521011051,吳美華小兒科診所,,台南市東區凱旋路４２號,06 2740172,105/05/04,107/12/31,HM21050001,部立臺南醫院居家醫療照護整合團隊
3521011097,謝明憲內科診所,,台南市東區中西里長榮路２段９３號,06 2086360,105/10/04,107/12/31,HM21050001,部立臺南醫院居家醫療照護整合團隊
3521011382,高榮志家庭醫學科診所,,台南市東區林森路二段６３號,06 2763456,105/05/04,107/12/31,HM21050001,部立臺南醫院居家醫療照護整合團隊
3521012549,華恆輝家庭醫學科診所,,台南市東區崇善路６１６號１樓,06 3358088,105/11/17,107/12/31,HM21050001,部立臺南醫院居家醫療照護整合團隊
3521012610,丁慶雄耳鼻喉科診所,,台南市東區裕農路６１３號１樓,06 2371000,105/10/04,107/12/31,HM21050001,部立臺南醫院居家醫療照護整合團隊
3521013073,活水神經內科診所,,台南市東區崇明路２０５號,06 3357513,105/10/04,107/12/31,HM21050001,部立臺南醫院居家醫療照護整合團隊
3521013546,江錫輝診所,,臺南市東區龍山里林森路１段３６３號１樓,06 2748888,105/10/04,107/12/31,HM21050001,部立臺南醫院居家醫療照護整合團隊
3521013662,璺到底皮膚專科診所,,臺南市東區德光里崇明路１５３之１號１樓,06 2882555,105/05/04,107/12/31,HM21050001,部立臺南醫院居家醫療照護整合團隊
3521013680,佳一家庭診所,,臺南市東區東光路１段１３２號１樓,06 2360513,105/05/04,107/12/31,HM21050001,部立臺南醫院居家醫療照護整合團隊
3521013760,崇幼診所,,臺南市東區崇善路３６６－２號１樓,06 2600313,105/10/04,107/12/31,HM21050001,部立臺南醫院居家醫療照護整合團隊
3521020596,林孟津小兒科診所,,台南市南區文南里建南路１１９號,06 2610883,105/10/04,107/12/31,HM21050001,部立臺南醫院居家醫療照護整合團隊
3521020747,吳南宏家庭醫學科診所,,台南市南區文南里文南路７２號１樓,06 2920800,105/11/17,107/12/31,HM21050001,部立臺南醫院居家醫療照護整合團隊
3521020827,張祐禎家庭醫學科診所,,台南市南區中華南路二段７２號,06 2920909,105/05/04,107/12/31,HM21050001,部立臺南醫院居家醫療照護整合團隊
3521030298,洪敏元耳鼻喉科診所,,台南市中西區大勇街１１１號,06 2212257,105/05/04,107/12/31,HM21050001,部立臺南醫院居家醫療照護整合團隊
3521030396,郭宗男婦產科診所,,台南市西區金華路三段１２４號,06 2295230,105/05/04,107/12/31,HM21050001,部立臺南醫院居家醫療照護整合團隊
3521030494,張富全診所,,台南市西區永華路１９８號,06 2220516,105/05/04,107/12/31,HM21050001,部立臺南醫院居家醫療照護整合團隊
3521030529,陳俊宏診所,,台南市中西區民生路二段３７０號１樓,06 2508361,105/05/04,107/12/31,HM21050001,部立臺南醫院居家醫療照護整合團隊
3521031642,永頤骨外科診所,,台南市西區民生路二段４８７號１、２樓,06 2236066,105/10/04,107/12/31,HM21050001,部立臺南醫院居家醫療照護整合團隊
3521040061,王克紹診所,,台南市北區成功路５１６號,06 2211177,105/05/26,107/12/31,HM21050001,部立臺南醫院居家醫療照護整合團隊
3521040918,信安內科診所,,台南市北區大豐里文賢路３４５號,06 2593377,105/05/04,107/12/31,HM21050001,部立臺南醫院居家醫療照護整合團隊
3521040945,張金石小兒科診所,,台南市北區公園路１９１號,06 2216855,105/04/28,107/12/31,HM05310001,荷新整合性照護團隊
3521040945,張金石小兒科診所,,台南市北區公園路１９１號,06 2216855,105/05/04,107/12/31,HM21050001,部立臺南醫院居家醫療照護整合團隊
3521041120,陳冠文內科診所,,台南市北區小東路１７１號,06 2752887,105/05/04,107/12/31,HM21050001,部立臺南醫院居家醫療照護整合團隊
3521042216,王界三小兒科診所,,台南市北區文賢路１０６８號,06 3583770,105/10/04,107/12/31,HM21050001,部立臺南醫院居家醫療照護整合團隊
3521042430,柯中文皮膚科診所,,台南市北區公園南路３５６號,06 2289333,105/05/04,107/12/31,HM21050001,部立臺南醫院居家醫療照護整合團隊
3521042609,海安小兒科診所,,台南市北區海安路３段７６１、７６１－１號１樓,06 3589696,105/10/04,107/12/31,HM21050001,部立臺南醫院居家醫療照護整合團隊
3521042805,幼之園小兒科診所,,台南市北區忠義路３段２４號１樓,06 2213434,105/05/04,107/12/31,HM21050001,部立臺南醫院居家醫療照護整合團隊
3521042841,開元骨外科診所,,台南市北區林森路３段３３８號１、２樓,06 2361566,105/05/04,107/12/31,HM21050001,部立臺南醫院居家醫療照護整合團隊
3521042878,羅信宜精神科診所,,臺南市北區長榮路四段１４１號１樓,06 2002268,105/05/04,107/12/31,HM21050001,部立臺南醫院居家醫療照護整合團隊
3521042967,鄭光傑骨外科診所,,臺南市北區北安路１段１７８號１－２樓,06 2512936,105/05/04,107/12/31,HM21050001,部立臺南醫院居家醫療照護整合團隊
3521050638,郭重德診所,,臺南市中西區民生路一段９０號,06 2262953,105/10/04,107/12/31,HM21050001,部立臺南醫院居家醫療照護整合團隊
3521051644,李明鎧診所,,台南市中區啟智里開山路９０號,06 2260303,105/05/04,107/12/31,HM21050001,部立臺南醫院居家醫療照護整合團隊
3521060385,十二佃診所,,台南市安南區海佃路四段３８８巷１０７弄２２號,06 2465658,105/10/04,107/12/31,HM21050001,部立臺南醫院居家醫療照護整合團隊
3521060714,胡文就診所,,台南市安南區安中路四段８９號,06 2456969,105/10/04,107/12/31,HM21050001,部立臺南醫院居家醫療照護整合團隊
3521062129,禎祿診所,,台南市安南區安和路５段２１５號１樓,06 3559009,105/10/04,107/12/31,HM21050001,部立臺南醫院居家醫療照護整合團隊
3521062389,魏大倫耳鼻喉科診所,,台南市安南區安和路１段３５６號１樓,06 2568119,105/06/30,107/12/31,HM05310001,荷新整合性照護團隊
3521062434,安河神經內科診所,,臺南市安南區安和路１段４０號１樓,06 2810700,105/10/04,107/12/31,HM21050001,部立臺南醫院居家醫療照護整合團隊
3521070327,穠田聯合診所,,台南市安平區永華路二段１０５９號１、２樓,06 2950808,105/05/04,107/12/31,HM21050001,部立臺南醫院居家醫療照護整合團隊
3522010343,劉耳鼻喉科診所,,嘉義市社口里民權路３２２２號,05 2786915,105/04/20,107/12/31,HM22010002,嘉基居家醫療照護整合計畫團隊
3522010398,仁和診所,,嘉義市東區吳鳳北路４２３號,05 2782762,105/04/20,107/12/31,HM22010002,嘉基居家醫療照護整合計畫團隊
3522010496,柯明裕家庭醫學科診所,,嘉義市東區吳鳳南路１１號,05 2237578,105/04/20,107/12/31,HM22010001,天主教聖馬爾定醫院居家醫療整合照護團隊
3522010692,黃銘模診所,,嘉義市東區中正路３７４號,05 2247873,105/04/20,107/12/31,HM22010002,嘉基居家醫療照護整合計畫團隊
3522010709,陳俊雄婦產科外科診所,,嘉義市東區民族路２４８號,05 2221506,105/04/20,107/12/31,HM22010001,天主教聖馬爾定醫院居家醫療整合照護團隊
3522010852,福音聯合診所,,嘉義市東區吳鳳北路３４０號,05 2782036,105/04/20,107/12/31,HM22010001,天主教聖馬爾定醫院居家醫療整合照護團隊
3522010852,福音聯合診所,,嘉義市東區吳鳳北路３４０號,05 2782036,105/04/20,107/12/31,HM22010002,嘉基居家醫療照護整合計畫團隊
3522010950,華山診所,,嘉義市東區吳鳳北路１５１號,05 2248777,105/04/20,107/12/31,HM22010002,嘉基居家醫療照護整合計畫團隊
3522011466,文山診所,,嘉義市東區府路里國華街１７１號,05 2293119,105/05/31,107/12/31,HM22010001,天主教聖馬爾定醫院居家醫療整合照護團隊
3522011617,吳長宗診所,,嘉義市東區光華路２－１號,05 2239036,105/04/20,107/12/31,HM22010001,天主教聖馬爾定醫院居家醫療整合照護團隊
3522011742,嘉恩診所,,嘉義市東區興業東路２３７號１樓、２樓,05 2288092,105/04/20,107/12/31,HM22010001,天主教聖馬爾定醫院居家醫療整合照護團隊
3522012972,長鴻診所,,嘉義市東區社口里民權路３２２號,05 2782113,105/04/20,107/12/31,HM22010002,嘉基居家醫療照護整合計畫團隊
3522013013,李培源聯合診所,,嘉義市東區東仁里中山路１７５號,05 2222075,105/05/05,107/12/31,HM22010001,天主教聖馬爾定醫院居家醫療整合照護團隊
3522013077,欣升診所,,嘉義市東區新生路６５１號１樓,05 2765538,105/04/20,107/12/31,HM22010002,嘉基居家醫療照護整合計畫團隊
3522013102,郭俊鋐診所,,嘉義市東區彌陀路２９２號、２９２－１號、２９２－２號１樓,05 2771893,105/04/20,107/12/31,HM22010001,天主教聖馬爾定醫院居家醫療整合照護團隊
3522013291,楊澍青診所,,嘉義市東區民權路１１０號１樓,05 2776001,105/04/20,107/12/31,HM22010002,嘉基居家醫療照護整合計畫團隊
3522013308,新恩診所,,嘉義市東區新生路３５７號１樓；３５９號１樓、２樓,05 2777937,105/09/01,107/12/31,HM40130001,快樂活居家醫療照護團隊
3522013497,怡康診所,,嘉義市東區林森東路４９６號,05 2770236,105/04/20,107/12/31,HM22010002,嘉基居家醫療照護整合計畫團隊
3522020134,林昭男家庭醫學科診所,,嘉義市西區民族路７１８號,05 2279558,105/05/31,107/12/31,HM22010001,天主教聖馬爾定醫院居家醫療整合照護團隊
3522020438,張文輝診所,,嘉義市西區林森西路４９０號,05 2279313,105/05/05,107/12/31,HM22010001,天主教聖馬爾定醫院居家醫療整合照護團隊
3522020607,林海南診所,,嘉義市西區康樂街１５７號,05 2273185,105/04/20,107/12/31,HM22010001,天主教聖馬爾定醫院居家醫療整合照護團隊
3522021177,弘仁診所,,嘉義市西區忠義街１０１號,05 2226119,105/04/20,107/12/31,HM22010002,嘉基居家醫療照護整合計畫團隊
3522021275,鍾易晉耳鼻喉科診所,,嘉義市西區自強里新民路７５８號１樓,05 2856506,105/04/20,107/12/31,HM22010002,嘉基居家醫療照護整合計畫團隊
3522021337,佑仁診所,,嘉義市西區福全里友愛路１９０號,05 2335906,105/04/20,107/12/31,HM22010001,天主教聖馬爾定醫院居家醫療整合照護團隊
3522021364,陳明煌診所,,嘉義市西區北興街４４２號,05 2337036,105/04/20,107/12/31,HM22010002,嘉基居家醫療照護整合計畫團隊
3522021435,黃彬診所,,嘉義市西區博愛路一段４１１之３號１樓,05 2333380,105/04/20,107/12/31,HM22010002,嘉基居家醫療照護整合計畫團隊
3522021604,曾良達診所,,嘉義市西區保安里八德路３３８號,05 2333928,105/04/20,107/12/31,HM22010001,天主教聖馬爾定醫院居家醫療整合照護團隊
3522021882,民族診所,,嘉義市西區民族路７０１號１－４樓,05 2276008,105/05/31,107/12/31,HM22010001,天主教聖馬爾定醫院居家醫療整合照護團隊
3522023144,戴昌隆皮膚科診所,,嘉義市西區博愛路二段２７７號,05 2328888,105/09/26,107/12/31,HM22010001,天主教聖馬爾定醫院居家醫療整合照護團隊
3522023224,王國哲診所,,嘉義市西區福全里博愛路二段３５９號１－２樓,05 2310550,105/04/22,107/12/31,HM22020002,中榮嘉義分院
3522023224,王國哲診所,,嘉義市西區福全里博愛路二段３５９號１－２樓,05 2310550,105/12/08,107/12/31,HM22020001,全方位居家醫療服務
3522023528,慎諭婦產科診所,,嘉義市西區民生南路１１８－７號、１１８－７號２樓,05 2253652,105/04/20,107/12/31,HM22010001,天主教聖馬爾定醫院居家醫療整合照護團隊
3522024141,陳政康診所,,嘉義市西區興業西路３６號,05 2163000,105/04/20,107/12/31,HM22010002,嘉基居家醫療照護整合計畫團隊
3522024294,六福診所,,嘉義市西區興業西路３３３號１樓,05 2853300,106/03/07,107/12/31,HM22020002,中榮嘉義分院
3531011223,樂活醫美診所,,新北市板橋區民族路８９－２號１樓,02 29519666,105/06/27,107/12/31,HM01190001,青年公園居家醫療照護團隊
3531013076,林國本耳鼻喉科診所,,新北市板橋區文聖街６號,02 22557445,105/06/27,107/12/31,HM01190001,青年公園居家醫療照護團隊
3531013423,吳宏誠小兒科診所,,新北市板橋區莊敬路１５６號,02 22502422,105/06/27,107/12/31,HM01190001,青年公園居家醫療照護團隊
3531016719,聯德診所,,新北市板橋區溪北路１３號,02 86871766,106/03/28,107/12/31,HM31060001,好鄰居
3531017083,樂福診所,,新北市板橋區三民路２段８９號,02 29560606,106/03/28,107/12/31,HM31060001,好鄰居
3531018062,莒光診所,,新北市板橋區莒光路３０號１樓,02 22527700,106/03/28,107/12/31,HM31060001,好鄰居
3531024668,集美診所,,新北市三重區集美街１７４－１號,02 29775177,106/03/28,107/12/31,HM31060001,好鄰居
3531024882,三重祥安診所,,新北市三重區三和路４段３７４號１、２樓,02 22808558,106/03/28,107/12/31,HM31060001,好鄰居
3531025254,龍華診所,,新北市三重區五華街１００號１、２樓,02 29883500,106/03/28,107/12/31,HM31060001,好鄰居
3531025389,重新診所,,新北市三重區重新路２段１５０號１、２樓,02 29765868,106/03/28,107/12/31,HM31060001,好鄰居
3531025610,健福診所,,新北市三重區溪尾街１７１、１７３號１樓,02 89851660,106/03/28,107/12/31,HM31060001,好鄰居
3531025861,益安診所,,新北市三重區正義北路１５２號１樓、２樓,02 89828775,106/03/28,107/12/31,HM31060001,好鄰居
3531033685,黎新彬診所,,新北市永和區永貞路１５號,02 32335676,106/03/30,107/12/31,HM01090001,臺北藍鵲居家醫療照護團隊
3531034244,永愛診所,,新北市永和區永平路２８２之１號１樓及２８６之１號２樓,02 29258680,106/03/30,107/12/31,HM01090001,臺北藍鵲居家醫療照護團隊
3531044535,唯安診所,,新北市中和區景新街４５５號１、２樓,02 29479165,106/03/28,107/12/31,HM31060001,好鄰居
3531045532,捷安診所,,新北市中和區中和路４５６號１樓、２樓,02 22331117,106/03/28,107/12/31,HM31060001,好鄰居
3531050104,文宏診所,,新北市新店區北新路１段１９５號１樓、１９５號２樓,02 29187308,105/11/16,107/12/31,HM11070002,紫薇居家醫療團隊
3531061278,聯安診所,V,新北市新莊區中正路３３０號１樓、３３０－１號２樓,02 29986191,106/03/28,107/12/31,HM31060001,好鄰居
3531061670,陳鼎輔診所,,新北市新莊區幸福路５９５號１樓,02 29988528,106/03/03,107/12/31,HM01090001,臺北藍鵲居家醫療照護團隊
3531061867,聯福診所,,新北市新莊區八德里民安路２３２號１、２樓,02 22014370,106/03/28,107/12/31,HM31060001,好鄰居
3531061876,新莊徐耳鼻喉科診所,,新北市新莊區中平路３７３號１樓,02 29907505,105/12/01,107/12/31,HM01190001,青年公園居家醫療照護團隊
3531063512,李復健科骨科診所,,新北市新莊區幸福路６８號,02 29989287,105/10/21,107/12/31,HM01190001,青年公園居家醫療照護團隊
3531063601,中心診所,,新北市新莊區中港路３２１號１樓,02 22765992,106/03/28,107/12/31,HM31060001,好鄰居
3531063647,幸福小兒科診所,,新北市新莊區幸福路７２９號,02 29919474,105/10/21,107/12/31,HM01190001,青年公園居家醫療照護團隊
3531065294,晉安診所,,新北市新莊區中正路７００之２４號１樓、２樓,02 29061510,106/03/28,107/12/31,HM31060001,好鄰居
3531066273,寶祥診所,,新北市新莊區中平路５３號１樓至２樓,02 29960303,106/03/28,107/12/31,HM31060001,好鄰居
3531091838,如原診所,,新北市三峽區文化路２６４－１號１樓,02 26713119,106/03/13,107/12/31,HM01190001,青年公園居家醫療照護團隊
3531111022,陳正恆小兒科診所,,新北市汐止區福德一路２２０號１樓,02 86931716,105/06/27,107/12/31,HM01190001,青年公園居家醫療照護團隊
3531112083,佳祥診所,,新北市汐止區民族三街７號１樓,02 26954806,105/06/27,107/12/31,HM01190001,青年公園居家醫療照護團隊
3531121500,合安診所,,新北市瑞芳區大埔路１０６號,02 24584247,106/03/13,107/12/31,HM11070002,紫薇居家醫療團隊
3531133171,裕安診所,,新北市土城區裕民路１３１號１樓,02 22613300,106/03/28,107/12/31,HM31060001,好鄰居
3531133386,光晶妍眼科診所,,新北市土城區明德路二段１８９號１樓,02 22742688,105/06/27,107/12/31,HM01190001,青年公園居家醫療照護團隊
3531133386,光晶妍眼科診所,,新北市土城區明德路二段１８９號１樓,02 22742688,105/08/29,107/12/31,HM01090001,臺北藍鵲居家醫療照護團隊
3531140050,杏春家醫科診所,,新北市蘆洲區中山二路３７號,02 22811906,105/11/01,107/12/31,HM01160002,仁和居家醫療照護團隊
3531140783,曉兒耳鼻喉科診所,,新北市蘆洲區中山二路１５１號,02 22888468,105/11/01,107/12/31,HM01160002,仁和居家醫療照護團隊
3531142198,詠贊聯合診所,,新北市蘆洲區中正路８５號１－４樓,02 82831555,105/06/27,107/12/31,HM01190001,青年公園居家醫療照護團隊
3531142509,民族診所,,新北市蘆洲區民族路５３號,02 82857866,106/03/28,107/12/31,HM31060001,好鄰居
3531143293,長建身心診所,,新北市蘆洲區中山一路１６５號１樓,02 28471313,105/12/15,107/12/31,HM01190001,青年公園居家醫療照護團隊
3531143435,華安診所,,新北市蘆洲區中華街４５－１號１樓,02 28481500,106/03/28,107/12/31,HM31060001,好鄰居
3531143462,德興診所,,新北市蘆洲區復興路６７號１樓,02 22855598,106/03/28,107/12/31,HM31060001,好鄰居
3531150163,成洲診所,,新北市五股區凌雲路１段７３號,02 22919463,105/10/21,107/12/31,HM01190001,青年公園居家醫療照護團隊
3532011218,李應燦診所,,桃園市桃園區中山路５２號,03 3362578,105/08/26,999/12/31,HM32010004,敏盛綜合醫院
3532011414,陸勇亮診所,,桃園市桃園區大林里桃鶯路２７３號,03 3623368,105/08/26,999/12/31,HM32010004,敏盛綜合醫院
3532012475,康瑞診所,,桃園市桃園區大有路５０４號,03 3462345,105/11/02,999/12/31,HM32010002,台北榮民總醫院桃園分院居家醫療照護團隊
3532012591,桃庚聯合診所,,桃園市桃園區中山路５９５號１至４樓,03 2205119,105/06/08,999/12/31,HM32010001,聖保祿醫院
3532012751,親子診所,,桃園市桃園區南平路１９５號１樓、２樓,03 3172319,105/09/21,999/12/31,HM32010004,敏盛綜合醫院
3532014513,范姜皮膚科診所,,桃園市桃園區經國路397號1樓、405號 1樓、2樓之1、2、3,03 3566269,105/05/06,999/12/31,HM32100001,共好居家醫療團
3532014513,范姜皮膚科診所,,桃園市桃園區經國路397號1樓、405號 1樓、2樓之1、2、3,03 3566269,106/04/03,999/12/31,HM32010004,敏盛綜合醫院
3532014773,何翊菁診所,,桃園市桃園區中埔六街１２３號,03 3551192,105/08/26,999/12/31,HM32010004,敏盛綜合醫院
3532015350,黃晉文診所,,桃園市桃園區中正路394號,03 3330000,105/06/02,999/12/31,HM32010002,台北榮民總醫院桃園分院居家醫療照護團隊
3532015731,振興診所,,桃園市桃園區中正路543號,03 3332077,105/05/09,999/12/31,HM32010001,聖保祿醫院
3532016142,正興診所,,桃園市桃園區桃鶯路452號,03 3635453,106/03/29,999/12/31,HM32010001,聖保祿醫院
3532016357,全家親子診所,,桃園市桃園區中正路605號,03 3358585,105/05/09,999/12/31,HM32010001,聖保祿醫院
3532016571,家和診所,,桃園市桃園區大業路2段13號1樓,03 3575170,105/05/09,999/12/31,HM32010001,聖保祿醫院
3532016713,大順診所,,桃園市桃園區南平路302-3號1樓,03 3167585,105/05/09,999/12/31,HM32010001,聖保祿醫院
3532017176,盛軒耳鼻喉科診所,,桃園市桃園區南平路３０２－５號１樓,03 3552345,105/08/26,999/12/31,HM32010004,敏盛綜合醫院
3532021723,黃永輝診所,,桃園市中壢區新明里中山路４５２號,03 4926750,105/09/08,999/12/31,HM32100002,壢新醫院
3532022202,中壢聯新診所,,桃園市中壢區福州路２１號１、２樓,03 4379595,105/09/08,999/12/31,HM32100002,壢新醫院
3532022275,林診所,,桃園市中壢區龍東路３５４號１、２樓,03 4659696,105/09/08,999/12/31,HM32100002,壢新醫院
3532022515,敏昌診所,,桃園市中壢區福德路３２號,03 4550348,105/09/08,999/12/31,HM32100002,壢新醫院
3532022935,林浩健診所,,桃園市中壢區中央西路二段２３１之２號,03 4925866,105/12/06,999/12/31,HM32100002,壢新醫院
3532026522,和美家醫診所,,桃園市中壢區元化路53號1樓,03 4256562,105/12/06,999/12/31,HM32100002,壢新醫院
3532026540,活力診所,,桃園市中壢區莊敬路160號1、2樓,03 2713585,105/04/26,999/12/31,HM32040002,楊梅社醫群居家醫療整合計畫團隊
3532026924,忠孝診所,,桃園市中壢區忠孝路７５號１、２樓,03 4630063,105/12/08,999/12/31,HM32010001,聖保祿醫院
3532040438,姜博文診所,V,"桃園市楊梅區永美路３３３號２樓、３３５號１樓,２樓",03 4826241,105/04/26,999/12/31,HM32040002,楊梅社醫群居家醫療整合計畫團隊
3532040460,鄭鈞源診所,,桃園市楊梅區新成路２０１之１號,03 4852306,105/09/08,999/12/31,HM32100002,壢新醫院
3532041725,羅肇煒診所,,桃園市楊梅區瑞溪路１段２７１－１號,03 4315999,105/04/26,999/12/31,HM32040001,天成醫院
3532041878,楊欣診所,,桃園市楊梅區楊新路99號,03 4782542,105/04/26,999/12/31,HM32040001,天成醫院
3532041958,佑家診所,,桃園市楊梅區瑞溪路二段１９３號１、２樓,03 4816988,105/04/26,999/12/31,HM32040001,天成醫院
3532042062,新楊梅診所,,桃園市楊梅區環東路476號1、2樓,03 4856530,105/04/26,999/12/31,HM32040001,天成醫院
3532042133,同心青山診所,,桃園市楊梅區青山五街１４號１樓,03 4962442,105/04/26,999/12/31,HM32040002,楊梅社醫群居家醫療整合計畫團隊
3532050153,杜衍甫診所,,桃園市蘆竹區五福一路７號１樓,03 3527686,105/06/02,999/12/31,HM32010002,台北榮民總醫院桃園分院居家醫療照護團隊
3532051712,朱智盟眼科診所,,桃園市蘆竹區中正路363號1F、365號1F、365號3F,03 3525677,105/08/26,999/12/31,HM32010004,敏盛綜合醫院
3532051785,晨新診所,,桃園市蘆竹區中正路３５７號一．二．三樓,03 3222232,105/06/02,999/12/31,HM32010002,台北榮民總醫院桃園分院居家醫療照護團隊
3532051801,明濟診所,,桃園市蘆竹區南山路三段２５７號,03 3248677,105/06/02,999/12/31,HM32010002,台北榮民總醫院桃園分院居家醫療照護團隊
3532052031,德信診所,,桃園市蘆竹區奉化路136號1、3樓、138號1樓,03 2220718,105/08/26,999/12/31,HM32010004,敏盛綜合醫院
3532052273,愛鄰親子診所,,桃園市蘆竹區南昌路45號1樓,03 3216784,105/11/02,999/12/31,HM32010004,敏盛綜合醫院
3532052344,南崁診所,,桃園市蘆竹區南崁路241號1樓,03 3225582,105/05/09,999/12/31,HM32010001,聖保祿醫院
3532072060,新世代診所,,桃園市龜山區文興路95號,03 3274075,105/08/26,999/12/31,HM32010004,敏盛綜合醫院
3532072088,鴻興診所,,桃園市龜山區中興路３７７號１、２樓,03 3205575,105/05/09,999/12/31,HM32010001,聖保祿醫院
3532080428,萬耳鼻喉科診所,,桃園市八德區大忠里介壽路１段９１３號,03 3635616,105/05/09,999/12/31,HM32010001,聖保祿醫院
3532082280,崇瑞耳鼻喉科診所,,桃園市八德區介壽路一段８０６號,03 3631891,105/06/08,999/12/31,HM32010001,聖保祿醫院
3532082548,廣德診所,,桃園市八德區介壽路一段942-1號,03 3623886,105/05/09,999/12/31,HM32010001,聖保祿醫院
3532101815,和愛診所,,桃園市平鎮區平東路１３４號,03 4609280,105/12/29,999/12/31,HM32100002,壢新醫院
3532102321,聯恩診所,,桃園市平鎮區中豐路南勢二段１００號１樓暨１０２號１樓,03 4395633,105/09/08,999/12/31,HM32100002,壢新醫院
3532131135,高揚威家醫科診所,,桃園市復興區澤仁里忠孝路３２號,03 3822839,105/05/06,999/12/31,HM32100001,共好居家醫療團
3533010055,謝小兒科內科診所,,新竹縣關西鎮北斗里正義路３４號,03 5872200,105/04/22,999/12/31,HM33030001,馨愛
3533010082,樹德診所,,新竹縣關西鎮北斗里中山路４２號,03 5872152,105/04/22,999/12/31,HM33030001,馨愛
3533010091,日興家庭醫學科診所,,新竹縣關西鎮中山路５０號,03 5872156,105/03/24,999/12/31,HM33030001,馨愛
3533010162,朱內科診所,,新竹縣關西鎮北斗里正義路１２０號,03 5876816,105/04/22,999/12/31,HM33030001,馨愛
3533010199,有田診所,,新竹縣關西鎮正義路１４號,03 5872307,105/04/22,999/12/31,HM33030001,馨愛
3533010206,關心眼科診所,,新竹縣關西鎮明德路４２號１樓,03 5878151,105/04/22,999/12/31,HM33030001,馨愛
3533011374,哈佛診所,,新竹縣關西鎮正義路62、64號1樓,03 5876123,105/04/22,999/12/31,HM33030001,馨愛
3533030146,羅內科小兒科診所,V,新竹縣竹東鎮商華里東寧路三段３３號,03 5969766,105/03/24,999/12/31,HM33030001,馨愛
3533030440,呂紹達內科診所,,新竹縣竹東鎮大同路１９號,03 5966228,105/04/22,999/12/31,HM33030001,馨愛
3533030584,曾政德婦產科外科診所,,新竹縣竹東鎮榮華里長春路三段６２號,03 5953776,105/03/24,999/12/31,HM33030001,馨愛
3533031689,安慎診所,,新竹縣竹東鎮長安路１１３號,03 5951011,105/03/24,999/12/31,HM33030001,馨愛
3533031910,康健診所,,新竹縣竹東鎮中豐路二段341號,03 5102916,106/03/20,999/12/31,HM33030001,馨愛
3533050184,楊診所,,新竹縣竹北市竹仁里四維街２２２號,03 5514665,105/08/24,999/12/31,HM33030001,馨愛
3533050219,協和婦產科診所,,新竹縣竹北市中正東路１９８號,03 5555887,105/03/24,999/12/31,HM33030001,馨愛
3533050273,彭福麒小兒科診所,,新竹縣竹北市博愛街３７６號,03 5510032,105/03/24,999/12/31,HM33030001,馨愛
3533050380,曾文智診所,,新竹縣竹北市中正西路３１號,03 5553549,105/08/24,999/12/31,HM33030001,馨愛
3533051547,傅仁良小兒科診所,,新竹縣竹北市博愛街１７２號,03 5530106,105/08/24,999/12/31,HM33030001,馨愛
3533051627,劉信志診所,,新竹縣竹北市太康村光明一路二四二號,03 5586518,106/01/06,999/12/31,HM12010001,國泰新竹
3533051743,曾文怡診所,,新竹縣竹北市中正西路31號1樓,03 5553549,105/08/24,999/12/31,HM33030001,馨愛
3533051841,杏安診所,,新竹縣竹北市鳳崗路3段223號,03 5560889,105/08/24,999/12/31,HM33030001,馨愛
3533052240,王伯堅診所,,新竹縣竹北市光明一路１７０號１－２樓,03 5588638,105/04/22,999/12/31,HM33030001,馨愛
3533052384,日康診所,,新竹縣竹北市自強南路１７９號１樓,03 6685663,105/04/22,999/12/31,HM33030001,馨愛
3533061623,勝利診所,,新竹縣湖口鄉中興村中興二巷１－５號１樓,03 5986960,105/04/22,999/12/31,HM33030001,馨愛
3533081563,林鴻欣皮膚科診所,,新竹縣新豐鄉建興路一段146之1號1樓,03 5590231,105/03/24,999/12/31,HM33030001,馨愛
3533090044,平安診所,,新竹縣穹林鄉文衡街４４２號,03 5921678,105/08/24,999/12/31,HM33030001,馨愛
3533131031,彭國楨診所,,新竹縣尖石鄉嘉樂村二鄰麥樹仁９號,03 5841335,105/04/22,999/12/31,HM33030001,馨愛
3534010166,林內兒科診所,,宜蘭縣宜蘭市聖後街１７３號,03 9322080,106/02/06,107/12/31,HM34010001,陽大居家醫療照護團隊
3534010326,明仁眼科診所,,宜蘭縣宜蘭市中山路２段２３１號,03 9330303,106/01/01,107/12/31,HM34070001,臺北榮民總醫院員山分院團隊
3534010326,明仁眼科診所,,宜蘭縣宜蘭市中山路２段２３１號,03 9330303,106/02/06,107/12/31,HM34010001,陽大居家醫療照護團隊
3534010433,譚國勇婦產科診所,,宜蘭縣宜蘭市中山路３段１４３號１樓,03 9366797,106/02/06,107/12/31,HM34010001,陽大居家醫療照護團隊
3534010522,曹天德診所,,宜蘭縣宜蘭市舊城東路３－１號,03 9353267,106/02/06,107/12/31,HM34010001,陽大居家醫療照護團隊
3534010657,林耳鼻喉科診所,,宜蘭縣宜蘭市中山路３段２３３號,03 9311234,106/01/01,107/12/31,HM34070001,臺北榮民總醫院員山分院團隊
3534010657,林耳鼻喉科診所,,宜蘭縣宜蘭市中山路３段２３３號,03 9311234,106/02/06,107/12/31,HM34010001,陽大居家醫療照護團隊
3534010773,潘仁進診所,,宜蘭縣宜蘭市中山路２段６１號１樓,03 9313808,105/09/20,107/12/31,HM34010001,陽大居家醫療照護團隊
3534011789,和信診所,,宜蘭縣宜蘭市和睦路團管區巷１７號１樓,03 9313505,106/01/01,107/12/31,HM34070001,臺北榮民總醫院員山分院團隊
3534011789,和信診所,,宜蘭縣宜蘭市和睦路團管區巷１７號１樓,03 9313505,106/02/06,107/12/31,HM34010001,陽大居家醫療照護團隊
3534012008,建成骨外科診所,,宜蘭縣宜蘭市復興路６６號,03 9325737,106/01/01,107/12/31,HM34070001,臺北榮民總醫院員山分院團隊
3534012008,建成骨外科診所,,宜蘭縣宜蘭市復興路６６號,03 9325737,106/02/06,107/12/31,HM34010001,陽大居家醫療照護團隊
3534012053,厚生診所,,宜蘭縣宜蘭市復興路３２號,03 9358611,105/09/20,107/12/31,HM34010001,陽大居家醫療照護團隊
3534012062,開蘭安心診所,,宜蘭縣宜蘭市神農路１段９５號１、２樓９７號１樓,03 9311230,105/09/20,107/12/31,HM34010001,陽大居家醫療照護團隊
3534012099,許明哲耳鼻喉科診所,,宜蘭縣宜蘭市中山路２段３０８號１樓,03 9321168,105/09/20,107/12/31,HM34010001,陽大居家醫療照護團隊
3534040084,仁宏診所,,宜蘭縣頭城鎮纘祥路７９－２號,03 9776568,106/02/06,107/12/31,HM34010001,陽大居家醫療照護團隊
3534040093,博生診所,,宜蘭縣頭城鎮城東里中庸路２３號,03 9778985,106/02/06,107/12/31,HM34010001,陽大居家醫療照護團隊
3534040100,頭城診所,,宜蘭縣頭城鎮城西里開蘭路５０號,03 9777107,106/02/06,107/12/31,HM34010001,陽大居家醫療照護團隊
3534040119,照仁診所,,宜蘭縣頭城鎮吉祥路８８巷２７號,03 9775101,106/02/06,107/12/31,HM34010001,陽大居家醫療照護團隊
3534040146,杏林診所,,宜蘭縣頭城鎮新興路１７號,03 9771486,106/02/06,107/12/31,HM34010001,陽大居家醫療照護團隊
3534051274,安信診所,,宜蘭縣礁溪鄉中山路１段２３０號１樓,03 9888001,106/01/01,107/12/31,HM34070001,臺北榮民總醫院員山分院團隊
3534051274,安信診所,,宜蘭縣礁溪鄉中山路１段２３０號１樓,03 9888001,106/02/06,107/12/31,HM34010001,陽大居家醫療照護團隊
3534060059,陳登賢診所,,宜蘭縣壯圍鄉壯濱路３段３８５號,03 9305029,105/09/20,107/12/31,HM34010001,陽大居家醫療照護團隊
3534071123,信望愛診所,,宜蘭縣員山鄉復興路６號,03 9221550,105/09/20,107/12/31,HM34010001,陽大居家醫療照護團隊
3535010517,楊宏源診所,,苗栗縣苗栗市青苗里至公路２８號,037352120,106/03/22,999/12/31,HM35010002,大千
3535012011,天恩診所,V,苗栗縣苗栗市中正路３９號１樓及４１號１－２樓,037277295,105/05/23,999/12/31,HM35010001,心苗栗
3535012048,楊國君診所,,苗栗縣苗栗市中山路１７９號１樓,037330397,105/11/09,999/12/31,HM35010001,心苗栗
3535012066,趙耳鼻喉科診所,,苗栗縣苗栗市至公路19號1樓,037326370,105/05/23,999/12/31,HM35010001,心苗栗
3535020120,王內科精神科診所,,苗栗縣苑裡鎮苑南里中山路１４８號,037862888,105/07/04,999/12/31,HM35010001,心苗栗
3535021396,良宜診所,,苗栗縣苑裡鎮建國路106號1樓,037860937,105/05/23,999/12/31,HM35010001,心苗栗
3535030288,宜佑診所,,苗栗縣通霄鎮通西里中興路４９號,037757307,105/05/23,999/12/31,HM35010001,心苗栗
3535040293,黃正昇診所,,苗栗縣竹南鎮竹南里光復路６８號,037466735,105/11/11,999/12/31,HM35050002,心風采
3535040319,吳診所,,苗栗縣竹南鎮正南里民治街９－１號,037474164,105/05/23,999/12/31,HM35050002,心風采
3535041638,宏安診所,,苗栗縣竹南鎮自強街38號1樓,037466689,105/05/23,999/12/31,HM35050002,心風采
3535050191,陳晟康眼科診所,V,苗栗縣頭份市民族里中華路９９９號,037680888,105/05/23,999/12/31,HM35050002,心風采
3535060080,陳內科診所,,苗栗縣後龍鎮中龍里中正路２９號,037724265,105/05/23,999/12/31,HM35010001,心苗栗
3535071270,卓蘭鎮農會附設農民診所,,苗栗縣卓蘭鎮中街里中正路145號,04 25894711,105/05/23,999/12/31,HM35010001,心苗栗
3535090060,張仲達診所,,苗栗縣公館鄉館東村大同路１２８號,037220357,105/05/23,999/12/31,HM35010001,心苗栗
3535091227,家正診所,,苗栗縣公館鄉通明街６８號１樓,03 7220885,105/05/23,999/12/31,HM35010001,心苗栗
3535101095,平安診所,,苗栗縣銅鑼鄉中正路１５０號,037987645,106/03/01,999/12/31,HM35010002,大千
3535121104,大仁診所,,苗栗縣頭屋鄉尖豐路78號,037251365,105/07/04,999/12/31,HM35010001,心苗栗
3535131253,慈健診所,,苗栗縣三義鄉廣盛村７鄰復興路４６─１號１樓,037878705,105/05/23,999/12/31,HM35010001,心苗栗
3535141053,三湖診所,,苗栗縣西湖鄉店仔街42號1樓,037921218,105/05/23,999/12/31,HM35010001,心苗栗
3535151139,大坪診所,,苗栗縣造橋鄉大西村8鄰尖豐路93號1樓,037542553,105/05/23,999/12/31,HM35010001,心苗栗
3536010351,蘇內兒科診所,V,台中市豐原區中山里府前街３８號,04 25266788,105/06/22,107/12/31,HM36010001,馨豐
3536010799,重仁骨科診所,V,台中市豐原區頂街里中山路４８７號,04 25237075,105/06/14,107/12/31,HM36100001,心分享
3536012917,成功診所,,台中市豐原區成功路２６５號１樓,04 25250073,105/06/22,107/12/31,HM36010001,馨豐
3536012935,唐偉峰復健科診所,,台中市豐原區西勢里中山路３７１號,04 25297228,105/06/22,107/12/31,HM36010001,馨豐
3536020295,梁外科診所,,台中市東勢區北興里豐勢路６１１１號,04 25872053,106/04/01,107/12/31,HM17060002,臺中榮民總醫院
3536020339,維恩耳鼻喉科診所,,台中市東勢區南平里豐勢路３７２號、３７４號,04 25885413,105/05/13,107/12/31,HM03070001,微笑東勢
3536020339,維恩耳鼻喉科診所,,台中市東勢區南平里豐勢路３７２號、３７４號,04 25885413,106/04/01,107/12/31,HM17060002,臺中榮民總醫院
3536031725,仁禾診所,,台中市大甲區中山路一段８５９號１．２樓及８６１號１．２樓,04 26888106,106/03/09,107/12/31,HM36010001,馨豐
3536070240,佳音診所,,臺中市后里區甲后路一段４００號１樓,04 25573268,105/09/02,107/12/31,HM36100001,心分享
3536071381,吉泰診所,,臺中市后里區甲后路一段１６５號１樓、１６７號１樓,04 25585980,106/03/23,107/12/31,HM36100001,心分享
3536071407,厚生診所,,臺中市后里區三豐路三段１０９０號１樓,04 25567201,105/06/22,107/12/31,HM36010001,馨豐
3536071425,后里維恩耳鼻喉科診所,,台中市后里區甲后路１段４８０號１樓,04 25586608,105/06/22,107/12/31,HM36010001,馨豐
3536081314,林政益小兒科診所,,台中市神岡區岸裡里中山路３３號,04 25152765,106/04/01,107/12/31,HM17060002,臺中榮民總醫院
3536091712,佳佑診所,,台中市潭子區勝利路３１９號１樓,04 25336888,105/06/14,107/12/31,HM36100001,心分享
3536100270,宗澤診所,,台中市大雅區文雅里中山北路４９２號,04 25683943,105/08/19,107/12/31,HM17050001,勝美醫院居家醫療照護團隊
3536100270,宗澤診所,,台中市大雅區文雅里中山北路４９２號,04 25683943,106/04/01,107/12/31,HM17060002,臺中榮民總醫院
3536100341,李明慧婦產科診所,,台中市大雅區中清路三段１１８９號,04 25677957,106/04/01,107/12/31,HM17060002,臺中榮民總醫院
3536100449,長安診所,,台中市大雅區大雅里民興街５７號１，２，３樓,04 25609988,106/04/01,107/12/31,HM17060002,臺中榮民總醫院
3536101517,宏明眼科診所,,臺中市大雅區中清東路１０４號１，２樓,04 25668672,106/04/01,107/12/31,HM17060002,臺中榮民總醫院
3536101526,楊得銘皮膚科診所,,臺中市大雅區雅環路二段３１８號１及２樓,04 25653075,106/02/17,107/12/31,HM17050001,勝美醫院居家醫療照護團隊
3536101526,楊得銘皮膚科診所,,臺中市大雅區雅環路二段３１８號１及２樓,04 25653075,106/04/01,107/12/31,HM17060002,臺中榮民總醫院
3536111184,林新診所,,台中市新社區興社街４段７３號之１號,04 25811266,106/04/01,107/12/31,HM17060002,臺中榮民總醫院
3536150243,藍毅生診所,,台中市烏日區中山路１段３４９號,04 23368180,105/09/02,107/12/31,HM36100001,心分享
3536160141,小林診所,,台中市大肚區頂街里沙田路二段７２３號,04 26998489,106/03/23,107/12/31,HM36100001,心分享
3536161326,欣民診所,,台中市大肚區沙田路２段６２５號１樓,04 26993299,106/03/23,107/12/31,HM36100001,心分享
3536171475,魏嘉慶家庭醫學科診所,,台中市龍井區藝術街１４２巷１號,04 26330053,106/04/01,107/12/31,HM17060002,臺中榮民總醫院
3536180107,蔡振生眼科診所,,台中市霧峰區甲寅里中正路１１０６號,04 23399538,106/04/19,107/12/31,HM03180001,慈心
3536180134,楊繼雄內科診所,,台中市霧峰區大同路１號,04 23393135,106/04/19,107/12/31,HM03180001,慈心
3536180198,莊永安診所,,台中市霧峰區萊園路１５６號,04 23390347,106/04/19,107/12/31,HM03180001,慈心
3536180269,陳儀崇診所,,台中市霧峰區萊園路６之１號,04 23391349,106/04/19,107/12/31,HM03180001,慈心
3536180376,劉暄峰小兒科診所,,台中市霧峰區甲寅里中正路１１４１號,04 23332418,106/03/06,107/12/31,HM38030001,馨福
3536181444,仁美婦產科診所,,台中市霧峰區甲寅里中正路１０６２號,04 23335105,106/03/06,107/12/31,HM38030001,馨福
3536181480,天仁小兒科診所,,台中市霧峰區中正路９６７號１樓、９６９號１樓,04 23336678,106/04/19,107/12/31,HM03180001,慈心
3536181551,溫鴻耳鼻喉科診所,,台中市霧峰區中正路８７２號１樓,04 23303839,106/04/19,107/12/31,HM03180001,慈心
3536190701,李正智診所,,台中市太平區中平里太平路２３２號,04 22784900,106/04/19,107/12/31,HM03180001,慈心
3536190952,文貴旺診所,,台中市太平區太平路３２６號１樓,04 22794321,106/03/23,107/12/31,HM36100001,心分享
3536192250,德祐診所,,台中市太平區興隆里光興路１０７６號,04 22730849,105/08/19,107/12/31,HM17050001,勝美醫院居家醫療照護團隊
3536192250,德祐診所,,台中市太平區興隆里光興路１０７６號,04 22730849,106/04/01,107/12/31,HM17060002,臺中榮民總醫院
3536201094,大欣診所,,台中市大里區新興路１５號,04 24069660,106/03/23,107/12/31,HM36100001,心分享
3536202715,和信診所,,台中市大里區德芳路一段６３號３樓,04 24830848,106/03/23,107/12/31,HM36100001,心分享
3536202804,台安診所,,台中市大里區甲堤南路１１２號,04 22754666,106/03/23,107/12/31,HM36100001,心分享
3537010122,李伯儀外婦科診所,,彰化縣彰化市興北里長壽街１７０號,04 7222066,105/05/17,107/12/31,HM37010001,幸福彰化
3537010373,林沙滿診所,,彰化縣彰化市信義里民生路３３３號,04 7228786,105/05/17,107/12/31,HM37010001,幸福彰化
3537011030,吉原診所,,彰化縣彰化市平和里中華西路２６６號,04 7627522,106/03/31,107/12/31,HM37010004,彰聯居家醫療整合照護團隊
3537011352,林？旻診所,,彰化縣彰化市信義里長壽街１６９號,04 7271498,105/05/17,107/12/31,HM37010001,幸福彰化
3537011487,陳奇男診所,V,彰化縣彰化市興北里三民路２１７號,04 7286671,105/05/27,107/12/31,HM37010002,馨樂
3537011736,浩恩耳鼻喉科診所,,彰化縣彰化市中正里中正路一段３２６號,04 7289643,105/05/27,107/12/31,HM37010002,馨樂
3537011745,陽光小兒科診所,,彰化縣彰化市大竹里彰南路二段２１９號,04 7320210,105/06/30,107/12/31,HM37010003,全家
3537011816,紀旭聯診所,,彰化縣彰化市中正路２段４７１號,04 7277699,105/05/17,107/12/31,HM37010001,幸福彰化
3537013150,陳祖傑耳鼻喉科診所,,彰化縣彰化市大竹里彰南路２段１８７號及三竹路４０巷２２號,04 7375935,105/05/27,107/12/31,HM37010002,馨樂
3537013847,安怡診所,,彰化縣彰化市成功里中山路２段５５號及５５之１號,04 7232389,106/03/31,107/12/31,HM37010004,彰聯居家醫療整合照護團隊
3537021652,頂安診所,,彰化縣鹿港鎮鹿和路３段６２２巷５號、６號,04 7722989,105/04/07,107/12/31,HM37200001,二水衛生所
3537030071,永吉外科診所,,彰化縣和美鎮和北里彰美路六段６４號,04 7555875,106/03/31,107/12/31,HM37010004,彰聯居家醫療整合照護團隊
3537030099,蕭國隆小兒科診所,,彰化縣和美鎮和東里彰美路五段２５５號,04 7553021,105/05/27,107/12/31,HM37030001,馨美
3537030151,曾思遠診所,,彰化縣和美鎮和西里和線路８５號,04 7555423,105/05/27,107/12/31,HM37030001,馨美
3537030160,謝錫炎診所,,彰化縣和美鎮和西里和線路４７號,04 7555536,105/06/30,107/12/31,HM37010003,全家
3537030231,曾榮昌診所,V,彰化縣和美鎮和北里彰美路六段２６號,04 7559151,105/05/27,107/12/31,HM37030001,馨美
3537030295,吳祥富內科復健科診所,,彰化縣和美鎮彰美路５段215號1-2樓217號1-2樓213號1-2樓219號1樓,04 7563430,105/05/27,107/12/31,HM37030001,馨美
3537030357,庚新診所,,彰化縣和美鎮糖友里糖友一街８２號１樓及８６號１樓,04 7367095,105/06/30,107/12/31,HM37010003,全家
3537031434,和生婦產科診所,,彰化縣和美鎮和西里彰美路六段１４３號,04 7567178,105/05/27,107/12/31,HM37030001,馨美
3537031569,順平診所,,彰化縣和美鎮和東里彰美路５段２７６號１樓,04 7555407,105/05/27,107/12/31,HM37030001,馨美
3537031596,文棟耳鼻喉科診所,,彰化縣和美鎮和東里彰美路５段２９５號,04 7552266,105/05/27,107/12/31,HM37030001,馨美
3537041252,幼恩小兒科診所,,彰化縣北斗鎮新政里中華路２４５號,04 8781819,105/06/29,107/12/31,HM37050002,員滿
3537041323,恩幼小兒科診所,,彰化縣北斗鎮中華路２４５號,04 8781819,105/06/29,107/12/31,HM37050002,員滿
3537050260,陳內小兒科診所,,彰化縣員林市中正里三民街４０－３號,04 8321635,105/06/29,107/12/31,HM37050002,員滿
3537050402,忠杰婦產科診所,V,彰化縣員林市萬年里員水路二段４３９號,04 8331929,105/06/29,107/12/31,HM37050002,員滿
3537050546,潘耳鼻喉科診所,,彰化縣員林市民生里中正路２２６號,04 8347798,105/12/09,107/12/31,HM37050002,員滿
3537050788,茂仁眼科診所,,彰化縣員林市中正里三民東街４５號,04 8322755,105/10/06,107/12/31,HM37150001,員林郭醫院附設護理之家
3537050859,蕭□森診所,,彰化縣員林市三條里三民東街２８２號,04 8357998,105/10/06,107/12/31,HM37150001,員林郭醫院附設護理之家
3537052175,蕭火炩婦產科診所,,彰化縣員林市惠來里南昌路１２８號１～２樓,04 8356111,105/06/29,107/12/31,HM37050002,員滿
3537052504,高杏診所,,彰化縣員林市中正路２２６號,04 8347798,105/12/20,107/12/31,HM37050002,員滿
3537052737,彰恩耳鼻喉科診所,,彰化縣員林市忠孝里員水路２段３５６號１樓及３５８號１樓,04 8366607,105/06/29,107/12/31,HM37050002,員滿
3537052844,大郭診所,,彰化縣員林市振興里山腳路二段７４號１、２樓,04 8361332,105/12/09,107/12/31,HM37050002,員滿
3537052899,億律診所,,彰化縣員林市惠來里南昌路９８號１樓,04 8393992,106/03/07,107/12/31,HM37050002,員滿
3537060113,巫世雄外科診所,,彰化縣溪湖鎮平和里彰水路３段２１２號,04 8852859,105/05/27,107/12/31,HM37060001,馨滿
3537061521,陳偉仁診所,,彰化縣溪湖鎮平和里員鹿路３段６９號及７１號,04 8820399,105/05/27,107/12/31,HM37060001,馨滿
3537061530,南恩內科診所,V,彰化縣溪湖鎮湖東里大溪路２段３４６號１、２樓,04 8827009,105/05/27,107/12/31,HM37060001,馨滿
3537080240,洪國強小兒科診所,V,彰化縣二林鎮南光里大成路一段２４９號,04 8966977,105/06/29,107/12/31,HM37080001,健康二林
3537081292,陳嘉惠診所,,彰化縣二林鎮南光里大成路１段３０６號,04 8960247,105/06/29,107/12/31,HM37080001,健康二林
3537081309,龍德診所,,彰化縣二林鎮豐田里斗苑路４段５９７．５９９號,04 8956808,106/02/15,107/12/31,HM37080001,健康二林
3537090031,聖光診所,,彰化縣線西鄉寓埔村中華路５４號１樓,04 7587425,105/12/22,107/12/31,HM37010001,幸福彰化
3537100087,許權傑診所,,彰化縣伸港鄉新港村忠孝路９．１１號,04 7995100,105/05/27,107/12/31,HM37030001,馨美
3537111142,慶安診所,,彰化縣福興鄉廈粘村沿海路３段２０４號１樓,04 7704276,105/05/27,107/12/31,HM37060001,馨滿
3537141293,社口診所,,彰化縣芬園鄉彰南路４段２０１號,0492512723,105/07/11,107/12/31,HM38030001,馨福
3537150078,黃建成診所,,彰化縣大村鄉大村村茄苳路一段２３５號,04 8524074,106/03/31,107/12/31,HM37010004,彰聯居家醫療整合照護團隊
3537151093,萬來診所,,彰化縣大村鄉福興村山腳路８０之８號,04 8534585,106/03/31,107/12/31,HM37010004,彰聯居家醫療整合照護團隊
3537151119,五行診所,,彰化縣大村鄉黃厝村１２鄰山腳路２－２７號１樓,04 8527603,105/04/07,107/12/31,HM37200001,二水衛生所
3537151119,五行診所,,彰化縣大村鄉黃厝村１２鄰山腳路２－２７號１樓,04 8527603,106/03/31,107/12/31,HM37010004,彰聯居家醫療整合照護團隊
3537181199,瑚璉診所,,彰化縣永靖鄉永西村瑚璉路２４３號,04 8226566,106/03/31,107/12/31,HM37010004,彰聯居家醫療整合照護團隊
3537220011,光明診所,,彰化縣埤頭鄉合興村斗苑西路４２６號,04 8924696,105/05/27,107/12/31,HM37060001,馨滿
3537221134,陳嘉烈診所,,彰化縣埤頭鄉合興村斗苑西路１５６號,04 8920222,105/05/27,107/12/31,HM37060001,馨滿
3537231283,正宜診所,V,彰化縣芳苑鄉福榮村上林路路上段５２１號,04 8981275,105/08/12,107/12/31,HM37230001,南彰化
3538010144,中心診所,,南投縣南投市仁和里彰南路二段５０號,0492222470,105/06/13,107/12/31,HM38010001,衛生福利部南投醫院
3538010304,許內兒科診所,,南投縣南投市民族路２８０號,0492221892,105/06/13,107/12/31,HM38010001,衛生福利部南投醫院
3538010484,曾俊傑診所,,南投縣南投市大同街１巷２號,0492223875,105/06/13,107/12/31,HM38010001,衛生福利部南投醫院
3538010528,亞中診所,,南投市復興路３０７號,0492227374,105/06/13,107/12/31,HM38010001,衛生福利部南投醫院
3538010555,詹建盛診所,,南投縣南投市南陽路475號,0492243055,105/06/13,107/12/31,HM38010001,衛生福利部南投醫院
3538010662,梁力仁診所,,南投縣南投市漳和里彰南路２段４００號１樓,0492202155,105/06/13,107/12/31,HM38010001,衛生福利部南投醫院
3538011678,義德診所,,南投縣南投市南投里彰南路二段１５號,0492222088,106/02/21,107/12/31,HM38010001,衛生福利部南投醫院
3538011712,馨生婦產科診所,,南投縣南投市 中山街１４巷１３號１.２.３.５樓，１５號１-２樓,0492206626,105/12/09,107/12/31,HM38010001,衛生福利部南投醫院
3538011758,淵源診所,,南投縣南投市民族路３００號,0492222171,105/06/13,107/12/31,HM38010001,衛生福利部南投醫院
3538022608,福樂診所,,南投縣埔里鎮和平東路４１３號,0492900977,105/06/13,107/12/31,HM38010001,衛生福利部南投醫院
3538030048,滄浪診所,,南投縣草屯鎮中山街２４２號,0492333420,105/07/11,107/12/31,HM38030001,馨福
3538030075,王外科診所,,南投縣草屯鎮中山里太平路二段２３１號,0492326706,105/06/13,107/12/31,HM38010001,衛生福利部南投醫院
3538030100,莊診所,,南投縣草屯鎮和平里中山街１１６號,0492333387,105/06/13,107/12/31,HM38010001,衛生福利部南投醫院
3538030459,邱哲煌皮膚科診所,,南投縣草屯鎮中正路７７１號,0492322897,105/07/11,107/12/31,HM38030001,馨福
3538030520,育英診所,,南投縣草屯鎮和平里和興三街２４號,0492367696,105/06/13,107/12/31,HM38010001,衛生福利部南投醫院
3538030593,泰安婦產科診所,,南投縣草屯鎮炎峰村中正路６０８號,0492333168,105/06/13,107/12/31,HM38010001,衛生福利部南投醫院
3538030851,錦林診所,,南投縣草屯鎮新厝里虎山路７３６號,0492357509,105/07/11,107/12/31,HM38030001,馨福
3538030860,仁民診所,,南投縣草屯鎮山腳里虎山路１２６號,0492370526,105/07/11,107/12/31,HM38030001,馨福
3538030904,寶仁復健科診所,,南投縣草屯鎮草溪路９９３號１至２樓,0492304666,105/07/11,107/12/31,HM38030001,馨福
3538030968,蔡文雄診所,,南投縣草屯鎮富寮里富昌路２-１號,0492569085,105/06/22,107/12/31,HM36010001,馨豐
3538030968,蔡文雄診所,V,南投縣草屯鎮富寮里富昌路２-１號,0492569085,105/07/11,107/12/31,HM38030001,馨福
3538031081,謝立中聯合診所,,南投縣草屯鎮碧山南路１３號,0492301010,105/07/11,107/12/31,HM38030001,馨福
3538033067,為國眼科診所,,南投縣草屯鎮草溪路９７８號１－２樓,0492320190,105/07/11,107/12/31,HM38030001,馨福
3538033076,聖安診所,,南投縣草屯鎮中正路７６１號１樓,0492311139,105/06/13,107/12/31,HM38010001,衛生福利部南投醫院
3538033094,品康耳鼻喉科診所,,南投縣草屯鎮和平里育英街２００號,0492333100,105/07/11,107/12/31,HM38030001,馨福
3538033147,德欣診所,,南投縣草屯鎮太平路一段３２３號２樓,0492390335,106/03/28,107/12/31,HM03190002,長安醫院居家醫療照護團隊
3538041434,謝明哲診所,,南投縣竹山鎮集山路三段８１６之２號,0492660583,105/07/21,107/12/31,HM38040001,竹山秀傳醫院
3538061329,玄祐診所,,南投縣名間鄉南雅村南雅街１１３號,0492730988,105/06/13,107/12/31,HM38010001,衛生福利部南投醫院
3538070033,陳首志診所,,南投縣鹿谷鄉彰雅村中正路一段３２４號,0492751753,105/06/13,107/12/31,HM38010001,衛生福利部南投醫院
3538070060,鹿谷鄉農民診所,,南投縣鹿谷鄉廣興村光復路１８８號１樓,0492753995,105/06/13,107/12/31,HM38010001,衛生福利部南投醫院
3538101408,永隆診所,,南投縣國姓鄉北山村南港路３０３號１樓,0492452506,105/06/13,107/12/31,HM38010001,衛生福利部南投醫院
3538111422,博愛診所,,南投縣水里鄉民生路１２６號,0492871555,105/06/13,107/12/31,HM38010001,衛生福利部南投醫院
3539011029,葉雲宇復健科診所,,雲林縣斗六市忠孝里大同路１２２號,05 5328708,105/08/01,107/12/31,HM39010001,國立臺灣大學醫學院附設醫院雲林分院團隊
3539012526,永安診所,,雲林縣斗六市中華路４６８號,05 5376998,105/07/18,107/12/31,HM39060001,中醫北港居家醫療整合團隊
3539020206,劉泰成聯合診所,,雲林縣斗南鎮東仁里中山路１２號,05 5964566,105/08/01,107/12/31,HM39010001,國立臺灣大學醫學院附設醫院雲林分院團隊
3539021543,石龜溪診所,,雲林縣斗南鎮石龜里中和路５０號,05 5979438,106/02/08,107/12/31,HM40030001,大林慈濟居家醫療照護整合計畫團隊
3539030355,廖小兒科診所,,雲林縣虎尾鎮東仁里信義路５６號,05 6339566,105/03/25,107/12/31,HM39030001,若瑟居家醫療照護團隊
3539032046,腎安診所,,雲林縣虎尾鎮光復路３６０號,05 6330126,105/08/01,107/12/31,HM39010001,國立臺灣大學醫學院附設醫院雲林分院團隊
3539040182,杏泰診所,,雲林縣西螺鎮中和里中山路４８號,05 5874159,105/08/01,107/12/31,HM39010001,國立臺灣大學醫學院附設醫院雲林分院團隊
3539040217,長榮診所,,雲林縣西螺鎮正興里建興路１４８號,05 5876222,105/03/25,107/12/31,HM39030001,若瑟居家醫療照護團隊
3539041492,林志益診所,,雲林縣西螺鎮吳厝里吳厝路２７－１１號,05 5880515,105/07/18,107/12/31,HM39060001,中醫北港居家醫療整合團隊
3539051390,土庫台全診所,,雲林縣土庫鎮順天里中正路１１０號,05 6629666,105/03/25,107/12/31,HM39030001,若瑟居家醫療照護團隊
3539070064,安泰家庭醫學科診所,,雲林縣古坑鄉古坑村中山路８１號,05 5822020,105/08/01,107/12/31,HM39010001,國立臺灣大學醫學院附設醫院雲林分院團隊
3539070171,林炳煌家庭醫學科診所,,雲林縣古坑鄉朝陽村中山路２３４號,05 5827493,105/08/01,107/12/31,HM39010001,國立臺灣大學醫學院附設醫院雲林分院團隊
3539100076,禾安診所,,雲林縣林內鄉重興村１４６－９號,05 5895838,105/08/01,107/12/31,HM39010001,國立臺灣大學醫學院附設醫院雲林分院團隊
3539111426,二崙台全診所,,雲林縣二崙鄉崙西村中山路１１９號,05 5981111,105/03/25,107/12/31,HM39030001,若瑟居家醫療照護團隊
3539120201,聖仁診所,,雲林縣崙背鄉南陽村中山路１８７號,05 6969639,105/03/25,107/12/31,HM39030001,若瑟居家醫療照護團隊
3539131866,陳皇霖診所,,雲林縣麥寮鄉中山路１０８－２號,05 6936386,105/03/25,107/12/31,HM39030001,若瑟居家醫療照護團隊
3539140187,陳銘森診所,,雲林縣東勢鄉東南村東勢西路６０號,05 6992686,105/03/25,107/12/31,HM39030001,若瑟居家醫療照護團隊
3539141282,林坤永診所,,雲林縣東勢鄉同安村同安路１６０－５號,05 6991338,105/10/25,107/12/31,HM39060001,中醫北港居家醫療整合團隊
3539151224,忠三仁診所,,雲林縣褒忠鄉中正路４６６號,05 6972606,105/06/30,107/12/31,HM39060001,中醫北港居家醫療整合團隊
3539160385,永吉診所,,雲林縣臺西鄉臺西村民生路２４號,05 6983112,105/03/25,107/12/31,HM39030001,若瑟居家醫療照護團隊
3539170238,大千診所,,雲林縣元長鄉南興路１１之６號,05 7981050,105/06/30,107/12/31,HM39060001,中醫北港居家醫療整合團隊
3539170274,元安診所,,雲林縣元長鄉長南村中山路２７號,05 7880678,105/06/30,107/12/31,HM39060001,中醫北港居家醫療整合團隊
3539181866,人人診所,,雲林縣四湖鄉中正路４１７號,05 7877880,105/06/30,107/12/31,HM39060001,中醫北港居家醫療整合團隊
3539190427,泰安診所,,雲林縣口湖鄉湖東村文安街３２號,05 7895869,105/10/25,107/12/31,HM39060001,中醫北港居家醫療整合團隊
3539190472,榮峰診所,,雲林縣口湖鄉崙東村中山路６６、６８號,05 7993070,105/06/30,107/12/31,HM39060001,中醫北港居家醫療整合團隊
3539201229,杏霖診所,,雲林縣水林鄉水南村水林路１０７號,05 7857481,105/06/30,107/12/31,HM39060001,中醫北港居家醫療整合團隊
3540010136,漢隆婦產科診所,,嘉義縣朴子市大同路２６６號,05 3791127,105/05/31,107/12/31,HM22010001,天主教聖馬爾定醫院居家醫療整合照護團隊
3540031260,郭宗豪診所,,嘉義縣大林鎮西林里中正路４８６號,05 2655112,106/02/08,107/12/31,HM40030001,大林慈濟居家醫療照護整合計畫團隊
3540031313,杏茹診所,,嘉義縣大林鎮三塊厝７之６號及７之７號,05 2955877,106/02/08,107/12/31,HM40030001,大林慈濟居家醫療照護整合計畫團隊
3540031338,丘傑隆診所,,嘉義縣大林鎮平和街４７之１號,05 2648772,106/02/08,107/12/31,HM40030001,大林慈濟居家醫療照護整合計畫團隊
3540031340,劉鎮嘉診所,,嘉義縣大林鎮平林里３３鄰中興路２６４號,05 2649000,106/02/08,107/12/31,HM40030001,大林慈濟居家醫療照護整合計畫團隊
3540040036,賴政友診所,,嘉義縣民雄鄉東榮村和平路９號,05 2262624,105/04/20,107/12/31,HM22010002,嘉基居家醫療照護整合計畫團隊
3540040143,林恆文診所,,嘉義縣民雄鄉西安村西安路３０－１號,05 2266555,105/04/20,107/12/31,HM22010002,嘉基居家醫療照護整合計畫團隊
3540040161,蕭賜彥診所,,嘉義縣民雄鄉福樂村建國路三段２５２號,05 2200858,105/04/20,107/12/31,HM22010002,嘉基居家醫療照護整合計畫團隊
3540040205,何慶堂診所,,嘉義縣民雄鄉西安路３５－１９號,05 2260728,105/04/20,107/12/31,HM22010002,嘉基居家醫療照護整合計畫團隊
3540040287,仁德診所,,嘉義縣民雄鄉東榮村民生路３６號,05 2260567,106/02/08,107/12/31,HM40030001,大林慈濟居家醫療照護整合計畫團隊
3540040376,奕安診所,,嘉義縣民雄鄉興南村頭橋５５７之３１號,05 2204885,105/04/20,107/12/31,HM22010002,嘉基居家醫療照護整合計畫團隊
3540041524,得安診所,,嘉義縣民雄鄉福樂村埤角５２４號,05 2212033,105/04/20,107/12/31,HM22010002,嘉基居家醫療照護整合計畫團隊
3540041775,天佑診所,,嘉義縣民雄鄉西安村西安路２１－１號１樓,05 2061926,106/02/08,107/12/31,HM40030001,大林慈濟居家醫療照護整合計畫團隊
3540050050,錦洲診所,,嘉義縣溪口鄉溪東村民生街５６號,05 2696058,105/04/20,107/12/31,HM22010002,嘉基居家醫療照護整合計畫團隊
3540060190,李龍駒診所,,嘉義縣新港鄉福德村９鄰中山路７２巷１８、２０號,05 3747911,105/04/20,107/12/31,HM22010002,嘉基居家醫療照護整合計畫團隊
3540131452,柯診所,,嘉義縣中埔鄉中埔村１０鄰中埔７１－３０號１、２樓,05 2531616,105/09/26,107/12/31,HM22010001,天主教聖馬爾定醫院居家醫療整合照護團隊
3540131498,台大佳醫診所,,嘉義縣中埔鄉金蘭村頂山門３４－５１號,05 2399199,105/07/29,107/12/31,HM22010002,嘉基居家醫療照護整合計畫團隊
3540141207,慶安診所,,嘉義縣竹崎鄉灣橋村灣橋２２４號,05 2793377,105/08/08,107/12/31,HM22010001,天主教聖馬爾定醫院居家醫療整合照護團隊
3540161067,聖光診所,,嘉義縣番路鄉下坑村下坑４６１５號,05 2590395,105/04/20,107/12/31,HM22010001,天主教聖馬爾定醫院居家醫療整合照護團隊
3541010916,楊俊士診所,,臺南市新營區復興路１２９之４號,06 6353953,105/10/03,107/12/31,HM41010001,衛生福利部新營醫院
3541050438,宏和診所,,臺南市佳里區建南里光復路２５號,06 7232335,105/10/03,107/12/31,HM41010001,衛生福利部新營醫院
3541050563,人人診所,,臺南市佳里區鎮山里自由街１１０號,06 7228895,105/10/04,107/12/31,HM21050001,部立臺南醫院居家醫療照護整合團隊
3541060229,周明山診所,,臺南市新化區護國里中山路１９２－１號,06 5904168,105/05/04,107/12/31,HM21050001,部立臺南醫院居家醫療照護整合團隊
3541061691,徐小兒科診所,,臺南市新化區中山路１９３號１樓,06 5901995,105/05/04,107/12/31,HM21050001,部立臺南醫院居家醫療照護整合團隊
3541061735,崇祐小兒科診所,,臺南市新化區忠孝路２８５號,06 5980342,105/05/04,107/12/31,HM21050001,部立臺南醫院居家醫療照護整合團隊
3541070109,東升診所,,臺南市善化區光文里中山路２３０號,06 5851888,105/05/04,107/12/31,HM21050001,部立臺南醫院居家醫療照護整合團隊
3541071357,吳建輝診所,,臺南市善化區大成路２１０號,06 5853466,105/05/04,107/12/31,HM21050001,部立臺南醫院居家醫療照護整合團隊
3541090101,蔡瑞頒診所,,臺南市柳營區光福里成功街２１０號,06 6224466,105/10/03,107/12/31,HM41010001,衛生福利部新營醫院
3541101298,德昌診所,,臺南市後壁區墨林里菁寮２００號,06 6623338,106/02/08,107/12/31,HM40030001,大林慈濟居家醫療照護整合計畫團隊
3541160082,徐春暉診所,,臺南市西港區慶安路９５之８號,06 7961193,105/10/04,107/12/31,HM21050001,部立臺南醫院居家醫療照護整合團隊
3541161114,千日好診所,,臺南市西港區西港里中山路３５０號,06 7954509,105/06/29,107/12/31,HM21050001,部立臺南醫院居家醫療照護整合團隊
3541200223,愛欣診所,,臺南市新市區新和里民權路２５號,06 5996996,105/10/04,107/12/31,HM21050001,部立臺南醫院居家醫療照護整合團隊
3541200232,宗詰診所,,臺南市新市區港墘里光華街３８號,06 5991829,105/10/04,107/12/31,HM21050001,部立臺南醫院居家醫療照護整合團隊
3541200269,忠孝內科診所,,臺南市新市區忠孝街１６５號,06 5893333,105/05/04,107/12/31,HM21050001,部立臺南醫院居家醫療照護整合團隊
3541201328,麗新診所,,臺南市新市區中正路２９３號,06 5995902,105/10/04,107/12/31,HM21050001,部立臺南醫院居家醫療照護整合團隊
3541210229,王民安診所,,臺南市安定區港口里２３５－０４號,06 5932793,105/10/04,107/12/31,HM21050001,部立臺南醫院居家醫療照護整合團隊
3541231255,雙美診所,,臺南市玉井區玉田里太子街３９巷８號,06 5746996,105/05/04,107/12/31,HM21050001,部立臺南醫院居家醫療照護整合團隊
3541241117,得安診所,,臺南市楠西區茄拔路１６７號,06 5753121,105/05/26,107/12/31,HM21050001,部立臺南醫院居家醫療照護整合團隊
3541280052,吳國榮聯合診所,,臺南市歸仁區後市里中山路二段５２號,06 2306239,105/10/04,107/12/31,HM21050001,部立臺南醫院居家醫療照護整合團隊
3541281693,陳沛仁家庭醫學科診所,,臺南市歸仁區民族北街１７巷２、６號,06 3308683,105/05/04,107/12/31,HM21050001,部立臺南醫院居家醫療照護整合團隊
3541310377,許崇哲耳鼻喉科診所,,臺南市永康區大橋里中山南路１２６號,06 2314815,105/05/04,107/12/31,HM21050001,部立臺南醫院居家醫療照護整合團隊
3541310680,仁祥診所,,臺南市永康區二王里中山南路５３６號,06 2012610,105/05/04,107/12/31,HM21050001,部立臺南醫院居家醫療照護整合團隊
3541310715,丞康小兒科診所,,臺南市永康區永康里中山北路３０號,06 2332400,105/05/04,107/12/31,HM21050001,部立臺南醫院居家醫療照護整合團隊
3541310733,鹽行診所,,臺南市永康區鹽洲里中正南路８５９號,06 2530465,105/05/04,107/12/31,HM21050001,部立臺南醫院居家醫療照護整合團隊
3541310797,永泰診所,,臺南市永康區埔園里四維街１２號,06 2310254,105/05/04,107/12/31,HM21050001,部立臺南醫院居家醫療照護整合團隊
3541310957,薛明佳骨外科診所,,臺南市永康區永大路二段２２３號,06 2735706,105/05/04,107/12/31,HM21050001,部立臺南醫院居家醫療照護整合團隊
3541311098,許進賢耳鼻喉科診所,,臺南市永康區民族路３７６號,06 2724321,105/05/04,107/12/31,HM21050001,部立臺南醫院居家醫療照護整合團隊
3541312415,顏大翔內科診所（顏大翔聯合診所）,,臺南市永康區大灣路８６８號,06 2730320,105/10/04,107/12/31,HM21050001,部立臺南醫院居家醫療照護整合團隊
3541312488,昕安內科診所,,臺南市永康區永大路二段１０１０、１０１２號,06 2725237,105/05/04,107/12/31,HM21050001,部立臺南醫院居家醫療照護整合團隊
3541312577,永大診所,,臺南市永康區永康里中山路１７號,06 2310932,105/05/04,107/12/31,HM21050001,部立臺南醫院居家醫療照護整合團隊
3541312620,怡人診所,,臺南市永康區復興路１５號,06 2720777,105/10/04,107/12/31,HM21050001,部立臺南醫院居家醫療照護整合團隊
3541312684,張大慶耳鼻喉科診所,,臺南市永康區永大路二段８３號,06 2730086,105/05/04,107/12/31,HM21050001,部立臺南醫院居家醫療照護整合團隊
3541312755,郭達霖家庭醫學科診所,,臺南市永康區大灣路８６８號,06 2730321,105/10/04,107/12/31,HM21050001,部立臺南醫院居家醫療照護整合團隊
3541312844,民麗骨科診所,,臺南市永康區聖龍街１５２號,06 2011032,105/05/04,107/12/31,HM21050001,部立臺南醫院居家醫療照護整合團隊
3541312899,三愛診所,,臺南市永康區建國里復國路６２號１樓,06 3130970,105/06/30,107/12/31,HM05310001,荷新整合性照護團隊
3542010054,王楩楠內兒科診所,,高雄市鳳山區瑞竹里光遠路８２號,07 7460334,105/07/28,107/12/31,HM02080001,國高總
3542010527,天健婦產科診所,,高雄市鳳山區三民里光明路９９號,07 7464570,105/07/28,107/12/31,HM02080001,國高總
3542010723,國民小兒科診所,,高雄市鳳山區縣口里中正路３７號,07 7427925,105/07/28,107/12/31,HM02080001,國高總
3542010769,安心婦產科診所,,高雄市鳳山區經武路８１號,07 7434086,105/07/28,107/12/31,HM02080001,國高總
3542010956,張簡精神科診所,,高雄市鳳山區老爺里五甲一路６００號,07 7632048,105/07/28,107/12/31,HM02080001,國高總
3542011006,呂忠勳診所,,高雄市鳳山區南京路４０７號,07 7675176,105/07/28,107/12/31,HM02080001,國高總
3542011364,錦明小兒科診所,,高雄市鳳山區自強二路１７１號,07 7683688,105/07/28,107/12/31,HM02080001,國高總
3542011506,韓台基診所,,高雄市鳳山區新甲里新富路３３３號,07 7662525,105/07/28,107/12/31,HM02080001,國高總
3542011800,鳳山全民診所,,高雄市鳳山區博愛路３２８號,07 7037038,105/07/28,107/12/31,HM02080001,國高總
3542012049,德恩診所,,高雄市鳳山區生明里王生明路１３３號,07 7194722,105/07/28,107/12/31,HM02080001,國高總
3542014016,吳外科骨科診所,,高雄市鳳山區中山西路１０２之９號,07 7465265,105/07/28,107/12/31,HM02080001,國高總
3542014794,鄭紹茂診所,,高雄市鳳山區五甲二路１８６號,07 7263828,105/07/28,107/12/31,HM02080001,國高總
3542014829,安安診所,,高雄市鳳山區五甲三路１１１號１樓,07 7689615,106/03/28,107/12/31,HM42010001,惠德醫院居家醫療團隊
3542015068,誠愛診所,,高雄市鳳山區誠愛路１號１樓,07 7556028,105/07/28,107/12/31,HM02080001,國高總
3542020069,翁仁茂診所,,高雄市岡山區公園西路三段１２３號,07 6260039,105/08/23,107/12/31,HM02080001,國高總
3542020069,翁仁茂診所,,高雄市岡山區公園西路三段１２３號,07 6260039,106/03/27,107/12/31,HM42020002,岡山居家醫療照護整合
3542020096,吳博明診所,,高雄市岡山區平安里平和路７９－１號,07 6212125,106/03/27,107/12/31,HM42020002,岡山居家醫療照護整合
3542020201,盧榮福內兒科診所,V,高雄市岡山區仁壽里仁壽路３９號,07 6261515,106/03/27,107/12/31,HM42020002,岡山居家醫療照護整合
3542020434,王宏育診所,,高雄市岡山區岡山路２６０號,07 6228972,106/03/27,107/12/31,HM42020002,岡山居家醫療照護整合
3542020498,鄧明壽診所,,高雄市岡山區壽華路３６號,07 6233316,106/03/27,107/12/31,HM42020002,岡山居家醫療照護整合
3542020550,簡耳鼻喉科診所,,高雄市岡山區壽華路４８號,07 6220660,106/03/27,107/12/31,HM42020002,岡山居家醫療照護整合
3542020676,黃子育診所,,高雄市岡山區前峰路３９號,07 6270101,106/03/27,107/12/31,HM42020002,岡山居家醫療照護整合
3542020729,振華診所,,高雄市岡山區公園西路二段１１１號,07 6268916,106/03/27,107/12/31,HM42020002,岡山居家醫療照護整合
3542020738,吳宗慶診所,,高雄市岡山區中山北路４７號,07 6229868,106/03/27,107/12/31,HM42020002,岡山居家醫療照護整合
3542021986,新博愛診所,,高雄市岡山區大德一路１５號１樓２樓,07 6215799,106/03/27,107/12/31,HM42020002,岡山居家醫療照護整合
3542022214,楊禮瑜診所,,高雄市岡山區柳橋東路３０號,07 6233598,106/03/27,107/12/31,HM42020002,岡山居家醫療照護整合
3542022303,黃仲達診所,,高雄市岡山區柳橋東路９－２號１樓,07 6297898,106/03/27,107/12/31,HM42020002,岡山居家醫療照護整合
3542022321,家佑診所,,高雄市岡山區大仁路１０９號１樓,07 6211919,106/03/27,107/12/31,HM42020002,岡山居家醫療照護整合
3542200272,蔡政達診所,,高雄市梓官區廣澤路２０號,07 6173295,105/10/13,107/12/31,HM02030001,國軍左營醫院
3542201466,梓安診所,,高雄市梓官區中正路７１號１樓,07 6177429,106/03/27,107/12/31,HM42020002,岡山居家醫療照護整合
3542211257,大嘉診所,,高雄市六龜區太平路１１４號,07 6895789,105/11/01,107/12/31,HM42030001,旗山區居家醫療照護團隊
3542241059,觀亭診所,,高雄市內門區觀亭里中正路１６８號,07 6674882,105/12/05,107/12/31,HM42030001,旗山區居家醫療照護團隊
3543040065,戴外科診所,,屏東縣恆春鎮城北里中正路１４８號,08 8892175,106/01/23,107/12/31,HM43040001,恆春半島居家醫療整合照護團隊
3543040092,邱外科診所,,屏東縣恆春鎮山腳里恆南路２０９號,08 8892797,106/01/23,107/12/31,HM43040001,恆春半島居家醫療整合照護團隊
3543040136,簡武正診所,,屏東縣恆春鎮城北里中正路２４０號,08 8896157,106/01/23,107/12/31,HM43040001,恆春半島居家醫療整合照護團隊
3543240538,安康診所,,屏東縣滿洲鄉滿州村中山路40號,08 8801928,106/01/23,107/12/31,HM43040001,恆春半島居家醫療整合照護團隊
3545051468,光鹽診所,V,花蓮縣吉安鄉中山路３段２８１號,03 8534305,105/09/30,107/12/31,HM45050001,光鹽醫療照顧團隊
3545051468,光鹽診所,,花蓮縣吉安鄉中山路３段２８１號,03 8534305,106/03/07,999/12/31,HM45010002,原鄉醫療照護團隊
3545051539,衛康診所,,花蓮縣吉安鄉自強路６４２－１號,03 8571313,106/03/07,999/12/31,HM45010002,原鄉醫療照護團隊
3545110837,水源診所,,花蓮縣秀林鄉水源村８０－１號,03 8580501,106/03/07,999/12/31,HM45010002,原鄉醫療照護團隊
5907350266,人和藥局,,高雄市苓雅區正義路１８０－６號,07 7490883,105/07/28,107/12/31,HM02080001,國高總
