"醫事機構代碼","醫事機構名稱","醫事機構種類","電話","地址","分區業務組","特約類別","服務項目","診療科別","終止合約或歇業日期","固定看診時段","備註"
"2634010014","臺北榮民總醫院員山分院附設門診部","一般診所（醫務室）","03 -9222141","宜蘭縣宜蘭市林森路１號","臺北業務組","診所","復健－物理治療業務,復健－職能治療業務,門診診療,兒童預防保健,成人預防保健,婦女子宮頸抹片檢查,孕婦產檢,口腔黏膜檢查,定量免疫法糞便潛血檢查","家醫科,內科,外科,骨科,耳鼻喉科,皮膚科,神經科,精神科,復健科,牙科,中醫科","","星期一上午看診、星期二上午看診、星期三上午看診、星期四上午看診、星期五上午看診、星期六上午看診、星期日上午休診、星期一下午看診、星期二下午看診、星期三下午看診、星期四下午看診、星期五下午看診、星期六下午休診、星期日下午休診、星期一晚上看診、星期二晚上看診、星期三晚上看診、星期四晚上看診、星期五晚上看診、星期六晚上休診、星期日晚上休診","106年端午節連續假期：5/27，5/29、5/30提供上午門診"
"2634031022","臺北榮民總醫院蘇澳分院附設門診部","一般診所（醫務室）","03 -9952443","宜蘭縣蘇澳鎮中山路１段４３９號；宜縣蘇澳鎮蘇濱路１段３０１號","臺北業務組","診所","復健－物理治療業務,門診診療,兒童預防保健,成人預防保健,婦女子宮頸抹片檢查,孕婦產檢,口腔黏膜檢查,定量免疫法糞便潛血檢查","不分科,神經科","","星期一上午看診、星期二上午看診、星期三上午看診、星期四上午看診、星期五上午看診、星期六上午休診、星期日上午休診、星期一下午看診、星期二下午看診、星期三下午看診、星期四下午看診、星期五下午看診、星期六下午休診、星期日下午休診、星期一晚上看診、星期二晚上看診、星期三晚上看診、星期四晚上看診、星期五晚上休診、星期六晚上休診、星期日晚上休診","106年端午節連續假期：5/29、5/30上午門診"
"2634070010","臺北榮民總醫院員山分院附設員山鄉門診部","一般診所（醫務室）","03 -9222141","宜蘭縣員山鄉員山路１段３２５號","臺北業務組","診所","復健－物理治療業務,門診診療,成人預防保健,婦女子宮頸抹片檢查,口腔黏膜檢查,定量免疫法糞便潛血檢查","復健科","","星期一上午看診、星期二上午看診、星期三上午看診、星期四上午看診、星期五上午看診、星期六上午休診、星期日上午休診、星期一下午看診、星期二下午看診、星期三下午看診、星期四下午休診、星期五下午看診、星期六下午休診、星期日下午休診、星期一晚上休診、星期二晚上休診、星期三晚上休診、星期四晚上休診、星期五晚上休診、星期六晚上休診、星期日晚上休診","4/3.4/4 連假休診"
"2734040014","國立陽明大學附設醫院附設大溪門診部","一般診所（醫務室）","03 -9781030","宜蘭縣頭城鎮濱海路五段２１１號１樓","臺北業務組","診所","門診診療,兒童預防保健,成人預防保健,口腔黏膜檢查,定量免疫法糞便潛血檢查","家醫科,內科","","星期一上午看診、星期二上午看診、星期三上午看診、星期四上午看診、星期五上午看診、星期六上午看診、星期日上午休診、星期一下午看診、星期二下午看診、星期三下午看診、星期四下午看診、星期五下午看診、星期六下午休診、星期日下午休診、星期一晚上看診、星期二晚上看診、星期三晚上看診、星期四晚上看診、星期五晚上看診、星期六晚上休診、星期日晚上休診","1/27早上9:00-12:00看診,1/28-2/1休診"
"3534010031","第一診所","專科診所","03 -9324418","宜蘭縣宜蘭市光復路４６號","臺北業務組","診所","門診診療,兒童預防保健,成人預防保健","眼科","","星期一上午看診、星期二上午看診、星期三上午看診、星期四上午看診、星期五上午看診、星期六上午看診、星期日上午休診、星期一下午看診、星期二下午看診、星期三下午看診、星期四下午看診、星期五下午看診、星期六下午看診、星期日下午休診、星期一晚上看診、星期二晚上看診、星期三晚上看診、星期四晚上看診、星期五晚上看診、星期六晚上看診、星期日晚上休診","2/18下午-2/22休診.2/23上午看診.下午休診"
"3534010157","李富逸診所","專科診所","03 -9330369","宜蘭縣宜蘭市中山路２段１８９號","臺北業務組","診所","門診診療,成人預防保健","內科","","星期一上午看診、星期二上午看診、星期三上午看診、星期四上午看診、星期五上午看診、星期六上午看診、星期日上午休診、星期一下午看診、星期二下午看診、星期三下午看診、星期四下午看診、星期五下午看診、星期六下午看診、星期日下午休診、星期一晚上看診、星期二晚上看診、星期三晚上看診、星期四晚上看診、星期五晚上看診、星期六晚上看診、星期日晚上休診",""
"3534010166","林內兒科診所","專科診所","03 -9322080","宜蘭縣宜蘭市聖後街１７３號","臺北業務組","診所","門診診療,兒童預防保健,成人預防保健,口腔黏膜檢查,定量免疫法糞便潛血檢查","家醫科,內科","","星期一上午看診、星期二上午看診、星期三上午看診、星期四上午看診、星期五上午看診、星期六上午看診、星期日上午休診、星期一下午休診、星期二下午休診、星期三下午休診、星期四下午休診、星期五下午休診、星期六下午休診、星期日下午休診、星期一晚上看診、星期二晚上看診、星期三晚上看診、星期四晚上看診、星期五晚上看診、星期六晚上休診、星期日晚上休診","國定假日晚診休診"
"3534010219","莊耳鼻喉科診所","專科診所","03 -9333939","宜蘭縣宜蘭市神農路２段４８號","臺北業務組","診所","門診診療,口腔黏膜檢查","耳鼻喉科","","星期一上午看診、星期二上午看診、星期三上午看診、星期四上午看診、星期五上午看診、星期六上午看診、星期日上午休診、星期一下午休診、星期二下午休診、星期三下午休診、星期四下午休診、星期五下午休診、星期六下午休診、星期日下午休診、星期一晚上看診、星期二晚上看診、星期三晚上休診、星期四晚上看診、星期五晚上看診、星期六晚上休診、星期日晚上休診",""
"3534010255","李光雄診所","專科診所","03 -9327188","宜蘭縣宜蘭市中山路２段５１２號","臺北業務組","診所","門診診療,兒童預防保健,成人預防保健","家醫科","","星期一上午看診、星期二上午看診、星期三上午看診、星期四上午看診、星期五上午看診、星期六上午看診、星期日上午休診、星期一下午看診、星期二下午看診、星期三下午看診、星期四下午休診、星期五下午看診、星期六下午看診、星期日下午休診、星期一晚上看診、星期二晚上看診、星期三晚上看診、星期四晚上休診、星期五晚上看診、星期六晚上休診、星期日晚上休診",""
"3534010264","李界元皮膚科診所","專科診所","03 -9355175","宜蘭縣宜蘭市中山路２段３０９號","臺北業務組","診所","門診診療","皮膚科","","星期一上午看診、星期二上午看診、星期三上午看診、星期四上午看診、星期五上午看診、星期六上午看診、星期日上午休診、星期一下午休診、星期二下午休診、星期三下午休診、星期四下午休診、星期五下午休診、星期六下午休診、星期日下午休診、星期一晚上看診、星期二晚上看診、星期三晚上休診、星期四晚上看診、星期五晚上看診、星期六晚上休診、星期日晚上休診",""
"3534010273","周明偉診所","一般診所（醫務室）","03 -9351618","宜蘭縣宜蘭市光復路３９號","臺北業務組","診所","門診診療,兒童預防保健,成人預防保健","不分科","","星期一上午看診、星期二上午看診、星期三上午看診、星期四上午看診、星期五上午看診、星期六上午看診、星期日上午看診、星期一下午看診、星期二下午看診、星期三下午看診、星期四下午看診、星期五下午看診、星期六下午看診、星期日下午休診、星期一晚上看診、星期二晚上看診、星期三晚上看診、星期四晚上看診、星期五晚上看診、星期六晚上看診、星期日晚上休診","中秋節下午休診"
"3534010282","李碧峰小兒科診所","專科診所","03 -9356288","宜蘭縣宜蘭市中山路３段２９號、２９號２樓之２","臺北業務組","診所","門診診療,兒童預防保健,成人預防保健","兒科","","星期一上午看診、星期二上午看診、星期三上午看診、星期四上午看診、星期五上午看診、星期六上午看診、星期日上午看診、星期一下午看診、星期二下午看診、星期三下午看診、星期四下午看診、星期五下午看診、星期六下午看診、星期日下午休診、星期一晚上看診、星期二晚上看診、星期三晚上看診、星期四晚上看診、星期五晚上看診、星期六晚上看診、星期日晚上休診","早上7:30~12:00下午14:30~17:30晚上18:30~21:30"
"3534010308","蔡仰中眼科診所","專科診所","03 -9357171","宜蘭縣宜蘭市宜興路１段１１１號４樓及１１３號","臺北業務組","診所","門診診療","眼科","","星期一上午看診、星期二上午看診、星期三上午看診、星期四上午看診、星期五上午看診、星期六上午看診、星期日上午休診、星期一下午看診、星期二下午看診、星期三下午看診、星期四下午看診、星期五下午看診、星期六下午看診、星期日下午休診、星期一晚上看診、星期二晚上看診、星期三晚上看診、星期四晚上看診、星期五晚上看診、星期六晚上休診、星期日晚上休診","1/22上午"
"3534010317","黃芳裕診所","一般診所（醫務室）","03 -9365198","宜蘭縣宜蘭市神農里光復路２１號","臺北業務組","診所","門診診療,兒童預防保健,成人預防保健","不分科","","星期一上午看診、星期二上午看診、星期三上午看診、星期四上午看診、星期五上午看診、星期六上午看診、星期日上午休診、星期一下午休診、星期二下午休診、星期三下午休診、星期四下午休診、星期五下午休診、星期六下午休診、星期日下午休診、星期一晚上看診、星期二晚上看診、星期三晚上看診、星期四晚上看診、星期五晚上看診、星期六晚上看診、星期日晚上休診","1/27.28上午看診"
"3534010326","明仁眼科診所","專科診所","03 -9330303","宜蘭縣宜蘭市中山路２段２３１號","臺北業務組","診所","門診診療","眼科","","星期一上午看診、星期二上午看診、星期三上午看診、星期四上午看診、星期五上午看診、星期六上午看診、星期日上午休診、星期一下午看診、星期二下午看診、星期三下午看診、星期四下午看診、星期五下午看診、星期六下午看診、星期日下午休診、星期一晚上看診、星期二晚上看診、星期三晚上看診、星期四晚上看診、星期五晚上看診、星期六晚上看診、星期日晚上休診",""
"3534010415","華杏診所","一般診所（醫務室）","03 -9321512","宜蘭縣宜蘭市民族路２９０號","臺北業務組","診所","門診診療,兒童預防保健,成人預防保健","不分科","","星期一上午看診、星期二上午看診、星期三上午看診、星期四上午看診、星期五上午看診、星期六上午看診、星期日上午休診、星期一下午看診、星期二下午看診、星期三下午看診、星期四下午休診、星期五下午看診、星期六下午看診、星期日下午休診、星期一晚上看診、星期二晚上看診、星期三晚上看診、星期四晚上看診、星期五晚上看診、星期六晚上看診、星期日晚上休診","1/22上午"
"3534010433","譚國勇婦產科診所","專科診所","03 -9366797","宜蘭縣宜蘭市中山路３段１４３號１樓","臺北業務組","診所","門診診療,成人預防保健,婦女子宮頸抹片檢查,孕婦產檢,口腔黏膜檢查","婦產科","","星期一上午看診、星期二上午看診、星期三上午看診、星期四上午看診、星期五上午看診、星期六上午看診、星期日上午休診、星期一下午看診、星期二下午休診、星期三下午看診、星期四下午休診、星期五下午看診、星期六下午休診、星期日下午休診、星期一晚上看診、星期二晚上看診、星期三晚上看診、星期四晚上看診、星期五晚上看診、星期六晚上看診、星期日晚上休診",""
"3534010451","徐英忠耳鼻喉科美形診所","專科診所","03 -9352966","宜蘭縣宜蘭市復興路２９號１、２樓","臺北業務組","診所","門診診療,口腔黏膜檢查","耳鼻喉科","","星期一上午看診、星期二上午看診、星期三上午看診、星期四上午看診、星期五上午看診、星期六上午看診、星期日上午休診、星期一下午看診、星期二下午看診、星期三下午看診、星期四下午看診、星期五下午看診、星期六下午休診、星期日下午休診、星期一晚上看診、星期二晚上看診、星期三晚上看診、星期四晚上看診、星期五晚上看診、星期六晚上休診、星期日晚上休診",""
"3534010497","張志強眼科診所","專科診所","03 -9333372","宜蘭縣宜蘭市中山路３段７２號","臺北業務組","診所","門診診療","眼科","","星期一上午看診、星期二上午看診、星期三上午看診、星期四上午看診、星期五上午看診、星期六上午看診、星期日上午休診、星期一下午看診、星期二下午看診、星期三下午休診、星期四下午看診、星期五下午看診、星期六下午休診、星期日下午休診、星期一晚上看診、星期二晚上看診、星期三晚上看診、星期四晚上看診、星期五晚上看診、星期六晚上休診、星期日晚上休診","1/26.27.28上午看診"
"3534010522","曹天德診所","專科診所","03 -9353267","宜蘭縣宜蘭市舊城東路３－１號","臺北業務組","診所","門診診療,兒童預防保健,成人預防保健,結核病,口腔黏膜檢查,定量免疫法糞便潛血檢查","家醫科,內科","","星期一上午看診、星期二上午看診、星期三上午看診、星期四上午看診、星期五上午看診、星期六上午看診、星期日上午休診、星期一下午看診、星期二下午看診、星期三下午看診、星期四下午休診、星期五下午看診、星期六下午休診、星期日下午休診、星期一晚上看診、星期二晚上看診、星期三晚上看診、星期四晚上看診、星期五晚上看診、星期六晚上休診、星期日晚上休診",""
"3534010531","吳宗儒復健科診所","一般診所（醫務室）","03 -9355157","宜蘭縣宜蘭市昇平里康樂路１０３號","臺北業務組","診所","復健－物理治療業務,門診診療","復健科","","星期一上午看診、星期二上午看診、星期三上午看診、星期四上午看診、星期五上午看診、星期六上午看診、星期日上午休診、星期一下午看診、星期二下午看診、星期三下午看診、星期四下午看診、星期五下午看診、星期六下午看診、星期日下午休診、星期一晚上看診、星期二晚上看診、星期三晚上看診、星期四晚上看診、星期五晚上看診、星期六晚上看診、星期日晚上休診","2/18下午-2/23休診"
"3534010559","普仁健康診所","一般診所（醫務室）","03 -9328308","宜蘭縣宜蘭市民權路１段２號","臺北業務組","診所","門診診療,血液透析,成人預防保健","內科","","星期一上午看診、星期二上午看診、星期三上午看診、星期四上午看診、星期五上午看診、星期六上午休診、星期日上午休診、星期一下午看診、星期二下午看診、星期三下午看診、星期四下午看診、星期五下午看診、星期六下午休診、星期日下午休診、星期一晚上休診、星期二晚上休診、星期三晚上休診、星期四晚上休診、星期五晚上休診、星期六晚上休診、星期日晚上休診",""
"3534010586","陳義文小兒科診所","專科診所","03 -9369885","宜蘭縣宜蘭市中山路２段３５８號１樓","臺北業務組","診所","門診診療,兒童預防保健","兒科","","星期一上午看診、星期二上午看診、星期三上午看診、星期四上午看診、星期五上午看診、星期六上午休診、星期日上午看診、星期一下午看診、星期二下午休診、星期三下午看診、星期四下午休診、星期五下午看診、星期六下午休診、星期日下午休診、星期一晚上看診、星期二晚上看診、星期三晚上看診、星期四晚上看診、星期五晚上看診、星期六晚上休診、星期日晚上休診","國定假日休診"
"3534010657","林耳鼻喉科診所","專科診所","03 -9311234","宜蘭縣宜蘭市中山路３段２３３號","臺北業務組","診所","門診診療,兒童預防保健,成人預防保健,口腔黏膜檢查","家醫科,耳鼻喉科","","星期一上午看診、星期二上午看診、星期三上午看診、星期四上午看診、星期五上午看診、星期六上午看診、星期日上午看診、星期一下午看診、星期二下午看診、星期三下午看診、星期四下午看診、星期五下午看診、星期六下午看診、星期日下午休診、星期一晚上看診、星期二晚上看診、星期三晚上看診、星期四晚上看診、星期五晚上看診、星期六晚上看診、星期日晚上休診","2月18日除夕只看上午診,春節期間2/19-2/20休診,2/21正常看診"
"3534010684","徐瑪里婦產科診所","專科診所","03 -9364714","宜蘭縣宜蘭市中山路３段１４６號３樓","臺北業務組","診所","門診診療,婦女子宮頸抹片檢查,孕婦產檢","婦產科","","星期一上午看診、星期二上午看診、星期三上午看診、星期四上午看診、星期五上午看診、星期六上午看診、星期日上午休診、星期一下午休診、星期二下午休診、星期三下午休診、星期四下午休診、星期五下午休診、星期六下午休診、星期日下午休診、星期一晚上看診、星期二晚上休診、星期三晚上看診、星期四晚上休診、星期五晚上看診、星期六晚上休診、星期日晚上休診",""
"3534010693","李耳鼻喉科診所","專科診所","03 -9322622","宜蘭縣宜蘭市昇平里崇聖街３３－２號","臺北業務組","診所","門診診療","耳鼻喉科","","星期一上午看診、星期二上午看診、星期三上午看診、星期四上午看診、星期五上午看診、星期六上午看診、星期日上午休診、星期一下午休診、星期二下午休診、星期三下午休診、星期四下午休診、星期五下午休診、星期六下午休診、星期日下午休診、星期一晚上看診、星期二晚上看診、星期三晚上看診、星期四晚上看診、星期五晚上看診、星期六晚上看診、星期日晚上休診",""
"3534010737","李文生皮膚科診所","專科診所","03 -9310303","宜蘭縣宜蘭市中山路３段４２號","臺北業務組","診所","門診診療","皮膚科","","星期一上午看診、星期二上午看診、星期三上午看診、星期四上午看診、星期五上午看診、星期六上午看診、星期日上午休診、星期一下午看診、星期二下午休診、星期三下午休診、星期四下午看診、星期五下午休診、星期六下午休診、星期日下午休診、星期一晚上看診、星期二晚上看診、星期三晚上看診、星期四晚上看診、星期五晚上看診、星期六晚上休診、星期日晚上休診","週日不一定看診;國定假日看診半天"
"3534010755","黃建財診所","一般診所（醫務室）","03 -9333657","宜蘭縣宜蘭市舊城西路７９號","臺北業務組","診所","門診診療,成人預防保健,定量免疫法糞便潛血檢查","內科","","星期一上午看診、星期二上午看診、星期三上午看診、星期四上午看診、星期五上午看診、星期六上午看診、星期日上午看診、星期一下午看診、星期二下午看診、星期三下午看診、星期四下午看診、星期五下午看診、星期六下午看診、星期日下午休診、星期一晚上看診、星期二晚上看診、星期三晚上看診、星期四晚上看診、星期五晚上看診、星期六晚上看診、星期日晚上休診","國定假日不一定看診"
"3534010773","潘仁進診所","一般診所（醫務室）","03 -9313808","宜蘭縣宜蘭市中山路２段６１號１樓","臺北業務組","診所","門診診療,兒童預防保健,成人預防保健,定量免疫法糞便潛血檢查","不分科","","星期一上午看診、星期二上午看診、星期三上午看診、星期四上午看診、星期五上午看診、星期六上午看診、星期日上午休診、星期一下午看診、星期二下午休診、星期三下午看診、星期四下午休診、星期五下午看診、星期六下午休診、星期日下午休診、星期一晚上看診、星期二晚上看診、星期三晚上看診、星期四晚上看診、星期五晚上看診、星期六晚上看診、星期日晚上休診","國定假日看診早上半天"
"3534011789","和信診所","一般診所（醫務室）","03 -9313505","宜蘭縣宜蘭市和睦路團管區巷１７號１樓","臺北業務組","診所","復健－物理治療業務,門診診療","骨科","","星期一上午看診、星期二上午看診、星期三上午看診、星期四上午看診、星期五上午看診、星期六上午看診、星期日上午休診、星期一下午看診、星期二下午看診、星期三下午看診、星期四下午看診、星期五下午看診、星期六下午休診、星期日下午休診、星期一晚上看診、星期二晚上看診、星期三晚上看診、星期四晚上看診、星期五晚上看診、星期六晚上休診、星期日晚上休診","國定假日視情形看診"
"3534011805","陳漢憲診所","一般診所（醫務室）","03 -9381833","宜蘭縣宜蘭市校舍路８９號","臺北業務組","診所","門診診療","不分科","","星期一上午看診、星期二上午看診、星期三上午看診、星期四上午看診、星期五上午看診、星期六上午看診、星期日上午休診、星期一下午看診、星期二下午看診、星期三下午休診、星期四下午看診、星期五下午看診、星期六下午看診、星期日下午休診、星期一晚上看診、星期二晚上看診、星期三晚上看診、星期四晚上看診、星期五晚上看診、星期六晚上休診、星期日晚上休診","國定假日只有農曆年休息"
"3534011814","蔡俊逸診所","一般診所（醫務室）","03 -9355228","宜蘭縣宜蘭市中山路２段２２５號","臺北業務組","診所","門診診療,成人預防保健,定量免疫法糞便潛血檢查","內科","","星期一上午看診、星期二上午看診、星期三上午看診、星期四上午看診、星期五上午看診、星期六上午看診、星期日上午休診、星期一下午看診、星期二下午看診、星期三下午休診、星期四下午看診、星期五下午看診、星期六下午休診、星期日下午休診、星期一晚上看診、星期二晚上看診、星期三晚上休診、星期四晚上看診、星期五晚上看診、星期六晚上休診、星期日晚上休診","國定假日休息"
"3534011841","陳耳鼻喉科診所","專科診所","03 -9322218","宜蘭縣宜蘭市聖後街１６３號","臺北業務組","診所","門診診療,口腔黏膜檢查","耳鼻喉科","","星期一上午看診、星期二上午看診、星期三上午看診、星期四上午看診、星期五上午看診、星期六上午看診、星期日上午休診、星期一下午休診、星期二下午休診、星期三下午休診、星期四下午休診、星期五下午休診、星期六下午休診、星期日下午休診、星期一晚上看診、星期二晚上看診、星期三晚上看診、星期四晚上看診、星期五晚上看診、星期六晚上休診、星期日晚上休診","國定假日看診早上半天"
"3534011850","永合診所","一般診所（醫務室）","03 -9327483","宜蘭縣宜蘭市昇平街７２號","臺北業務組","診所","門診診療,兒童預防保健,成人預防保健,婦女子宮頸抹片檢查,孕婦產檢","家醫科,外科","","星期一上午看診、星期二上午看診、星期三上午看診、星期四上午看診、星期五上午看診、星期六上午看診、星期日上午休診、星期一下午看診、星期二下午看診、星期三下午看診、星期四下午看診、星期五下午看診、星期六下午休診、星期日下午休診、星期一晚上看診、星期二晚上看診、星期三晚上看診、星期四晚上看診、星期五晚上看診、星期六晚上休診、星期日晚上休診","國定假日看診早上半天"
"3534011887","聖恩診所","一般診所（醫務室）","03 -9324053","宜蘭縣宜蘭市中山路３段１６３號","臺北業務組","診所","門診診療","不分科","","星期一上午看診、星期二上午看診、星期三上午看診、星期四上午看診、星期五上午看診、星期六上午看診、星期日上午休診、星期一下午看診、星期二下午看診、星期三下午看診、星期四下午看診、星期五下午看診、星期六下午看診、星期日下午休診、星期一晚上看診、星期二晚上看診、星期三晚上看診、星期四晚上看診、星期五晚上看診、星期六晚上看診、星期日晚上休診",""
"3534011903","聖心聯合診所","一般診所（醫務室）","03 -9356414","宜蘭縣宜蘭市同興街１０１號","臺北業務組","診所","門診診療,定量免疫法糞便潛血檢查","不分科,家醫科","","星期一上午看診、星期二上午看診、星期三上午看診、星期四上午看診、星期五上午看診、星期六上午看診、星期日上午休診、星期一下午看診、星期二下午看診、星期三下午看診、星期四下午看診、星期五下午看診、星期六下午休診、星期日下午休診、星期一晚上看診、星期二晚上看診、星期三晚上休診、星期四晚上看診、星期五晚上看診、星期六晚上休診、星期日晚上休診",""
"3534011912","鄭在鈞復健科診所","專科診所","03 -9356673","宜蘭縣宜蘭市文昌路５１號","臺北業務組","診所","復健－物理治療業務,門診診療","復健科","","星期一上午看診、星期二上午看診、星期三上午看診、星期四上午看診、星期五上午看診、星期六上午看診、星期日上午休診、星期一下午看診、星期二下午看診、星期三下午看診、星期四下午休診、星期五下午看診、星期六下午看診、星期日下午休診、星期一晚上看診、星期二晚上看診、星期三晚上看診、星期四晚上看診、星期五晚上看診、星期六晚上看診、星期日晚上休診",""
"3534011949","宜蘭翰林眼科診所","專科診所","03 -9327880","宜蘭縣宜蘭市北門里中山路３段２２７號","臺北業務組","診所","門診診療","眼科","","星期一上午看診、星期二上午看診、星期三上午看診、星期四上午看診、星期五上午看診、星期六上午看診、星期日上午休診、星期一下午看診、星期二下午看診、星期三下午看診、星期四下午看診、星期五下午看診、星期六下午看診、星期日下午休診、星期一晚上看診、星期二晚上看診、星期三晚上看診、星期四晚上看診、星期五晚上看診、星期六晚上休診、星期日晚上休診","65歲未及未滿3歲掛號減半"
"3534011994","林宏俊診所","一般診所（醫務室）","03 -9330010","宜蘭縣宜蘭市中山路３段２１１號","臺北業務組","診所","門診診療,成人預防保健","內科","","星期一上午看診、星期二上午看診、星期三上午看診、星期四上午看診、星期五上午看診、星期六上午看診、星期日上午休診、星期一下午看診、星期二下午看診、星期三下午看診、星期四下午看診、星期五下午看診、星期六下午休診、星期日下午休診、星期一晚上看診、星期二晚上看診、星期三晚上看診、星期四晚上看診、星期五晚上看診、星期六晚上休診、星期日晚上休診",""
"3534012008","建成骨外科診所","專科診所","03 -9325737","宜蘭縣宜蘭市復興路６６號","臺北業務組","診所","復健－物理治療業務,門診診療,成人預防保健","外科,骨科","","星期一上午看診、星期二上午看診、星期三上午看診、星期四上午看診、星期五上午看診、星期六上午看診、星期日上午休診、星期一下午看診、星期二下午看診、星期三下午看診、星期四下午看診、星期五下午看診、星期六下午看診、星期日下午休診、星期一晚上看診、星期二晚上看診、星期三晚上看診、星期四晚上看診、星期五晚上看診、星期六晚上休診、星期日晚上休診",""
"3534012044","卓越整形外科診所","專科診所","03 -9334928","宜蘭縣宜蘭市光復路４１號","臺北業務組","診所","門診診療","整形外科","","星期一上午看診、星期二上午看診、星期三上午看診、星期四上午看診、星期五上午看診、星期六上午看診、星期日上午休診、星期一下午看診、星期二下午休診、星期三下午看診、星期四下午看診、星期五下午看診、星期六下午休診、星期日下午休診、星期一晚上看診、星期二晚上休診、星期三晚上休診、星期四晚上看診、星期五晚上看診、星期六晚上休診、星期日晚上休診",""
"3534012053","厚生診所","一般診所（醫務室）","03 -9358611","宜蘭縣宜蘭市復興路３２號","臺北業務組","診所","門診診療,口腔黏膜檢查","耳鼻喉科","","星期一上午看診、星期二上午看診、星期三上午看診、星期四上午看診、星期五上午看診、星期六上午看診、星期日上午休診、星期一下午看診、星期二下午看診、星期三下午看診、星期四下午看診、星期五下午休診、星期六下午看診、星期日下午休診、星期一晚上看診、星期二晚上看診、星期三晚上看診、星期四晚上看診、星期五晚上看診、星期六晚上看診、星期日晚上休診",""
"3534012062","開蘭安心診所","一般診所（醫務室）","03 -9311230","宜蘭縣宜蘭市神農路１段９５號１、２樓９７號１樓","臺北業務組","診所","門診診療,兒童預防保健,成人預防保健,婦女子宮頸抹片檢查,口腔黏膜檢查,定量免疫法糞便潛血檢查","家醫科,內科,神經科","","星期一上午看診、星期二上午看診、星期三上午看診、星期四上午看診、星期五上午看診、星期六上午看診、星期日上午休診、星期一下午看診、星期二下午看診、星期三下午看診、星期四下午看診、星期五下午看診、星期六下午休診、星期日下午休診、星期一晚上看診、星期二晚上看診、星期三晚上看診、星期四晚上看診、星期五晚上看診、星期六晚上休診、星期日晚上休診",""
"3534012071","得安診所","一般診所（醫務室）","03 -9325358","宜蘭縣宜蘭市中山路３段１５２號５樓１～２","臺北業務組","診所","門診診療,血液透析,成人預防保健","內科","","星期一上午看診、星期二上午看診、星期三上午看診、星期四上午看診、星期五上午看診、星期六上午看診、星期日上午休診、星期一下午看診、星期二下午看診、星期三下午看診、星期四下午看診、星期五下午看診、星期六下午休診、星期日下午休診、星期一晚上休診、星期二晚上休診、星期三晚上休診、星期四晚上休診、星期五晚上休診、星期六晚上休診、星期日晚上休診","上午9點至12點下午2點至5點"
"3534012099","許明哲耳鼻喉科診所","專科診所","03 -9321168","宜蘭縣宜蘭市中山路２段３０８號１樓","臺北業務組","診所","門診診療,成人預防保健,口腔黏膜檢查,定量免疫法糞便潛血檢查","不分科,家醫科,耳鼻喉科","","星期一上午看診、星期二上午看診、星期三上午看診、星期四上午看診、星期五上午看診、星期六上午看診、星期日上午看診、星期一下午看診、星期二下午看診、星期三下午看診、星期四下午看診、星期五下午看診、星期六下午看診、星期日下午休診、星期一晚上看診、星期二晚上看診、星期三晚上看診、星期四晚上看診、星期五晚上看診、星期六晚上休診、星期日晚上看診",""
"3534012106","青田診所","專科診所","03 -9351291","宜蘭縣宜蘭市宜興路１段７９之１號","臺北業務組","診所","門診診療,血液透析,成人預防保健","內科","","星期一上午看診、星期二上午看診、星期三上午看診、星期四上午看診、星期五上午看診、星期六上午看診、星期日上午休診、星期一下午看診、星期二下午看診、星期三下午看診、星期四下午看診、星期五下午看診、星期六下午看診、星期日下午休診、星期一晚上看診、星期二晚上休診、星期三晚上看診、星期四晚上休診、星期五晚上看診、星期六晚上休診、星期日晚上休診","門診時間上午9點-12點 下午2點-5點 (週2.4.6--2點-3點) 晚上:7點-9點"
"3534012115","呂學劼診所","專科診所","03 -9362245","宜蘭縣宜蘭市復興路３５號","臺北業務組","診所","門診診療,成人預防保健,口腔黏膜檢查,定量免疫法糞便潛血檢查","內科","","星期一上午看診、星期二上午看診、星期三上午看診、星期四上午看診、星期五上午看診、星期六上午看診、星期日上午休診、星期一下午休診、星期二下午休診、星期三下午休診、星期四下午休診、星期五下午休診、星期六下午休診、星期日下午休診、星期一晚上看診、星期二晚上看診、星期三晚上看診、星期四晚上看診、星期五晚上看診、星期六晚上休診、星期日晚上休診",""
"3534012124","光中身心診所","專科診所","03 -9312300","宜蘭縣宜蘭市光復路３０號２樓","臺北業務組","診所","門診診療","精神科","","星期一上午休診、星期二上午看診、星期三上午看診、星期四上午休診、星期五上午看診、星期六上午看診、星期日上午休診、星期一下午看診、星期二下午休診、星期三下午休診、星期四下午看診、星期五下午看診、星期六下午休診、星期日下午休診、星期一晚上看診、星期二晚上看診、星期三晚上休診、星期四晚上看診、星期五晚上看診、星期六晚上休診、星期日晚上休診","下午3:00看診, 晚上 8:00結束"
"3534012151","胡進忠眼科診所","專科診所","03 -9321010","宜蘭縣宜蘭市中山路３段４２－１號","臺北業務組","診所","門診診療","眼科","","星期一上午看診、星期二上午看診、星期三上午看診、星期四上午看診、星期五上午看診、星期六上午看診、星期日上午休診、星期一下午看診、星期二下午休診、星期三下午休診、星期四下午看診、星期五下午看診、星期六下午休診、星期日下午休診、星期一晚上看診、星期二晚上看診、星期三晚上看診、星期四晚上看診、星期五晚上看診、星期六晚上休診、星期日晚上休診",""
"3534012160","宜美皮膚科診所","專科診所","03 -9321991","宜蘭縣宜蘭市中山路２段３０１－２號","臺北業務組","診所","門診診療","皮膚科","","星期一上午看診、星期二上午看診、星期三上午看診、星期四上午看診、星期五上午看診、星期六上午看診、星期日上午看診、星期一下午看診、星期二下午看診、星期三下午看診、星期四下午看診、星期五下午看診、星期六下午看診、星期日下午休診、星期一晚上看診、星期二晚上看診、星期三晚上看診、星期四晚上看診、星期五晚上看診、星期六晚上休診、星期日晚上休診",""
"3534012197","羅恭箎內科診所","一般診所（醫務室）","03 -9361179","宜蘭縣宜蘭市崇聖街８３、８３之１號１樓","臺北業務組","診所","門診診療,成人預防保健","內科","","星期一上午看診、星期二上午看診、星期三上午看診、星期四上午看診、星期五上午看診、星期六上午看診、星期日上午休診、星期一下午休診、星期二下午休診、星期三下午休診、星期四下午休診、星期五下午休診、星期六下午休診、星期日下午休診、星期一晚上看診、星期二晚上看診、星期三晚上看診、星期四晚上看診、星期五晚上看診、星期六晚上休診、星期日晚上休診",""
"3534012204","雅信診所","一般診所（醫務室）","03 -9326498","宜蘭縣宜蘭市民權路２段１０２號１樓","臺北業務組","診所","門診診療,成人預防保健","不分科,精神科","","星期一上午看診、星期二上午看診、星期三上午看診、星期四上午休診、星期五上午看診、星期六上午看診、星期日上午休診、星期一下午休診、星期二下午休診、星期三下午休診、星期四下午休診、星期五下午休診、星期六下午休診、星期日下午休診、星期一晚上看診、星期二晚上看診、星期三晚上休診、星期四晚上看診、星期五晚上看診、星期六晚上休診、星期日晚上休診",""
"3534012213","小河馬診所","一般診所（醫務室）","03 -9360950","宜蘭縣宜蘭市女中路３段２６－１號１樓","臺北業務組","診所","門診診療,成人預防保健","不分科","","星期一上午看診、星期二上午看診、星期三上午看診、星期四上午看診、星期五上午休診、星期六上午休診、星期日上午看診、星期一下午看診、星期二下午看診、星期三下午看診、星期四下午看診、星期五下午休診、星期六下午看診、星期日下午看診、星期一晚上看診、星期二晚上看診、星期三晚上看診、星期四晚上休診、星期五晚上休診、星期六晚上看診、星期日晚上看診",""
"3534012222","朱俊源診所","一般診所（醫務室）","03 -9322729","宜蘭縣宜蘭市中山路三段１７５號１樓","臺北業務組","診所","門診診療,兒童預防保健,成人預防保健,定量免疫法糞便潛血檢查","兒科","","星期一上午看診、星期二上午看診、星期三上午看診、星期四上午看診、星期五上午看診、星期六上午看診、星期日上午休診、星期一下午看診、星期二下午看診、星期三下午看診、星期四下午看診、星期五下午看診、星期六下午看診、星期日下午休診、星期一晚上看診、星期二晚上看診、星期三晚上看診、星期四晚上看診、星期五晚上看診、星期六晚上看診、星期日晚上休診",""
"3534012231","宜林大診所","西醫診所","03 -9280535","宜蘭縣宜蘭市中山路５段２１０號","臺北業務組","診所","復健－物理治療業務,復健－職能治療業務,門診診療,成人預防保健","不分科,復健科","","星期一上午看診、星期二上午看診、星期三上午看診、星期四上午休診、星期五上午看診、星期六上午看診、星期日上午休診、星期一下午看診、星期二下午看診、星期三下午看診、星期四下午看診、星期五下午休診、星期六下午休診、星期日下午休診、星期一晚上看診、星期二晚上看診、星期三晚上看診、星期四晚上看診、星期五晚上休診、星期六晚上休診、星期日晚上休診",""
"3534012240","博幼親子診所","西醫診所","03 -9370370","宜蘭縣宜蘭市東港路４０之１９號","臺北業務組","診所","門診診療,兒童預防保健,成人預防保健,定量免疫法糞便潛血檢查","家醫科","","星期一上午看診、星期二上午休診、星期三上午看診、星期四上午看診、星期五上午看診、星期六上午看診、星期日上午看診、星期一下午看診、星期二下午休診、星期三下午看診、星期四下午看診、星期五下午看診、星期六下午看診、星期日下午看診、星期一晚上看診、星期二晚上休診、星期三晚上看診、星期四晚上看診、星期五晚上看診、星期六晚上看診、星期日晚上看診",""
"3534012259","松禾診所","西醫診所","03 -9323068","宜蘭縣宜蘭市光復路４８號１０樓","臺北業務組","診所","門診診療,血液透析","內科","","星期一上午看診、星期二上午看診、星期三上午看診、星期四上午看診、星期五上午看診、星期六上午看診、星期日上午休診、星期一下午看診、星期二下午看診、星期三下午看診、星期四下午看診、星期五下午看診、星期六下午看診、星期日下午休診、星期一晚上看診、星期二晚上休診、星期三晚上看診、星期四晚上休診、星期五晚上看診、星期六晚上休診、星期日晚上休診",""
"3534020028","優昇診所","一般診所（醫務室）","03 -9572333","宜蘭縣羅東鎮開明里和平路７４號","臺北業務組","診所","門診診療,兒童預防保健,成人預防保健","家醫科,兒科","","星期一上午看診、星期二上午看診、星期三上午看診、星期四上午看診、星期五上午看診、星期六上午看診、星期日上午休診、星期一下午看診、星期二下午看診、星期三下午看診、星期四下午看診、星期五下午看診、星期六下午看診、星期日下午休診、星期一晚上看診、星期二晚上看診、星期三晚上看診、星期四晚上看診、星期五晚上看診、星期六晚上休診、星期日晚上休診","每周日不定時門診早上.請來電詢問"
"3534020046","仁和診所","一般診所（醫務室）","03 -9540168","宜蘭縣羅東鎮中山路３段２５９號","臺北業務組","診所","門診診療","不分科","","星期一上午看診、星期二上午看診、星期三上午看診、星期四上午看診、星期五上午看診、星期六上午看診、星期日上午休診、星期一下午休診、星期二下午休診、星期三下午休診、星期四下午休診、星期五下午休診、星期六下午休診、星期日下午休診、星期一晚上看診、星期二晚上看診、星期三晚上看診、星期四晚上看診、星期五晚上看診、星期六晚上休診、星期日晚上休診","1/21午晚休診"
"3534020055","明堂診所","一般診所（醫務室）","03 -9542560","宜蘭縣羅東鎮天津路２０號","臺北業務組","診所","門診診療,兒童預防保健","家醫科,外科","","星期一上午看診、星期二上午看診、星期三上午看診、星期四上午看診、星期五上午看診、星期六上午看診、星期日上午休診、星期一下午看診、星期二下午看診、星期三下午看診、星期四下午休診、星期五下午看診、星期六下午休診、星期日下午休診、星期一晚上看診、星期二晚上休診、星期三晚上看診、星期四晚上休診、星期五晚上看診、星期六晚上休診、星期日晚上休診",""
"3534020091","仁安診所","一般診所（醫務室）","03 -9543408","宜蘭縣羅東鎮中正街１９號","臺北業務組","診所","門診診療","不分科","","星期一上午看診、星期二上午看診、星期三上午看診、星期四上午看診、星期五上午看診、星期六上午看診、星期日上午休診、星期一下午看診、星期二下午看診、星期三下午看診、星期四下午看診、星期五下午看診、星期六下午看診、星期日下午休診、星期一晚上看診、星期二晚上看診、星期三晚上看診、星期四晚上看診、星期五晚上看診、星期六晚上看診、星期日晚上休診",""
"3534020144","黃內兒科診所","專科診所","03 -9545457","宜蘭縣羅東鎮振泰街２１號","臺北業務組","診所","門診診療,成人預防保健","內科,兒科","","星期一上午看診、星期二上午看診、星期三上午看診、星期四上午看診、星期五上午看診、星期六上午看診、星期日上午休診、星期一下午看診、星期二下午看診、星期三下午看診、星期四下午看診、星期五下午看診、星期六下午休診、星期日下午休診、星期一晚上看診、星期二晚上看診、星期三晚上看診、星期四晚上看診、星期五晚上看診、星期六晚上休診、星期日晚上休診","1/21早上看診"
"3534020153","黃耀發小兒科診所","專科診所","03 -9563673","宜蘭縣羅東鎮公正里公正路１３８號","臺北業務組","診所","門診診療,兒童預防保健,成人預防保健,定量免疫法糞便潛血檢查","兒科","","星期一上午看診、星期二上午看診、星期三上午看診、星期四上午看診、星期五上午看診、星期六上午看診、星期日上午休診、星期一下午看診、星期二下午看診、星期三下午看診、星期四下午看診、星期五下午看診、星期六下午看診、星期日下午休診、星期一晚上看診、星期二晚上看診、星期三晚上看診、星期四晚上看診、星期五晚上看診、星期六晚上看診、星期日晚上休診",""
"3534020162","五福診所","專科診所","03 -9542344","宜蘭縣羅東鎮中正路１０８號","臺北業務組","診所","門診診療","眼科","","星期一上午看診、星期二上午看診、星期三上午看診、星期四上午看診、星期五上午看診、星期六上午看診、星期日上午休診、星期一下午看診、星期二下午看診、星期三下午看診、星期四下午看診、星期五下午看診、星期六下午休診、星期日下午休診、星期一晚上休診、星期二晚上休診、星期三晚上休診、星期四晚上休診、星期五晚上休診、星期六晚上休診、星期日晚上休診","2月28日休診"
"3534020180","吳眼科診所","專科診所","03 -9541905","宜蘭縣羅東鎮公正里公正路９６號","臺北業務組","診所","門診診療","眼科","","星期一上午看診、星期二上午看診、星期三上午看診、星期四上午看診、星期五上午看診、星期六上午看診、星期日上午休診、星期一下午看診、星期二下午看診、星期三下午看診、星期四下午看診、星期五下午看診、星期六下午看診、星期日下午休診、星期一晚上看診、星期二晚上看診、星期三晚上看診、星期四晚上看診、星期五晚上看診、星期六晚上看診、星期日晚上休診","1/22早上看診"
"3534020206","洪內兒科診所","專科診所","03 -9576643","宜蘭縣羅東鎮集祥里天津路３號","臺北業務組","診所","門診診療,兒童預防保健,成人預防保健,口腔黏膜檢查,定量免疫法糞便潛血檢查","家醫科,內科","","星期一上午看診、星期二上午看診、星期三上午看診、星期四上午看診、星期五上午看診、星期六上午看診、星期日上午休診、星期一下午休診、星期二下午休診、星期三下午休診、星期四下午休診、星期五下午休診、星期六下午休診、星期日下午休診、星期一晚上看診、星期二晚上看診、星期三晚上看診、星期四晚上看診、星期五晚上看診、星期六晚上休診、星期日晚上休診",""
"3534020215","詹內兒科診所","專科診所","03 -9551047","宜蘭縣羅東鎮公正路１２８號","臺北業務組","診所","門診診療","家醫科,內科","","星期一上午看診、星期二上午看診、星期三上午看診、星期四上午看診、星期五上午看診、星期六上午看診、星期日上午休診、星期一下午看診、星期二下午看診、星期三下午看診、星期四下午看診、星期五下午看診、星期六下午看診、星期日下午休診、星期一晚上看診、星期二晚上看診、星期三晚上看診、星期四晚上看診、星期五晚上看診、星期六晚上看診、星期日晚上休診",""
"3534020224","陳內兒科診所","專科診所","03 -9542925","宜蘭縣羅東鎮民權路５６巷１１號","臺北業務組","診所","門診診療,兒童預防保健,成人預防保健","家醫科,內科","","星期一上午看診、星期二上午看診、星期三上午看診、星期四上午看診、星期五上午看診、星期六上午看診、星期日上午休診、星期一下午看診、星期二下午看診、星期三下午看診、星期四下午看診、星期五下午看診、星期六下午看診、星期日下午休診、星期一晚上休診、星期二晚上休診、星期三晚上休診、星期四晚上休診、星期五晚上休診、星期六晚上休診、星期日晚上休診",""
"3534020242","李鏡明內科小兒科診所","專科診所","03 -9555051","宜蘭縣羅東鎮公正路９８號","臺北業務組","診所","門診診療,成人預防保健","內科,兒科","","星期一上午看診、星期二上午看診、星期三上午看診、星期四上午看診、星期五上午看診、星期六上午看診、星期日上午休診、星期一下午看診、星期二下午看診、星期三下午看診、星期四下午看診、星期五下午看診、星期六下午看診、星期日下午休診、星期一晚上看診、星期二晚上看診、星期三晚上看診、星期四晚上看診、星期五晚上看診、星期六晚上看診、星期日晚上休診","只休1/23日"
"3534020279","許醫師內兒科診所","專科診所","03 -9549669","宜蘭縣羅東鎮集祥里長春路３５號","臺北業務組","診所","門診診療","內科","","星期一上午看診、星期二上午看診、星期三上午看診、星期四上午看診、星期五上午看診、星期六上午看診、星期日上午休診、星期一下午看診、星期二下午看診、星期三下午看診、星期四下午看診、星期五下午看診、星期六下午看診、星期日下午休診、星期一晚上看診、星期二晚上看診、星期三晚上看診、星期四晚上看診、星期五晚上看診、星期六晚上看診、星期日晚上休診",""
"3534020288","藍內兒科診所","專科診所","03 -9568020","宜蘭縣羅東鎮中山路３段１９６號","臺北業務組","診所","門診診療,成人預防保健","家醫科","","星期一上午看診、星期二上午看診、星期三上午看診、星期四上午看診、星期五上午看診、星期六上午看診、星期日上午休診、星期一下午看診、星期二下午看診、星期三下午看診、星期四下午看診、星期五下午看診、星期六下午看診、星期日下午休診、星期一晚上看診、星期二晚上看診、星期三晚上看診、星期四晚上看診、星期五晚上看診、星期六晚上看診、星期日晚上休診",""
"3534020304","泰林診所","專科診所","03 -9562546","宜蘭縣羅東鎮成功里興東南路１７０號","臺北業務組","診所","門診診療,成人預防保健","家醫科","","星期一上午看診、星期二上午看診、星期三上午看診、星期四上午看診、星期五上午看診、星期六上午休診、星期日上午看診、星期一下午看診、星期二下午看診、星期三下午看診、星期四下午看診、星期五下午看診、星期六下午休診、星期日下午休診、星期一晚上看診、星期二晚上看診、星期三晚上看診、星期四晚上看診、星期五晚上看診、星期六晚上休診、星期日晚上看診","1/22早上看診"
"3534020313","石耳鼻喉科診所","專科診所","03 -9565973","宜蘭縣羅東鎮倉前路５５號","臺北業務組","診所","門診診療,口腔黏膜檢查","耳鼻喉科","","星期一上午看診、星期二上午看診、星期三上午看診、星期四上午看診、星期五上午看診、星期六上午看診、星期日上午休診、星期一下午看診、星期二下午看診、星期三下午休診、星期四下午看診、星期五下午看診、星期六下午看診、星期日下午休診、星期一晚上休診、星期二晚上休診、星期三晚上休診、星期四晚上休診、星期五晚上休診、星期六晚上休診、星期日晚上休診",""
"3534020340","李建政耳鼻喉科診所","專科診所","03 -9540935","宜蘭縣羅東鎮公正里公正路２０２號","臺北業務組","診所","門診診療","耳鼻喉科","","星期一上午看診、星期二上午看診、星期三上午看診、星期四上午看診、星期五上午看診、星期六上午看診、星期日上午休診、星期一下午看診、星期二下午看診、星期三下午看診、星期四下午看診、星期五下午看診、星期六下午看診、星期日下午休診、星期一晚上看診、星期二晚上看診、星期三晚上看診、星期四晚上看診、星期五晚上看診、星期六晚上看診、星期日晚上休診","1/22早上門診"
"3534020359","謝漢池診所","一般診所（醫務室）","03 -9572081","宜蘭縣羅東鎮忠孝路９１號","臺北業務組","診所","門診診療,成人預防保健,口腔黏膜檢查,定量免疫法糞便潛血檢查","不分科","","星期一上午看診、星期二上午看診、星期三上午看診、星期四上午看診、星期五上午看診、星期六上午看診、星期日上午休診、星期一下午看診、星期二下午看診、星期三下午看診、星期四下午看診、星期五下午看診、星期六下午看診、星期日下午休診、星期一晚上看診、星期二晚上看診、星期三晚上休診、星期四晚上看診、星期五晚上看診、星期六晚上休診、星期日晚上休診",""
"3534020368","仁壽診所","專科診所","03 -9544175","宜蘭縣羅東鎮中正南路１９７號","臺北業務組","診所","門診診療,成人預防保健","家醫科,兒科","","星期一上午看診、星期二上午看診、星期三上午看診、星期四上午休診、星期五上午看診、星期六上午看診、星期日上午看診、星期一下午看診、星期二下午看診、星期三下午看診、星期四下午休診、星期五下午看診、星期六下午看診、星期日下午休診、星期一晚上看診、星期二晚上看診、星期三晚上看診、星期四晚上休診、星期五晚上看診、星期六晚上看診、星期日晚上休診","1/22早上看診"
"3534020395","王維昌診所","一般診所（醫務室）","03 -9562512","宜蘭縣羅東鎮公正路１６７－３號","臺北業務組","診所","安寧居家療護(乙類),門診診療,兒童預防保健,成人預防保健,口腔黏膜檢查,定量免疫法糞便潛血檢查","不分科,家醫科,兒科","","星期一上午看診、星期二上午看診、星期三上午看診、星期四上午看診、星期五上午看診、星期六上午看診、星期日上午休診、星期一下午看診、星期二下午看診、星期三下午看診、星期四下午看診、星期五下午看診、星期六下午看診、星期日下午休診、星期一晚上看診、星期二晚上看診、星期三晚上看診、星期四晚上看診、星期五晚上看診、星期六晚上看診、星期日晚上休診",""
"3534020411","王步幸耳鼻喉科診所","專科診所","03 -9565555","宜蘭縣羅東鎮浮崙里興東路１３－３號","臺北業務組","診所","門診診療","耳鼻喉科","","星期一上午看診、星期二上午看診、星期三上午看診、星期四上午看診、星期五上午看診、星期六上午看診、星期日上午休診、星期一下午休診、星期二下午休診、星期三下午休診、星期四下午休診、星期五下午休診、星期六下午休診、星期日下午休診、星期一晚上看診、星期二晚上看診、星期三晚上看診、星期四晚上看診、星期五晚上看診、星期六晚上休診、星期日晚上休診","AM:8-12 ,PM:17-21.國定假日及週六只看上午,晚上休診."
"3534020420","顏江龍整形外科診所","專科診所","03 -9545390","宜蘭縣羅東鎮南昌里南昌街３３－６號３樓","臺北業務組","診所","門診診療","整形外科","","星期一上午休診、星期二上午看診、星期三上午看診、星期四上午看診、星期五上午看診、星期六上午看診、星期日上午休診、星期一下午看診、星期二下午看診、星期三下午看診、星期四下午看診、星期五下午看診、星期六下午休診、星期日下午休診、星期一晚上看診、星期二晚上看診、星期三晚上看診、星期四晚上看診、星期五晚上看診、星期六晚上休診、星期日晚上休診",""
"3534020439","呂耳鼻喉科診所","專科診所","03 -9547335","宜蘭縣羅東鎮集祥里公正街２５號","臺北業務組","診所","門診診療,口腔黏膜檢查","耳鼻喉科","","星期一上午看診、星期二上午看診、星期三上午看診、星期四上午看診、星期五上午看診、星期六上午看診、星期日上午休診、星期一下午休診、星期二下午休診、星期三下午休診、星期四下午休診、星期五下午休診、星期六下午休診、星期日下午休診、星期一晚上看診、星期二晚上看診、星期三晚上看診、星期四晚上看診、星期五晚上看診、星期六晚上看診、星期日晚上休診","門診時間上午8 :30至12:00. 晚上6:30至9:00."
"3534020448","侯眼科診所","專科診所","03 -9561477","宜蘭縣羅東鎮大新里６鄰和平路１４２號","臺北業務組","診所","門診診療","眼科","","星期一上午看診、星期二上午看診、星期三上午看診、星期四上午看診、星期五上午看診、星期六上午看診、星期日上午休診、星期一下午看診、星期二下午看診、星期三下午看診、星期四下午看診、星期五下午看診、星期六下午休診、星期日下午休診、星期一晚上看診、星期二晚上看診、星期三晚上看診、星期四晚上看診、星期五晚上看診、星期六晚上休診、星期日晚上休診","1/21早上看診"
"3534020475","鄭裕南復健科診所","專科診所","03 -9566619","宜蘭縣羅東鎮倉前路７７－７號","臺北業務組","診所","復健－物理治療業務,復健－職能治療業務,復健－語言治療業務,門診診療","復健科","","星期一上午看診、星期二上午看診、星期三上午看診、星期四上午看診、星期五上午看診、星期六上午看診、星期日上午休診、星期一下午休診、星期二下午休診、星期三下午看診、星期四下午休診、星期五下午休診、星期六下午休診、星期日下午休診、星期一晚上看診、星期二晚上看診、星期三晚上休診、星期四晚上看診、星期五晚上看診、星期六晚上休診、星期日晚上休診","無急診"
"3534020537","普濟診所","專科診所","03 -9569270","宜蘭縣羅東鎮興東南路２３３號","臺北業務組","診所","門診診療,兒童預防保健,成人預防保健,口腔黏膜檢查,定量免疫法糞便潛血檢查","兒科","","星期一上午看診、星期二上午看診、星期三上午看診、星期四上午看診、星期五上午看診、星期六上午看診、星期日上午休診、星期一下午看診、星期二下午看診、星期三下午看診、星期四下午看診、星期五下午看診、星期六下午休診、星期日下午休診、星期一晚上看診、星期二晚上看診、星期三晚上休診、星期四晚上看診、星期五晚上看診、星期六晚上休診、星期日晚上休診","下午3:30 開始看診"
"3534020555","溫家麟診所","專科診所","03 -9571363","宜蘭縣羅東鎮公正里公正路２６４號","臺北業務組","診所","門診診療,成人預防保健","內科","","星期一上午看診、星期二上午看診、星期三上午看診、星期四上午看診、星期五上午看診、星期六上午看診、星期日上午休診、星期一下午看診、星期二下午看診、星期三下午看診、星期四下午看診、星期五下午看診、星期六下午看診、星期日下午休診、星期一晚上看診、星期二晚上看診、星期三晚上看診、星期四晚上看診、星期五晚上看診、星期六晚上休診、星期日晚上休診",""
"3534020573","林正權婦產科診所","專科診所","03 -9571543","宜蘭縣羅東鎮天津路１８－１號","臺北業務組","診所","門診診療,婦女子宮頸抹片檢查,孕婦產檢","婦產科","","星期一上午休診、星期二上午休診、星期三上午休診、星期四上午休診、星期五上午休診、星期六上午看診、星期日上午看診、星期一下午看診、星期二下午看診、星期三下午看診、星期四下午看診、星期五下午看診、星期六下午看診、星期日下午休診、星期一晚上看診、星期二晚上看診、星期三晚上看診、星期四晚上看診、星期五晚上看診、星期六晚上休診、星期日晚上休診","上午8:30~12:00,下午1:00~5:00,晚上6:00~9:30."
"3534020582","北成診所","一般診所（醫務室）","03 -9514467","宜蘭縣羅東鎮中山路４段２４０號","臺北業務組","診所","門診診療,成人預防保健,口腔黏膜檢查,定量免疫法糞便潛血檢查","內科","","星期一上午看診、星期二上午看診、星期三上午看診、星期四上午看診、星期五上午看診、星期六上午看診、星期日上午休診、星期一下午看診、星期二下午看診、星期三下午休診、星期四下午看診、星期五下午看診、星期六下午看診、星期日下午休診、星期一晚上看診、星期二晚上看診、星期三晚上看診、星期四晚上看診、星期五晚上看診、星期六晚上看診、星期日晚上休診",""
"3534020608","陳文貴診所","一般診所（醫務室）","03 -9550101","宜蘭縣羅東鎮公正里興東路１１８號１，２樓","臺北業務組","診所","門診診療,血液透析,成人預防保健,口腔黏膜檢查,定量免疫法糞便潛血檢查","內科","","星期一上午看診、星期二上午看診、星期三上午看診、星期四上午看診、星期五上午看診、星期六上午看診、星期日上午休診、星期一下午休診、星期二下午休診、星期三下午休診、星期四下午休診、星期五下午休診、星期六下午休診、星期日下午休診、星期一晚上看診、星期二晚上看診、星期三晚上看診、星期四晚上休診、星期五晚上看診、星期六晚上休診、星期日晚上休診",""
"3534020626","洪眼科診所","專科診所","03 -9562293","宜蘭縣羅東鎮公正路１６７－１號","臺北業務組","診所","門診診療","眼科","","星期一上午看診、星期二上午看診、星期三上午看診、星期四上午看診、星期五上午看診、星期六上午看診、星期日上午休診、星期一下午看診、星期二下午看診、星期三下午看診、星期四下午看診、星期五下午看診、星期六下午看診、星期日下午休診、星期一晚上看診、星期二晚上看診、星期三晚上看診、星期四晚上看診、星期五晚上看診、星期六晚上休診、星期日晚上休診",""
"3534020635","吳振華小兒科診所","專科診所","03 -9548549","宜蘭縣羅東鎮中正南路６３號","臺北業務組","診所","門診診療,兒童預防保健,成人預防保健","兒科","","星期一上午看診、星期二上午看診、星期三上午看診、星期四上午看診、星期五上午看診、星期六上午看診、星期日上午休診、星期一下午看診、星期二下午休診、星期三下午看診、星期四下午休診、星期五下午看診、星期六下午看診、星期日下午休診、星期一晚上看診、星期二晚上看診、星期三晚上看診、星期四晚上看診、星期五晚上看診、星期六晚上休診、星期日晚上休診","11月23，30兩週日早上9-12點有看診，11/26早上休診"
"3534020653","洪仁宗診所","一般診所（醫務室）","03 -9558720","宜蘭縣羅東鎮興東南路２５７號","臺北業務組","診所","門診診療,成人預防保健","內科","","星期一上午看診、星期二上午看診、星期三上午看診、星期四上午看診、星期五上午看診、星期六上午看診、星期日上午休診、星期一下午看診、星期二下午看診、星期三下午看診、星期四下午看診、星期五下午看診、星期六下午休診、星期日下午休診、星期一晚上看診、星期二晚上看診、星期三晚上看診、星期四晚上看診、星期五晚上看診、星期六晚上休診、星期日晚上休診",""
"3534020662","信德診所","一般診所（醫務室）","03 -9561067","宜蘭縣羅東鎮中山路３段２５８號","臺北業務組","診所","門診診療,成人預防保健,口腔黏膜檢查,定量免疫法糞便潛血檢查","不分科","","星期一上午看診、星期二上午看診、星期三上午看診、星期四上午看診、星期五上午看診、星期六上午看診、星期日上午休診、星期一下午休診、星期二下午休診、星期三下午休診、星期四下午休診、星期五下午休診、星期六下午休診、星期日下午休診、星期一晚上看診、星期二晚上看診、星期三晚上看診、星期四晚上看診、星期五晚上看診、星期六晚上休診、星期日晚上休診",""
"3534020671","芳山診所","一般診所（醫務室）","03 -9566210","宜蘭縣羅東鎮大新里中正路１５６號","臺北業務組","診所","門診診療,兒童預防保健,成人預防保健,定量免疫法糞便潛血檢查","不分科","","星期一上午看診、星期二上午看診、星期三上午看診、星期四上午看診、星期五上午看診、星期六上午看診、星期日上午休診、星期一下午看診、星期二下午看診、星期三下午休診、星期四下午看診、星期五下午休診、星期六下午看診、星期日下午休診、星期一晚上看診、星期二晚上看診、星期三晚上看診、星期四晚上看診、星期五晚上看診、星期六晚上休診、星期日晚上休診","國定假日看診為8:30到12:00."
"3534020680","佳美診所","一般診所（醫務室）","03 -9547975","宜蘭縣羅東鎮公正路９５－１號","臺北業務組","診所","門診診療","外科,皮膚科","","星期一上午看診、星期二上午看診、星期三上午看診、星期四上午看診、星期五上午看診、星期六上午看診、星期日上午休診、星期一下午看診、星期二下午看診、星期三下午休診、星期四下午看診、星期五下午看診、星期六下午休診、星期日下午休診、星期一晚上看診、星期二晚上看診、星期三晚上休診、星期四晚上看診、星期五晚上看診、星期六晚上休診、星期日晚上休診","5月1及30日休診,"
"3534020699","李翰林眼科診所","專科診所","03 -9559877","宜蘭縣羅東鎮公正里公正路２５８號１、２樓","臺北業務組","診所","門診診療","眼科","","星期一上午看診、星期二上午看診、星期三上午看診、星期四上午看診、星期五上午看診、星期六上午看診、星期日上午休診、星期一下午看診、星期二下午看診、星期三下午看診、星期四下午看診、星期五下午看診、星期六下午看診、星期日下午休診、星期一晚上看診、星期二晚上看診、星期三晚上看診、星期四晚上看診、星期五晚上看診、星期六晚上休診、星期日晚上休診",""
"3534021730","佳音診所","一般診所（醫務室）","03 -9557197","宜蘭縣羅東鎮光榮路４２１號","臺北業務組","診所","門診診療,成人預防保健","不分科","","星期一上午看診、星期二上午看診、星期三上午看診、星期四上午看診、星期五上午看診、星期六上午看診、星期日上午休診、星期一下午看診、星期二下午休診、星期三下午看診、星期四下午休診、星期五下午休診、星期六下午休診、星期日下午休診、星期一晚上休診、星期二晚上看診、星期三晚上休診、星期四晚上看診、星期五晚上看診、星期六晚上休診、星期日晚上休診",""
"3534021749","黃圭龍小兒科診所","專科診所","03 -9617199","宜蘭縣羅東鎮維揚路３０號１樓","臺北業務組","診所","門診診療,兒童預防保健,成人預防保健","兒科","","星期一上午看診、星期二上午看診、星期三上午看診、星期四上午休診、星期五上午看診、星期六上午看診、星期日上午休診、星期一下午看診、星期二下午看診、星期三下午休診、星期四下午休診、星期五下午休診、星期六下午休診、星期日下午休診、星期一晚上看診、星期二晚上休診、星期三晚上看診、星期四晚上看診、星期五晚上看診、星期六晚上休診、星期日晚上休診",""
"3534021776","蔡孟吉耳鼻喉科診所","專科診所","03 -9531608","宜蘭縣羅東鎮民生東路６６號","臺北業務組","診所","門診診療","耳鼻喉科","","星期一上午看診、星期二上午看診、星期三上午看診、星期四上午看診、星期五上午看診、星期六上午看診、星期日上午休診、星期一下午看診、星期二下午看診、星期三下午看診、星期四下午休診、星期五下午看診、星期六下午看診、星期日下午休診、星期一晚上看診、星期二晚上看診、星期三晚上看診、星期四晚上看診、星期五晚上看診、星期六晚上休診、星期日晚上休診","假日請先電話約詢上午8-12下午3-6晚上7-9,03-9531608"
"3534021801","趙耳鼻喉科診所","專科診所","03 -9541033","宜蘭縣羅東鎮中正街１０號","臺北業務組","診所","門診診療,口腔黏膜檢查","耳鼻喉科","","星期一上午看診、星期二上午看診、星期三上午看診、星期四上午看診、星期五上午看診、星期六上午看診、星期日上午休診、星期一下午看診、星期二下午看診、星期三下午看診、星期四下午看診、星期五下午看診、星期六下午看診、星期日下午休診、星期一晚上看診、星期二晚上休診、星期三晚上看診、星期四晚上看診、星期五晚上看診、星期六晚上休診、星期日晚上休診",""
"3534021838","陳重慶診所","一般診所（醫務室）","03 -9574678","宜蘭縣羅東鎮民族路７０號","臺北業務組","診所","門診診療,成人預防保健,口腔黏膜檢查,定量免疫法糞便潛血檢查","內科","","星期一上午看診、星期二上午看診、星期三上午看診、星期四上午看診、星期五上午看診、星期六上午看診、星期日上午休診、星期一下午休診、星期二下午休診、星期三下午休診、星期四下午休診、星期五下午休診、星期六下午休診、星期日下午休診、星期一晚上看診、星期二晚上看診、星期三晚上看診、星期四晚上看診、星期五晚上看診、星期六晚上休診、星期日晚上休診","6月9號早上看診 晚上休診至6月9日晚上6月10日照常看診"
"3534021847","吳得中診所","一般診所（醫務室）","03 -9561122","宜蘭縣羅東鎮興東路１１８號３樓及１２０號３樓","臺北業務組","診所","門診診療,血液透析,成人預防保健","內科","","星期一上午看診、星期二上午看診、星期三上午看診、星期四上午看診、星期五上午看診、星期六上午看診、星期日上午休診、星期一下午休診、星期二下午休診、星期三下午休診、星期四下午休診、星期五下午休診、星期六下午休診、星期日下午休診、星期一晚上看診、星期二晚上看診、星期三晚上看診、星期四晚上休診、星期五晚上看診、星期六晚上休診、星期日晚上休診","國定假日(5/30號)休診一天."
"3534021856","謝世雄診所","一般診所（醫務室）","03 -9532323","宜蘭縣羅東鎮倉前路５３號","臺北業務組","診所","門診診療,成人預防保健,口腔黏膜檢查,定量免疫法糞便潛血檢查","內科","","星期一上午看診、星期二上午看診、星期三上午看診、星期四上午看診、星期五上午看診、星期六上午看診、星期日上午休診、星期一下午看診、星期二下午看診、星期三下午看診、星期四下午看診、星期五下午看診、星期六下午休診、星期日下午休診、星期一晚上看診、星期二晚上看診、星期三晚上看診、星期四晚上看診、星期五晚上看診、星期六晚上休診、星期日晚上休診",""
"3534021883","陳思衡復健科診所","專科診所","03 -9549338","宜蘭縣羅東鎮中正南路１３７號","臺北業務組","診所","復健－物理治療業務,復健－職能治療業務,門診診療","復健科","","星期一上午看診、星期二上午看診、星期三上午看診、星期四上午看診、星期五上午看診、星期六上午看診、星期日上午休診、星期一下午看診、星期二下午看診、星期三下午看診、星期四下午看診、星期五下午看診、星期六下午休診、星期日下午休診、星期一晚上看診、星期二晚上看診、星期三晚上看診、星期四晚上看診、星期五晚上看診、星期六晚上休診、星期日晚上休診",""
"3534021892","王仁暉皮膚科診所","專科診所","03 -9542968","宜蘭縣羅東鎮興東南路２３１號","臺北業務組","診所","門診診療","不分科,皮膚科","","星期一上午看診、星期二上午休診、星期三上午看診、星期四上午看診、星期五上午看診、星期六上午看診、星期日上午休診、星期一下午看診、星期二下午看診、星期三下午看診、星期四下午看診、星期五下午看診、星期六下午看診、星期日下午休診、星期一晚上看診、星期二晚上看診、星期三晚上看診、星期四晚上看診、星期五晚上看診、星期六晚上休診、星期日晚上休診",""
"3534021909","游信得診所","一般診所（醫務室）","03 -9577795","宜蘭縣羅東鎮復興路２段１６１號","臺北業務組","診所","門診診療,成人預防保健,口腔黏膜檢查,定量免疫法糞便潛血檢查","不分科","","星期一上午看診、星期二上午看診、星期三上午看診、星期四上午看診、星期五上午看診、星期六上午休診、星期日上午休診、星期一下午看診、星期二下午休診、星期三下午看診、星期四下午休診、星期五下午看診、星期六下午休診、星期日下午休診、星期一晚上看診、星期二晚上看診、星期三晚上看診、星期四晚上看診、星期五晚上看診、星期六晚上休診、星期日晚上看診","上午診 0730-1200  下午診 0400-0530 晚上診 0700-0900  假日診為晚上0600-0900"
"3534021927","游能俊診所","一般診所（醫務室）","03 -9556670","宜蘭縣羅東鎮光榮路４９１號","臺北業務組","診所","門診診療","內科","","星期一上午看診、星期二上午看診、星期三上午看診、星期四上午看診、星期五上午看診、星期六上午看診、星期日上午休診、星期一下午看診、星期二下午看診、星期三下午休診、星期四下午休診、星期五下午休診、星期六下午休診、星期日下午休診、星期一晚上看診、星期二晚上看診、星期三晚上休診、星期四晚上休診、星期五晚上休診、星期六晚上休診、星期日晚上休診","週六上午門診採預約掛號.請先預約"
"3534021954","藍正州小兒科診所","專科診所","03 -9531168","宜蘭縣羅東鎮南門路２０號","臺北業務組","診所","門診診療,兒童預防保健,成人預防保健,口腔黏膜檢查,定量免疫法糞便潛血檢查","兒科","","星期一上午看診、星期二上午看診、星期三上午看診、星期四上午看診、星期五上午看診、星期六上午看診、星期日上午休診、星期一下午休診、星期二下午休診、星期三下午看診、星期四下午休診、星期五下午看診、星期六下午看診、星期日下午休診、星期一晚上看診、星期二晚上看診、星期三晚上休診、星期四晚上看診、星期五晚上休診、星期六晚上休診、星期日晚上休診","雙週週六下午休診"
"3534021963","維揚診所","一般診所（醫務室）","03 -9510299","宜蘭縣羅東鎮維揚路１３６號","臺北業務組","診所","門診診療,成人預防保健","家醫科","","星期一上午看診、星期二上午看診、星期三上午看診、星期四上午看診、星期五上午看診、星期六上午休診、星期日上午休診、星期一下午看診、星期二下午看診、星期三下午看診、星期四下午看診、星期五下午看診、星期六下午休診、星期日下午休診、星期一晚上休診、星期二晚上休診、星期三晚上休診、星期四晚上休診、星期五晚上休診、星期六晚上休診、星期日晚上休診",""
"3534021990","王東生診所","一般診所（醫務室）","03 -9612285","宜蘭縣羅東鎮維揚路７８號","臺北業務組","診所","門診診療","神經外科","","星期一上午看診、星期二上午看診、星期三上午看診、星期四上午看診、星期五上午看診、星期六上午看診、星期日上午休診、星期一下午看診、星期二下午看診、星期三下午看診、星期四下午看診、星期五下午看診、星期六下午休診、星期日下午休診、星期一晚上看診、星期二晚上看診、星期三晚上看診、星期四晚上看診、星期五晚上看診、星期六晚上休診、星期日晚上休診",""
"3534022004","林榆森小兒科診所","一般診所（醫務室）","03 -9559955","宜蘭縣羅東鎮中正北路１７號１樓","臺北業務組","診所","門診診療,兒童預防保健,成人預防保健","兒科","","星期一上午看診、星期二上午看診、星期三上午看診、星期四上午看診、星期五上午看診、星期六上午看診、星期日上午看診、星期一下午休診、星期二下午休診、星期三下午休診、星期四下午休診、星期五下午休診、星期六下午休診、星期日下午休診、星期一晚上看診、星期二晚上看診、星期三晚上看診、星期四晚上看診、星期五晚上看診、星期六晚上休診、星期日晚上看診",""
"3534022031","家家診所","專科診所","03 -9556228","宜蘭縣羅東鎮中山路３段２７７號","臺北業務組","診所","門診診療,兒童預防保健,成人預防保健,口腔黏膜檢查,定量免疫法糞便潛血檢查","兒科","","星期一上午看診、星期二上午看診、星期三上午休診、星期四上午看診、星期五上午看診、星期六上午看診、星期日上午休診、星期一下午看診、星期二下午看診、星期三下午休診、星期四下午看診、星期五下午看診、星期六下午看診、星期日下午休診、星期一晚上看診、星期二晚上看診、星期三晚上休診、星期四晚上看診、星期五晚上看診、星期六晚上休診、星期日晚上休診",""
"3534022059","光澤診所","一般診所（醫務室）","03 -9566901","宜蘭縣羅東鎮興東路１１７號２樓","臺北業務組","診所","門診診療","不分科,皮膚科","","星期一上午看診、星期二上午看診、星期三上午看診、星期四上午看診、星期五上午看診、星期六上午看診、星期日上午休診、星期一下午看診、星期二下午看診、星期三下午看診、星期四下午看診、星期五下午看診、星期六下午看診、星期日下午休診、星期一晚上看診、星期二晚上看診、星期三晚上看診、星期四晚上看診、星期五晚上看診、星期六晚上看診、星期日晚上休診",""
"3534022068","黃志賢婦產科診所","專科診所","03 -9610528","宜蘭縣羅東鎮維揚路１６號１樓","臺北業務組","診所","門診診療,婦女子宮頸抹片檢查,孕婦產檢,定量免疫法糞便潛血檢查","婦產科","","星期一上午看診、星期二上午看診、星期三上午看診、星期四上午看診、星期五上午看診、星期六上午看診、星期日上午休診、星期一下午看診、星期二下午看診、星期三下午休診、星期四下午看診、星期五下午看診、星期六下午休診、星期日下午休診、星期一晚上休診、星期二晚上休診、星期三晚上看診、星期四晚上看診、星期五晚上休診、星期六晚上休診、星期日晚上休診",""
"3534022077","羅東眼科診所","專科診所","03 -9565256","宜蘭縣羅東鎮中正路７８號１樓","臺北業務組","診所","門診診療","眼科","","星期一上午看診、星期二上午看診、星期三上午看診、星期四上午看診、星期五上午看診、星期六上午看診、星期日上午休診、星期一下午休診、星期二下午休診、星期三下午休診、星期四下午休診、星期五下午休診、星期六下午休診、星期日下午休診、星期一晚上看診、星期二晚上看診、星期三晚上看診、星期四晚上看診、星期五晚上看診、星期六晚上看診、星期日晚上休診",""
"3534022086","東興婦產科診所","專科診所","03 -9547102","宜蘭縣羅東鎮興東路２６９號","臺北業務組","診所","門診診療,成人預防保健,婦女子宮頸抹片檢查,孕婦產檢,分娩,婦產科C表手術項目,定量免疫法糞便潛血檢查","家醫科,婦產科","","星期一上午看診、星期二上午看診、星期三上午看診、星期四上午看診、星期五上午看診、星期六上午看診、星期日上午休診、星期一下午看診、星期二下午看診、星期三下午看診、星期四下午看診、星期五下午看診、星期六下午看診、星期日下午休診、星期一晚上看診、星期二晚上看診、星期三晚上看診、星期四晚上看診、星期五晚上看診、星期六晚上休診、星期日晚上休診",""
"3534022095","林育全皮膚專科診所","專科診所","03 -9568788","宜蘭縣羅東鎮倉前路４２號","臺北業務組","診所","門診診療","皮膚科","","星期一上午看診、星期二上午休診、星期三上午休診、星期四上午休診、星期五上午休診、星期六上午看診、星期日上午休診、星期一下午看診、星期二下午看診、星期三下午看診、星期四下午看診、星期五下午看診、星期六下午看診、星期日下午休診、星期一晚上看診、星期二晚上看診、星期三晚上看診、星期四晚上看診、星期五晚上看診、星期六晚上休診、星期日晚上休診",""
"3534022102","劉醫師小兒科診所","專科診所","03 -9518121","宜蘭縣羅東鎮純精路２段２２９號","臺北業務組","診所","門診診療,兒童預防保健,成人預防保健","兒科","","星期一上午看診、星期二上午休診、星期三上午看診、星期四上午看診、星期五上午看診、星期六上午休診、星期日上午看診、星期一下午看診、星期二下午看診、星期三下午看診、星期四下午看診、星期五下午看診、星期六下午休診、星期日下午休診、星期一晚上看診、星期二晚上看診、星期三晚上看診、星期四晚上看診、星期五晚上看診、星期六晚上休診、星期日晚上休診",""
"3534022120","傳康診所","一般診所（醫務室）","03 -9578119","宜蘭縣羅東鎮興東南路２３２號２樓","臺北業務組","診所","門診診療,血液透析,成人預防保健,定量免疫法糞便潛血檢查","內科","","星期一上午看診、星期二上午看診、星期三上午看診、星期四上午看診、星期五上午看診、星期六上午看診、星期日上午休診、星期一下午看診、星期二下午看診、星期三下午看診、星期四下午看診、星期五下午看診、星期六下午休診、星期日下午休診、星期一晚上休診、星期二晚上休診、星期三晚上休診、星期四晚上休診、星期五晚上休診、星期六晚上休診、星期日晚上休診",""
"3534030122","吳慶順診所","一般診所（醫務室）","03 -9969747","宜蘭縣蘇澳鎮華中街５號","臺北業務組","診所","門診診療,兒童預防保健,成人預防保健,婦女子宮頸抹片檢查,孕婦產檢,口腔黏膜檢查","不分科","","星期一上午看診、星期二上午看診、星期三上午看診、星期四上午看診、星期五上午看診、星期六上午看診、星期日上午休診、星期一下午看診、星期二下午看診、星期三下午看診、星期四下午看診、星期五下午看診、星期六下午休診、星期日下午休診、星期一晚上看診、星期二晚上看診、星期三晚上看診、星期四晚上看診、星期五晚上看診、星期六晚上休診、星期日晚上休診",""
"3534030140","俞國棟診所","一般診所（醫務室）","03 -9951396","宜蘭縣蘇澳鎮蘇港路３６９號","臺北業務組","診所","復健－物理治療業務,門診診療,成人預防保健,定量免疫法糞便潛血檢查","骨科","","星期一上午看診、星期二上午看診、星期三上午看診、星期四上午看診、星期五上午看診、星期六上午看診、星期日上午休診、星期一下午看診、星期二下午休診、星期三下午看診、星期四下午休診、星期五下午看診、星期六下午休診、星期日下午休診、星期一晚上看診、星期二晚上看診、星期三晚上看診、星期四晚上看診、星期五晚上看診、星期六晚上休診、星期日晚上休診",""
"3534030159","周金章診所","一般診所（醫務室）","03 -9951521","宜蘭縣蘇澳鎮中山路１段１１６號","臺北業務組","診所","門診診療,兒童預防保健,成人預防保健","家醫科","","星期一上午看診、星期二上午看診、星期三上午看診、星期四上午看診、星期五上午看診、星期六上午看診、星期日上午休診、星期一下午看診、星期二下午看診、星期三下午看診、星期四下午看診、星期五下午看診、星期六下午休診、星期日下午休診、星期一晚上看診、星期二晚上看診、星期三晚上看診、星期四晚上看診、星期五晚上看診、星期六晚上休診、星期日晚上休診",""
"3534030284","愛生診所","一般診所（醫務室）","03 -9952299","宜蘭縣蘇澳鎮蘇西里中山路１段１９４號","臺北業務組","診所","門診診療","不分科","","星期一上午看診、星期二上午看診、星期三上午看診、星期四上午看診、星期五上午看診、星期六上午看診、星期日上午休診、星期一下午看診、星期二下午看診、星期三下午看診、星期四下午看診、星期五下午看診、星期六下午看診、星期日下午休診、星期一晚上看診、星期二晚上看診、星期三晚上看診、星期四晚上看診、星期五晚上看診、星期六晚上看診、星期日晚上休診",""
"3534031370","金明診所","一般診所（醫務室）","03 -9964138","宜蘭縣蘇澳鎮南安路１７５號","臺北業務組","診所","門診診療,成人預防保健,婦女子宮頸抹片檢查,孕婦產檢,口腔黏膜檢查,定量免疫法糞便潛血檢查","不分科","","星期一上午看診、星期二上午看診、星期三上午看診、星期四上午看診、星期五上午看診、星期六上午看診、星期日上午休診、星期一下午看診、星期二下午看診、星期三下午看診、星期四下午看診、星期五下午看診、星期六下午休診、星期日下午休診、星期一晚上休診、星期二晚上休診、星期三晚上休診、星期四晚上休診、星期五晚上休診、星期六晚上休診、星期日晚上休診","2/10 至 214 休診"
"3534031432","曾家庭醫學科診所","專科診所","03 -9908866","宜蘭縣蘇澳鎮永榮里大同路２９號","臺北業務組","診所","門診診療,兒童預防保健,成人預防保健,婦女子宮頸抹片檢查,口腔黏膜檢查,定量免疫法糞便潛血檢查","家醫科","","星期一上午看診、星期二上午看診、星期三上午看診、星期四上午看診、星期五上午看診、星期六上午看診、星期日上午休診、星期一下午看診、星期二下午看診、星期三下午看診、星期四下午看診、星期五下午看診、星期六下午看診、星期日下午休診、星期一晚上看診、星期二晚上看診、星期三晚上看診、星期四晚上看診、星期五晚上看診、星期六晚上休診、星期日晚上休診",""
"3534031469","健生全民診所","一般診所（醫務室）","03 -9973856","宜蘭縣蘇澳鎮南寧路４４號","臺北業務組","診所","門診診療,成人預防保健,口腔黏膜檢查,定量免疫法糞便潛血檢查","不分科","","星期一上午看診、星期二上午看診、星期三上午看診、星期四上午看診、星期五上午看診、星期六上午看診、星期日上午休診、星期一下午看診、星期二下午看診、星期三下午看診、星期四下午看診、星期五下午看診、星期六下午休診、星期日下午休診、星期一晚上休診、星期二晚上休診、星期三晚上休診、星期四晚上休診、星期五晚上休診、星期六晚上休診、星期日晚上休診","1/25起正常看診"
"3534031503","吳昌達診所","一般診所（醫務室）","03 -9955976","宜蘭縣蘇澳鎮南安里海邊路１４１號","臺北業務組","診所","門診診療,兒童預防保健,成人預防保健,婦女子宮頸抹片檢查","家醫科","","星期一上午看診、星期二上午看診、星期三上午看診、星期四上午看診、星期五上午看診、星期六上午看診、星期日上午休診、星期一下午看診、星期二下午看診、星期三下午看診、星期四下午看診、星期五下午看診、星期六下午休診、星期日下午休診、星期一晚上休診、星期二晚上休診、星期三晚上休診、星期四晚上休診、星期五晚上休診、星期六晚上休診、星期日晚上休診",""
"3534031549","健仁內科診所","專科診所","03 -9906695","宜蘭縣蘇澳鎮興安路３２號１樓","臺北業務組","診所","門診診療,成人預防保健,口腔黏膜檢查,定量免疫法糞便潛血檢查","內科","","星期一上午看診、星期二上午看診、星期三上午看診、星期四上午看診、星期五上午看診、星期六上午看診、星期日上午休診、星期一下午看診、星期二下午看診、星期三下午看診、星期四下午看診、星期五下午看診、星期六下午休診、星期日下午休診、星期一晚上看診、星期二晚上看診、星期三晚上看診、星期四晚上看診、星期五晚上看診、星期六晚上休診、星期日晚上休診",""
"3534031558","瑞明眼科診所","一般診所（醫務室）","03 -9951020","宜蘭縣蘇澳鎮中山路１段１４７號","臺北業務組","診所","門診診療","眼科","","星期一上午看診、星期二上午看診、星期三上午看診、星期四上午休診、星期五上午看診、星期六上午看診、星期日上午休診、星期一下午休診、星期二下午休診、星期三下午看診、星期四下午看診、星期五下午休診、星期六下午休診、星期日下午休診、星期一晚上看診、星期二晚上看診、星期三晚上休診、星期四晚上看診、星期五晚上看診、星期六晚上休診、星期日晚上休診",""
"3534031567","徐世明診所","一般診所（醫務室）","03 -9908585","宜蘭縣蘇澳鎮建福路２號及４號","臺北業務組","診所","門診診療,成人預防保健","不分科","","星期一上午看診、星期二上午看診、星期三上午看診、星期四上午看診、星期五上午看診、星期六上午休診、星期日上午看診、星期一下午休診、星期二下午休診、星期三下午休診、星期四下午休診、星期五下午休診、星期六下午休診、星期日下午休診、星期一晚上看診、星期二晚上休診、星期三晚上看診、星期四晚上看診、星期五晚上休診、星期六晚上休診、星期日晚上休診",""
"3534031585","建生診所","一般診所（醫務室）","03 -9962246","宜蘭縣蘇澳鎮中山路１段２１８號１樓","臺北業務組","診所","門診診療,成人預防保健,婦女子宮頸抹片檢查","外科,婦產科","","星期一上午看診、星期二上午看診、星期三上午看診、星期四上午看診、星期五上午看診、星期六上午看診、星期日上午休診、星期一下午看診、星期二下午看診、星期三下午看診、星期四下午看診、星期五下午看診、星期六下午休診、星期日下午休診、星期一晚上看診、星期二晚上看診、星期三晚上看診、星期四晚上看診、星期五晚上看診、星期六晚上休診、星期日晚上休診",""
"3534040039","李彰義診所","一般診所（醫務室）","03 -9771688","宜蘭縣頭城鎮新建里新興路１４號","臺北業務組","診所","門診診療,成人預防保健,婦女子宮頸抹片檢查","不分科,婦產科","","星期一上午看診、星期二上午看診、星期三上午看診、星期四上午看診、星期五上午看診、星期六上午看診、星期日上午休診、星期一下午看診、星期二下午看診、星期三下午看診、星期四下午看診、星期五下午看診、星期六下午看診、星期日下午休診、星期一晚上看診、星期二晚上看診、星期三晚上看診、星期四晚上看診、星期五晚上看診、星期六晚上看診、星期日晚上休診",""
"3534040084","仁宏診所","專科診所","03 -9776568","宜蘭縣頭城鎮纘祥路７９－２號","臺北業務組","診所","門診診療,兒童預防保健,成人預防保健","家醫科","","星期一上午看診、星期二上午看診、星期三上午看診、星期四上午看診、星期五上午看診、星期六上午看診、星期日上午休診、星期一下午看診、星期二下午看診、星期三下午看診、星期四下午看診、星期五下午看診、星期六下午休診、星期日下午休診、星期一晚上看診、星期二晚上看診、星期三晚上看診、星期四晚上看診、星期五晚上看診、星期六晚上休診、星期日晚上休診",""
"3534040093","博生診所","專科診所","03 -9778985","宜蘭縣頭城鎮城東里中庸路２３號","臺北業務組","診所","門診診療,兒童預防保健,成人預防保健,孕婦產檢","家醫科","","星期一上午看診、星期二上午看診、星期三上午看診、星期四上午看診、星期五上午看診、星期六上午看診、星期日上午休診、星期一下午休診、星期二下午休診、星期三下午休診、星期四下午休診、星期五下午休診、星期六下午休診、星期日下午休診、星期一晚上休診、星期二晚上休診、星期三晚上休診、星期四晚上休診、星期五晚上休診、星期六晚上休診、星期日晚上休診",""
"3534040100","頭城診所","專科診所","03 -9777107","宜蘭縣頭城鎮城西里開蘭路５０號","臺北業務組","診所","門診診療,成人預防保健","不分科","","星期一上午看診、星期二上午看診、星期三上午看診、星期四上午看診、星期五上午看診、星期六上午看診、星期日上午休診、星期一下午看診、星期二下午看診、星期三下午看診、星期四下午看診、星期五下午看診、星期六下午看診、星期日下午休診、星期一晚上看診、星期二晚上看診、星期三晚上看診、星期四晚上看診、星期五晚上看診、星期六晚上看診、星期日晚上休診","106/01/27----106/01/31休診"
"3534040119","照仁診所","一般診所（醫務室）","03 -9775101","宜蘭縣頭城鎮吉祥路８８巷２７號","臺北業務組","診所","復健－物理治療業務,門診診療,兒童預防保健,成人預防保健,婦女子宮頸抹片檢查,孕婦產檢,口腔黏膜檢查,定量免疫法糞便潛血檢查","不分科,家醫科,神經科,復健科","","星期一上午看診、星期二上午看診、星期三上午看診、星期四上午看診、星期五上午看診、星期六上午看診、星期日上午休診、星期一下午看診、星期二下午看診、星期三下午看診、星期四下午看診、星期五下午看診、星期六下午看診、星期日下午休診、星期一晚上看診、星期二晚上看診、星期三晚上看診、星期四晚上看診、星期五晚上看診、星期六晚上看診、星期日晚上休診",""
"3534040137","吳芳霖眼科診所","專科診所","03 -9779077","宜蘭縣頭城鎮城北里纘祥路６７－６號","臺北業務組","診所","門診診療","眼科","","星期一上午看診、星期二上午看診、星期三上午看診、星期四上午看診、星期五上午看診、星期六上午看診、星期日上午休診、星期一下午看診、星期二下午看診、星期三下午休診、星期四下午看診、星期五下午看診、星期六下午休診、星期日下午休診、星期一晚上看診、星期二晚上看診、星期三晚上休診、星期四晚上看診、星期五晚上看診、星期六晚上休診、星期日晚上休診",""
"3534040146","杏林診所","一般診所（醫務室）","03 -9771486","宜蘭縣頭城鎮新興路１７號","臺北業務組","診所","門診診療,成人預防保健,口腔黏膜檢查","內科","","星期一上午看診、星期二上午看診、星期三上午看診、星期四上午看診、星期五上午看診、星期六上午看診、星期日上午休診、星期一下午看診、星期二下午看診、星期三下午看診、星期四下午看診、星期五下午看診、星期六下午看診、星期日下午休診、星期一晚上看診、星期二晚上看診、星期三晚上看診、星期四晚上看診、星期五晚上看診、星期六晚上看診、星期日晚上休診",""
"3534050151","周診所","專科診所","03 -9887542","宜蘭縣礁溪鄉中山路２段２１號１樓","臺北業務組","診所","門診診療,兒童預防保健,成人預防保健,口腔黏膜檢查","不分科","","星期一上午看診、星期二上午看診、星期三上午看診、星期四上午看診、星期五上午看診、星期六上午看診、星期日上午休診、星期一下午看診、星期二下午看診、星期三下午看診、星期四下午看診、星期五下午看診、星期六下午看診、星期日下午休診、星期一晚上看診、星期二晚上看診、星期三晚上看診、星期四晚上看診、星期五晚上看診、星期六晚上休診、星期日晚上休診","端午節全天休診,其餘正常看診"
"3534050197","吳震世診所","一般診所（醫務室）","03 -9871268","宜蘭縣礁溪鄉大忠村中山路１段９９號","臺北業務組","診所","門診診療,成人預防保健,婦女子宮頸抹片檢查,口腔黏膜檢查,定量免疫法糞便潛血檢查","家醫科,內科","","星期一上午看診、星期二上午看診、星期三上午看診、星期四上午看診、星期五上午看診、星期六上午看診、星期日上午休診、星期一下午看診、星期二下午看診、星期三下午看診、星期四下午看診、星期五下午看診、星期六下午看診、星期日下午休診、星期一晚上看診、星期二晚上看診、星期三晚上看診、星期四晚上看診、星期五晚上看診、星期六晚上休診、星期日晚上休診",""
"3534050204","岱山診所","一般診所（醫務室）","03 -9872188","宜蘭縣礁溪鄉礁溪路５段１７號","臺北業務組","診所","門診診療","不分科","","星期一上午看診、星期二上午看診、星期三上午看診、星期四上午看診、星期五上午看診、星期六上午看診、星期日上午休診、星期一下午看診、星期二下午看診、星期三下午看診、星期四下午看診、星期五下午看診、星期六下午看診、星期日下午休診、星期一晚上看診、星期二晚上看診、星期三晚上看診、星期四晚上看診、星期五晚上看診、星期六晚上看診、星期日晚上休診","上午8:00-12:00  下午2:30-6:00  晚上7:00-9:30"
"3534051274","安信診所","一般診所（醫務室）","03 -9888001","宜蘭縣礁溪鄉中山路１段２３０號１樓","臺北業務組","診所","門診診療,兒童預防保健,成人預防保健,婦女子宮頸抹片檢查,口腔黏膜檢查,定量免疫法糞便潛血檢查","不分科","","星期一上午看診、星期二上午看診、星期三上午看診、星期四上午看診、星期五上午看診、星期六上午看診、星期日上午休診、星期一下午看診、星期二下午看診、星期三下午看診、星期四下午看診、星期五下午看診、星期六下午看診、星期日下午休診、星期一晚上看診、星期二晚上看診、星期三晚上看診、星期四晚上看診、星期五晚上看診、星期六晚上休診、星期日晚上休診",""
"3534051292","岳成診所","一般診所（醫務室）","03 -9876586","宜蘭縣礁溪鄉中山路１段１２０號","臺北業務組","診所","門診診療,定量免疫法糞便潛血檢查","不分科","","星期一上午看診、星期二上午看診、星期三上午看診、星期四上午看診、星期五上午看診、星期六上午看診、星期日上午休診、星期一下午看診、星期二下午看診、星期三下午看診、星期四下午看診、星期五下午看診、星期六下午休診、星期日下午休診、星期一晚上看診、星期二晚上看診、星期三晚上看診、星期四晚上看診、星期五晚上看診、星期六晚上休診、星期日晚上休診",""
"3534051309","簡再興診所","西醫診所","03 -9280090","宜蘭縣礁溪鄉礁溪路１段５６號","臺北業務組","診所","門診診療,兒童預防保健,成人預防保健,婦女子宮頸抹片檢查,口腔黏膜檢查,定量免疫法糞便潛血檢查","家醫科","","星期一上午看診、星期二上午休診、星期三上午看診、星期四上午看診、星期五上午看診、星期六上午看診、星期日上午看診、星期一下午看診、星期二下午休診、星期三下午看診、星期四下午看診、星期五下午看診、星期六下午看診、星期日下午休診、星期一晚上看診、星期二晚上休診、星期三晚上看診、星期四晚上看診、星期五晚上看診、星期六晚上休診、星期日晚上休診",""
"3534060059","陳登賢診所","專科診所","03 -9305029","宜蘭縣壯圍鄉壯濱路３段３８５號","臺北業務組","診所","門診診療,兒童預防保健,成人預防保健,定量免疫法糞便潛血檢查","家醫科","","星期一上午看診、星期二上午看診、星期三上午看診、星期四上午看診、星期五上午看診、星期六上午看診、星期日上午休診、星期一下午休診、星期二下午休診、星期三下午休診、星期四下午休診、星期五下午休診、星期六下午休診、星期日下午休診、星期一晚上看診、星期二晚上看診、星期三晚上看診、星期四晚上看診、星期五晚上看診、星期六晚上休診、星期日晚上休診","5/03門診至上午11:50下午及晚上休診,5/04至5/18休診"
"3534061092","大福診所","一般診所（醫務室）","03 -9308842","宜蘭縣壯圍鄉壯濱路６段２３１號","臺北業務組","診所","門診診療,成人預防保健,口腔黏膜檢查,定量免疫法糞便潛血檢查","不分科","","星期一上午看診、星期二上午看診、星期三上午看診、星期四上午看診、星期五上午看診、星期六上午看診、星期日上午休診、星期一下午休診、星期二下午休診、星期三下午休診、星期四下午休診、星期五下午休診、星期六下午休診、星期日下午休診、星期一晚上看診、星期二晚上看診、星期三晚上看診、星期四晚上看診、星期五晚上看診、星期六晚上休診、星期日晚上休診",""
"3534061109","楊崑診所","一般診所（醫務室）","03 -9388378","宜蘭縣壯圍鄉吉祥村中央路２段２９７號","臺北業務組","診所","門診診療,兒童預防保健,成人預防保健,口腔黏膜檢查,定量免疫法糞便潛血檢查","家醫科","","星期一上午看診、星期二上午看診、星期三上午看診、星期四上午看診、星期五上午看診、星期六上午看診、星期日上午休診、星期一下午看診、星期二下午看診、星期三下午看診、星期四下午看診、星期五下午看診、星期六下午休診、星期日下午休診、星期一晚上看診、星期二晚上看診、星期三晚上看診、星期四晚上看診、星期五晚上看診、星期六晚上休診、星期日晚上休診","春節期間休診"
"3534070108","張世屏診所","一般診所（醫務室）","03 -9223909","宜蘭縣員山鄉員山村員山路１段１６６號","臺北業務組","診所","門診診療,成人預防保健,定量免疫法糞便潛血檢查","不分科","","星期一上午看診、星期二上午看診、星期三上午看診、星期四上午看診、星期五上午看診、星期六上午看診、星期日上午休診、星期一下午看診、星期二下午看診、星期三下午休診、星期四下午休診、星期五下午看診、星期六下午休診、星期日下午休診、星期一晚上看診、星期二晚上看診、星期三晚上看診、星期四晚上看診、星期五晚上看診、星期六晚上休診、星期日晚上休診",""
"3534071123","信望愛診所","一般診所（醫務室）","03 -9221550","宜蘭縣員山鄉復興路６號","臺北業務組","診所","門診診療,成人預防保健,口腔黏膜檢查,定量免疫法糞便潛血檢查","不分科","","星期一上午看診、星期二上午看診、星期三上午看診、星期四上午看診、星期五上午看診、星期六上午看診、星期日上午休診、星期一下午看診、星期二下午休診、星期三下午看診、星期四下午看診、星期五下午休診、星期六下午休診、星期日下午休診、星期一晚上休診、星期二晚上休診、星期三晚上休診、星期四晚上休診、星期五晚上休診、星期六晚上休診、星期日晚上休診",""
"3534080051","群英診所","一般診所（醫務室）","03 -9581924","宜蘭縣冬山鄉和平路９號","臺北業務組","診所","門診診療","不分科","","星期一上午看診、星期二上午看診、星期三上午看診、星期四上午看診、星期五上午看診、星期六上午看診、星期日上午休診、星期一下午休診、星期二下午休診、星期三下午休診、星期四下午休診、星期五下午休診、星期六下午休診、星期日下午休診、星期一晚上看診、星期二晚上看診、星期三晚上看診、星期四晚上看診、星期五晚上看診、星期六晚上休診、星期日晚上休診",""
"3534080104","徐診所","專科診所","03 -9590923","宜蘭縣冬山鄉南興村照安路３３巷３２號","臺北業務組","診所","門診診療,兒童預防保健,婦女子宮頸抹片檢查","不分科","","星期一上午看診、星期二上午看診、星期三上午看診、星期四上午看診、星期五上午看診、星期六上午看診、星期日上午看診、星期一下午看診、星期二下午看診、星期三下午看診、星期四下午看診、星期五下午看診、星期六下午看診、星期日下午休診、星期一晚上看診、星期二晚上看診、星期三晚上看診、星期四晚上看診、星期五晚上看診、星期六晚上休診、星期日晚上休診","1/22上午看診"
"3534080113","林聰源診所","專科診所","03 -9582772","宜蘭縣冬山鄉義成路２段３７５號","臺北業務組","診所","門診診療,成人預防保健,口腔黏膜檢查,定量免疫法糞便潛血檢查","內科","","星期一上午看診、星期二上午看診、星期三上午看診、星期四上午看診、星期五上午看診、星期六上午看診、星期日上午休診、星期一下午看診、星期二下午看診、星期三下午看診、星期四下午看診、星期五下午看診、星期六下午休診、星期日下午休診、星期一晚上看診、星期二晚上看診、星期三晚上看診、星期四晚上看診、星期五晚上看診、星期六晚上休診、星期日晚上休診","1/21上午看診"
"3534080122","吳建志診所","專科診所","03 -9566799","宜蘭縣冬山鄉冬山路５段２１２號","臺北業務組","診所","門診診療,兒童預防保健","兒科","","星期一上午看診、星期二上午看診、星期三上午休診、星期四上午看診、星期五上午看診、星期六上午休診、星期日上午看診、星期一下午看診、星期二下午看診、星期三下午休診、星期四下午看診、星期五下午看診、星期六下午休診、星期日下午休診、星期一晚上看診、星期二晚上看診、星期三晚上看診、星期四晚上看診、星期五晚上看診、星期六晚上休診、星期日晚上休診",""
"3534080131","王內科診所","一般診所（醫務室）","03 -9550877","宜蘭縣冬山鄉義成路３段５６２號","臺北業務組","診所","門診診療,成人預防保健","內科","","星期一上午看診、星期二上午看診、星期三上午看診、星期四上午看診、星期五上午看診、星期六上午看診、星期日上午休診、星期一下午休診、星期二下午休診、星期三下午休診、星期四下午休診、星期五下午休診、星期六下午休診、星期日下午休診、星期一晚上看診、星期二晚上看診、星期三晚上看診、星期四晚上看診、星期五晚上看診、星期六晚上休診、星期日晚上休診","6/9, 6/10早上看診.  6/11休診"
"3534080140","江心修診所","一般診所（醫務室）","03 -9611097","宜蘭縣冬山鄉廣興路２１５號","臺北業務組","診所","門診診療,成人預防保健","不分科","","星期一上午看診、星期二上午看診、星期三上午看診、星期四上午看診、星期五上午看診、星期六上午看診、星期日上午休診、星期一下午看診、星期二下午看診、星期三下午休診、星期四下午看診、星期五下午看診、星期六下午休診、星期日下午休診、星期一晚上看診、星期二晚上看診、星期三晚上看診、星期四晚上看診、星期五晚上看診、星期六晚上休診、星期日晚上休診",""
"3534081165","振生診所","一般診所（醫務室）","03 -9596550","宜蘭縣冬山鄉冬山路２４７號","臺北業務組","診所","門診診療,成人預防保健","不分科","","星期一上午看診、星期二上午看診、星期三上午看診、星期四上午看診、星期五上午看診、星期六上午看診、星期日上午休診、星期一下午看診、星期二下午看診、星期三下午看診、星期四下午看診、星期五下午看診、星期六下午休診、星期日下午休診、星期一晚上看診、星期二晚上看診、星期三晚上看診、星期四晚上看診、星期五晚上看診、星期六晚上休診、星期日晚上休診",""
"3534081183","古醫生保健診所","一般診所（醫務室）","03 -9585950","宜蘭縣冬山鄉義成路３段５００號","臺北業務組","診所","門診診療,成人預防保健,口腔黏膜檢查,定量免疫法糞便潛血檢查","不分科,神經科","","星期一上午看診、星期二上午看診、星期三上午看診、星期四上午看診、星期五上午看診、星期六上午看診、星期日上午休診、星期一下午看診、星期二下午看診、星期三下午看診、星期四下午看診、星期五下午看診、星期六下午休診、星期日下午休診、星期一晚上看診、星期二晚上看診、星期三晚上看診、星期四晚上看診、星期五晚上看診、星期六晚上休診、星期日晚上休診",""
"3534090137","永生診所","一般診所（醫務室）","03 -9503138","宜蘭縣五結鄉利成路２段３６６號","臺北業務組","診所","門診診療,兒童預防保健,婦女子宮頸抹片檢查","家醫科","","星期一上午看診、星期二上午看診、星期三上午看診、星期四上午看診、星期五上午看診、星期六上午看診、星期日上午休診、星期一下午看診、星期二下午看診、星期三下午看診、星期四下午看診、星期五下午看診、星期六下午看診、星期日下午休診、星期一晚上休診、星期二晚上休診、星期三晚上休診、星期四晚上休診、星期五晚上休診、星期六晚上休診、星期日晚上休診","週六下午看診至5點"
"3534091189","吉祥診所","一般診所（醫務室）","03 -9604853","宜蘭縣五結鄉五結中路２段２３之１號","臺北業務組","診所","門診診療,兒童預防保健,成人預防保健,婦女子宮頸抹片檢查,口腔黏膜檢查","家醫科","","星期一上午看診、星期二上午看診、星期三上午看診、星期四上午看診、星期五上午看診、星期六上午看診、星期日上午休診、星期一下午看診、星期二下午看診、星期三下午看診、星期四下午休診、星期五下午看診、星期六下午休診、星期日下午休診、星期一晚上看診、星期二晚上看診、星期三晚上看診、星期四晚上休診、星期五晚上看診、星期六晚上休診、星期日晚上休診",""
"3534091214","宏安診所","一般診所（醫務室）","03 -9576893","宜蘭縣五結鄉中正路１段１６８號","臺北業務組","診所","門診診療,成人預防保健,口腔黏膜檢查,定量免疫法糞便潛血檢查","內科,急診醫學科","","星期一上午看診、星期二上午看診、星期三上午看診、星期四上午看診、星期五上午看診、星期六上午休診、星期日上午休診、星期一下午看診、星期二下午看診、星期三下午看診、星期四下午休診、星期五下午看診、星期六下午休診、星期日下午休診、星期一晚上看診、星期二晚上看診、星期三晚上看診、星期四晚上看診、星期五晚上看診、星期六晚上休診、星期日晚上看診","星期二下午二結巡診 星期四下午休診"
"3534091241","王家泰診所","一般診所（醫務室）","03 -9650861","宜蘭縣五結鄉上四村中正西路２３號","臺北業務組","診所","門診診療,兒童預防保健,成人預防保健,口腔黏膜檢查,定量免疫法糞便潛血檢查","家醫科","","星期一上午看診、星期二上午看診、星期三上午看診、星期四上午看診、星期五上午看診、星期六上午看診、星期日上午休診、星期一下午看診、星期二下午看診、星期三下午看診、星期四下午看診、星期五下午看診、星期六下午休診、星期日下午看診、星期一晚上看診、星期二晚上看診、星期三晚上看診、星期四晚上看診、星期五晚上看診、星期六晚上休診、星期日晚上看診",""
"3534091278","協和診所","一般診所（醫務室）","03 -9500968","宜蘭縣五結鄉五結中路２段６號１樓","臺北業務組","診所","門診診療","不分科","","星期一上午看診、星期二上午看診、星期三上午看診、星期四上午看診、星期五上午看診、星期六上午看診、星期日上午休診、星期一下午看診、星期二下午看診、星期三下午看診、星期四下午看診、星期五下午看診、星期六下午休診、星期日下午休診、星期一晚上休診、星期二晚上休診、星期三晚上休診、星期四晚上休診、星期五晚上休診、星期六晚上休診、星期日晚上休診","今年4月1,3,日看診如往常"
"3534091287","平和身心診所","一般診所（醫務室）","03 -9559960","宜蘭縣五結鄉禮運路３８號１樓","臺北業務組","診所","門診診療","精神科","","星期一上午看診、星期二上午休診、星期三上午看診、星期四上午休診、星期五上午看診、星期六上午看診、星期日上午休診、星期一下午看診、星期二下午看診、星期三下午看診、星期四下午休診、星期五下午看診、星期六下午休診、星期日下午休診、星期一晚上休診、星期二晚上看診、星期三晚上休診、星期四晚上休診、星期五晚上看診、星期六晚上休診、星期日晚上休診",""
"3534100030","三星診所","一般診所（醫務室）","03 -9892033","宜蘭縣三星鄉三星路５段１６２號","臺北業務組","診所","門診診療,兒童預防保健,成人預防保健,婦女子宮頸抹片檢查,孕婦產檢","家醫科","","星期一上午看診、星期二上午看診、星期三上午看診、星期四上午看診、星期五上午看診、星期六上午看診、星期日上午看診、星期一下午看診、星期二下午看診、星期三下午看診、星期四下午看診、星期五下午看診、星期六下午休診、星期日下午休診、星期一晚上看診、星期二晚上看診、星期三晚上看診、星期四晚上看診、星期五晚上看診、星期六晚上看診、星期日晚上休診","4/4上午看診"
"3534101064","仁佑診所","一般診所（醫務室）","03 -9892573","宜蘭縣三星鄉三星路５段６７號","臺北業務組","診所","門診診療,成人預防保健,口腔黏膜檢查","內科","","星期一上午看診、星期二上午看診、星期三上午看診、星期四上午看診、星期五上午看診、星期六上午休診、星期日上午休診、星期一下午看診、星期二下午看診、星期三下午看診、星期四下午看診、星期五下午看診、星期六下午休診、星期日下午休診、星期一晚上看診、星期二晚上看診、星期三晚上看診、星期四晚上看診、星期五晚上看診、星期六晚上休診、星期日晚上休診",""
"3534101073","侯茂華診所","一般診所（醫務室）","03 -9897417","宜蘭縣三星鄉三星路１段５２１號","臺北業務組","診所","門診診療,兒童預防保健,成人預防保健,婦女子宮頸抹片檢查","家醫科","","星期一上午看診、星期二上午看診、星期三上午看診、星期四上午看診、星期五上午看診、星期六上午看診、星期日上午看診、星期一下午看診、星期二下午看診、星期三下午看診、星期四下午看診、星期五下午看診、星期六下午看診、星期日下午看診、星期一晚上看診、星期二晚上看診、星期三晚上看診、星期四晚上看診、星期五晚上看診、星期六晚上看診、星期日晚上看診",""
"3534101082","聖路加診所","一般診所（醫務室）","03 -9895028","宜蘭縣三星鄉義德村２鄰三星路５段４９號","臺北業務組","診所","門診診療,成人預防保健,定量免疫法糞便潛血檢查","家醫科","","星期一上午看診、星期二上午看診、星期三上午看診、星期四上午看診、星期五上午看診、星期六上午看診、星期日上午休診、星期一下午看診、星期二下午看診、星期三下午看診、星期四下午看診、星期五下午看診、星期六下午休診、星期日下午休診、星期一晚上休診、星期二晚上休診、星期三晚上休診、星期四晚上休診、星期五晚上休診、星期六晚上休診、星期日晚上休診",""
"3534101091","善源診所","一般診所（醫務室）","03 -9899110","宜蘭縣三星鄉三星路１段５９３號１樓","臺北業務組","診所","門診診療,成人預防保健","內科","","星期一上午看診、星期二上午休診、星期三上午看診、星期四上午看診、星期五上午看診、星期六上午休診、星期日上午休診、星期一下午看診、星期二下午看診、星期三下午看診、星期四下午休診、星期五下午休診、星期六下午休診、星期日下午休診、星期一晚上休診、星期二晚上休診、星期三晚上休診、星期四晚上休診、星期五晚上休診、星期六晚上休診、星期日晚上休診",""
"3534110545","樂心診所","西醫診所","03 -9801208","宜蘭縣大同鄉崙埤村泰雅路１段５０－１號","臺北業務組","診所","門診診療","不分科","","星期一上午看診、星期二上午看診、星期三上午看診、星期四上午看診、星期五上午看診、星期六上午休診、星期日上午休診、星期一下午看診、星期二下午看診、星期三下午看診、星期四下午看診、星期五下午看診、星期六下午休診、星期日下午休診、星期一晚上休診、星期二晚上休診、星期三晚上休診、星期四晚上休診、星期五晚上休診、星期六晚上休診、星期日晚上休診",""
"3534120023","皇尚診所","專科診所","039-982300","宜蘭縣南澳鄉蘇花路２段３５７號","臺北業務組","診所","門診診療,兒童預防保健,成人預防保健,婦女子宮頸抹片檢查,孕婦產檢","不分科,家醫科","","星期一上午看診、星期二上午看診、星期三上午看診、星期四上午看診、星期五上午看診、星期六上午看診、星期日上午休診、星期一下午休診、星期二下午休診、星期三下午休診、星期四下午休診、星期五下午休診、星期六下午休診、星期日下午休診、星期一晚上休診、星期二晚上休診、星期三晚上休診、星期四晚上休診、星期五晚上休診、星期六晚上休診、星期日晚上休診",""
"3534121039","文平診所","一般診所（醫務室）","03 -9982998","宜蘭縣南澳鄉蘇花路２段１７１號","臺北業務組","診所","門診診療,兒童預防保健,成人預防保健,婦女子宮頸抹片檢查","家醫科","","星期一上午看診、星期二上午看診、星期三上午看診、星期四上午看診、星期五上午看診、星期六上午看診、星期日上午休診、星期一下午休診、星期二下午休診、星期三下午休診、星期四下午休診、星期五下午休診、星期六下午休診、星期日下午休診、星期一晚上看診、星期二晚上看診、星期三晚上看診、星期四晚上看診、星期五晚上看診、星期六晚上休診、星期日晚上休診",""
"3534121075","大愛診所","一般診所（醫務室）","03 -9984388","宜蘭縣南澳鄉蘇花路２段３８３號","臺北業務組","診所","門診診療,兒童預防保健,成人預防保健","不分科","","星期一上午看診、星期二上午看診、星期三上午看診、星期四上午看診、星期五上午看診、星期六上午看診、星期日上午休診、星期一下午看診、星期二下午看診、星期三下午休診、星期四下午看診、星期五下午休診、星期六下午休診、星期日下午休診、星期一晚上休診、星期二晚上休診、星期三晚上休診、星期四晚上休診、星期五晚上休診、星期六晚上休診、星期日晚上休診",""
"2334010018","宜蘭縣宜蘭市衛生所","一般診所（醫務室）","03 -9322362","宜蘭縣宜蘭市健康路二段２－２號１樓","臺北業務組","診所","安寧居家療護(乙類),門診診療,兒童預防保健,成人預防保健,婦女子宮頸抹片檢查,口腔黏膜檢查,定量免疫法糞便潛血檢查","不分科","","星期一上午看診、星期二上午看診、星期三上午看診、星期四上午看診、星期五上午看診、星期六上午休診、星期日上午休診、星期一下午看診、星期二下午休診、星期三下午看診、星期四下午休診、星期五下午休診、星期六下午休診、星期日下午休診、星期一晚上休診、星期二晚上休診、星期三晚上休診、星期四晚上休診、星期五晚上休診、星期六晚上休診、星期日晚上休診","星期二、四上午為特別門診(僅提供預防保健服務)，造成您的不便敬請見諒"
"2334020014","宜蘭縣羅東鎮衛生所","一般診所（醫務室）","03 -9542321","宜蘭縣羅東鎮民生路７９號","臺北業務組","診所","門診診療,兒童預防保健,成人預防保健,婦女子宮頸抹片檢查,口腔黏膜檢查,定量免疫法糞便潛血檢查","不分科","","星期一上午看診、星期二上午看診、星期三上午看診、星期四上午看診、星期五上午看診、星期六上午休診、星期日上午休診、星期一下午看診、星期二下午看診、星期三下午看診、星期四下午看診、星期五下午看診、星期六下午休診、星期日下午休診、星期一晚上休診、星期二晚上休診、星期三晚上休診、星期四晚上休診、星期五晚上休診、星期六晚上休診、星期日晚上休診",""
"2334030010","宜蘭縣蘇澳鎮衛生所","一般診所（醫務室）","03 -9962185","宜蘭縣蘇澳鎮志成路６０號","臺北業務組","診所","安寧居家療護(乙類),門診診療,兒童預防保健,成人預防保健,婦女子宮頸抹片檢查,口腔黏膜檢查,定量免疫法糞便潛血檢查","家醫科","","星期一上午看診、星期二上午休診、星期三上午休診、星期四上午休診、星期五上午休診、星期六上午休診、星期日上午休診、星期一下午休診、星期二下午休診、星期三下午看診、星期四下午休診、星期五下午休診、星期六下午休診、星期日下午休診、星期一晚上休診、星期二晚上休診、星期三晚上休診、星期四晚上休診、星期五晚上休診、星期六晚上休診、星期日晚上休診","106年4月18日起至7月7日止由支援醫師看診"
"2334040016","宜蘭縣頭城鎮衛生所","一般診所（醫務室）","03 -9771034","宜蘭縣頭城鎮吉祥路１５號","臺北業務組","診所","安寧居家療護(乙類),門診診療,兒童預防保健,成人預防保健,婦女子宮頸抹片檢查,口腔黏膜檢查,定量免疫法糞便潛血檢查","不分科","","星期一上午看診、星期二上午看診、星期三上午看診、星期四上午看診、星期五上午看診、星期六上午看診、星期日上午休診、星期一下午看診、星期二下午看診、星期三下午看診、星期四下午看診、星期五下午看診、星期六下午休診、星期日下午休診、星期一晚上休診、星期二晚上休診、星期三晚上休診、星期四晚上休診、星期五晚上休診、星期六晚上休診、星期日晚上休診",""
"2334050012","宜蘭縣礁溪鄉衛生所","一般診所（醫務室）","03 -9882908","宜蘭縣礁溪鄉礁溪路４段１２６號","臺北業務組","診所","門診診療,兒童預防保健,成人預防保健,婦女子宮頸抹片檢查,口腔黏膜檢查,定量免疫法糞便潛血檢查","不分科,家醫科","","星期一上午看診、星期二上午看診、星期三上午看診、星期四上午看診、星期五上午看診、星期六上午休診、星期日上午休診、星期一下午看診、星期二下午看診、星期三下午看診、星期四下午看診、星期五下午看診、星期六下午休診、星期日下午休診、星期一晚上休診、星期二晚上休診、星期三晚上休診、星期四晚上休診、星期五晚上休診、星期六晚上休診、星期日晚上休診","星期四下午為時潮衛生室診次,假日彈性應診"
"2334060018","宜蘭縣壯圍鄉衛生所","一般診所（醫務室）","03 -9385503","宜蘭縣壯圍鄉中央路２段２９０號","臺北業務組","診所","門診診療,兒童預防保健,成人預防保健,婦女子宮頸抹片檢查,孕婦產檢,結核病,口腔黏膜檢查,定量免疫法糞便潛血檢查","不分科","","星期一上午看診、星期二上午看診、星期三上午看診、星期四上午看診、星期五上午看診、星期六上午休診、星期日上午休診、星期一下午看診、星期二下午看診、星期三下午看診、星期四下午看診、星期五下午看診、星期六下午休診、星期日下午休診、星期一晚上休診、星期二晚上休診、星期三晚上休診、星期四晚上休診、星期五晚上休診、星期六晚上休診、星期日晚上休診","01/21上午正常看診"
"2334070014","宜蘭縣員山鄉衛生所","一般診所（醫務室）","03 -9221575","宜蘭縣員山鄉復興路２號","臺北業務組","診所","安寧居家療護(乙類),門診診療,兒童預防保健,成人預防保健,婦女子宮頸抹片檢查,口腔黏膜檢查,定量免疫法糞便潛血檢查","不分科","","星期一上午看診、星期二上午看診、星期三上午看診、星期四上午看診、星期五上午看診、星期六上午休診、星期日上午休診、星期一下午看診、星期二下午看診、星期三下午看診、星期四下午看診、星期五下午看診、星期六下午休診、星期日下午休診、星期一晚上休診、星期二晚上休診、星期三晚上休診、星期四晚上休診、星期五晚上休診、星期六晚上休診、星期日晚上休診",""
"2334081026","宜蘭縣冬山鄉衛生所","一般診所（醫務室）","03 -9594772","宜蘭縣冬山鄉中正路１６號","臺北業務組","診所","安寧居家療護(乙類),門診診療,兒童預防保健,成人預防保健,婦女子宮頸抹片檢查,口腔黏膜檢查,定量免疫法糞便潛血檢查","不分科","","星期一上午看診、星期二上午看診、星期三上午看診、星期四上午看診、星期五上午看診、星期六上午看診、星期日上午休診、星期一下午看診、星期二下午看診、星期三下午看診、星期四下午看診、星期五下午看診、星期六下午休診、星期日下午休診、星期一晚上休診、星期二晚上休診、星期三晚上休診、星期四晚上休診、星期五晚上休診、星期六晚上休診、星期日晚上休診",""
"2334090016","宜蘭縣五結鄉衛生所","一般診所（醫務室）","03 -9501564","宜蘭縣五結鄉五結村五結路２段３３７號","臺北業務組","診所","門診診療,兒童預防保健,成人預防保健,婦女子宮頸抹片檢查,口腔黏膜檢查,定量免疫法糞便潛血檢查","家醫科,內科","","星期一上午看診、星期二上午看診、星期三上午看診、星期四上午看診、星期五上午看診、星期六上午休診、星期日上午休診、星期一下午看診、星期二下午看診、星期三下午看診、星期四下午休診、星期五下午看診、星期六下午休診、星期日下午休診、星期一晚上休診、星期二晚上休診、星期三晚上休診、星期四晚上休診、星期五晚上休診、星期六晚上休診、星期日晚上休診",""
"2334100017","宜蘭縣三星鄉衛生所","一般診所（醫務室）","03 -9892227","宜蘭縣三星鄉三星路５段７０號","臺北業務組","診所","門診診療,兒童預防保健,成人預防保健,婦女子宮頸抹片檢查,孕婦產檢,兒童牙齒預防保健,口腔黏膜檢查,定量免疫法糞便潛血檢查","不分科,牙科","","星期一上午看診、星期二上午看診、星期三上午看診、星期四上午看診、星期五上午看診、星期六上午看診、星期日上午休診、星期一下午看診、星期二下午看診、星期三下午看診、星期四下午看診、星期五下午看診、星期六下午休診、星期日下午休診、星期一晚上休診、星期二晚上休診、星期三晚上休診、星期四晚上休診、星期五晚上休診、星期六晚上休診、星期日晚上休診",""
"2334110013","宜蘭縣大同鄉衛生所","一般診所（醫務室）","03 -9801175","宜蘭縣大同鄉崙埤村朝陽４０號","臺北業務組","診所","安寧居家療護(乙類),門診診療,兒童預防保健,成人預防保健,婦女子宮頸抹片檢查,孕婦產檢,兒童牙齒預防保健,口腔黏膜檢查,定量免疫法糞便潛血檢查","不分科,牙科","","星期一上午看診、星期二上午看診、星期三上午看診、星期四上午看診、星期五上午看診、星期六上午休診、星期日上午休診、星期一下午看診、星期二下午看診、星期三下午看診、星期四下午看診、星期五下午看診、星期六下午休診、星期日下午休診、星期一晚上休診、星期二晚上休診、星期三晚上休診、星期四晚上休診、星期五晚上休診、星期六晚上休診、星期日晚上休診",""
"2334120019","宜蘭縣南澳鄉衛生所","一般診所（醫務室）","03 -9981019","宜蘭縣南澳鄉蘇花路２段３７５號","臺北業務組","診所","安寧居家療護(乙類),門診診療,兒童預防保健,成人預防保健,婦女子宮頸抹片檢查,孕婦產檢,口腔黏膜檢查,定量免疫法糞便潛血檢查","不分科,牙科","","星期一上午看診、星期二上午看診、星期三上午看診、星期四上午看診、星期五上午看診、星期六上午休診、星期日上午休診、星期一下午看診、星期二下午看診、星期三下午看診、星期四下午看診、星期五下午看診、星期六下午休診、星期日下午休診、星期一晚上休診、星期二晚上休診、星期三晚上休診、星期四晚上休診、星期五晚上休診、星期六晚上休診、星期日晚上休診","4月3日及4月4日假期公務機關連假休診"
"3734010017","大統牙醫診所","牙醫一般診所","03 -9333195","宜蘭縣宜蘭市神農路１段２０２號","臺北業務組","診所","門診診療,兒童牙齒預防保健","牙科","","星期一上午看診、星期二上午看診、星期三上午看診、星期四上午看診、星期五上午看診、星期六上午看診、星期日上午休診、星期一下午看診、星期二下午看診、星期三下午休診、星期四下午看診、星期五下午看診、星期六下午休診、星期日下午休診、星期一晚上看診、星期二晚上看診、星期三晚上看診、星期四晚上看診、星期五晚上看診、星期六晚上休診、星期日晚上休診","5月30日端午節休診.5月5日晚休診.5月6日下午照常看診."
"3734010026","弘恩牙醫診所","牙醫一般診所","03 -9322224","宜蘭縣宜蘭市中山路３段１８３號","臺北業務組","診所","門診診療,兒童牙齒預防保健","牙科","","星期一上午看診、星期二上午看診、星期三上午看診、星期四上午看診、星期五上午看診、星期六上午休診、星期日上午休診、星期一下午看診、星期二下午看診、星期三下午看診、星期四下午休診、星期五下午看診、星期六下午休診、星期日下午休診、星期一晚上看診、星期二晚上看診、星期三晚上看診、星期四晚上看診、星期五晚上看診、星期六晚上休診、星期日晚上休診","國定假日休診"
"3734010071","統一牙醫診所","牙醫一般診所","03 -9331366","宜蘭縣宜蘭市中山路３段４１號","臺北業務組","診所","門診診療,兒童牙齒預防保健","牙科","","星期一上午看診、星期二上午看診、星期三上午看診、星期四上午看診、星期五上午看診、星期六上午看診、星期日上午休診、星期一下午看診、星期二下午看診、星期三下午看診、星期四下午看診、星期五下午看診、星期六下午休診、星期日下午休診、星期一晚上看診、星期二晚上看診、星期三晚上看診、星期四晚上看診、星期五晚上看診、星期六晚上休診、星期日晚上休診",""
"3734010099","佳良牙醫診所","牙醫一般診所","03 -9330999","宜蘭縣宜蘭市中山路１８０號","臺北業務組","診所","門診診療,兒童牙齒預防保健","牙科","","星期一上午看診、星期二上午休診、星期三上午看診、星期四上午休診、星期五上午看診、星期六上午看診、星期日上午休診、星期一下午看診、星期二下午看診、星期三下午看診、星期四下午看診、星期五下午看診、星期六下午休診、星期日下午休診、星期一晚上看診、星期二晚上看診、星期三晚上看診、星期四晚上看診、星期五晚上看診、星期六晚上休診、星期日晚上休診","國定假日休診"
"3734010106","宏宇牙醫診所","牙醫一般診所","03 -9364273","宜蘭縣宜蘭市民權里中華路３７號","臺北業務組","診所","門診診療,兒童牙齒預防保健,口腔黏膜檢查","牙科","","星期一上午看診、星期二上午看診、星期三上午看診、星期四上午休診、星期五上午看診、星期六上午看診、星期日上午休診、星期一下午休診、星期二下午看診、星期三下午看診、星期四下午休診、星期五下午看診、星期六下午休診、星期日下午休診、星期一晚上休診、星期二晚上休診、星期三晚上休診、星期四晚上休診、星期五晚上休診、星期六晚上休診、星期日晚上休診",""
"3734010115","全友牙醫診所","牙醫一般診所","03 -9330238","宜蘭縣宜蘭市新興路６２號","臺北業務組","診所","門診診療,兒童牙齒預防保健","牙科","","星期一上午看診、星期二上午看診、星期三上午看診、星期四上午看診、星期五上午看診、星期六上午看診、星期日上午休診、星期一下午看診、星期二下午看診、星期三下午看診、星期四下午看診、星期五下午看診、星期六下午看診、星期日下午休診、星期一晚上看診、星期二晚上看診、星期三晚上休診、星期四晚上看診、星期五晚上看診、星期六晚上休診、星期日晚上休診",""
"3734010124","仁人牙醫診所","牙醫一般診所","03 -9333858","宜蘭縣宜蘭市康樂路９６號","臺北業務組","診所","門診診療,兒童牙齒預防保健,口腔黏膜檢查","牙科","","星期一上午看診、星期二上午休診、星期三上午看診、星期四上午休診、星期五上午看診、星期六上午看診、星期日上午休診、星期一下午看診、星期二下午看診、星期三下午看診、星期四下午看診、星期五下午看診、星期六下午休診、星期日下午休診、星期一晚上看診、星期二晚上看診、星期三晚上看診、星期四晚上看診、星期五晚上看診、星期六晚上休診、星期日晚上休診","國定假日休診"
"3734010133","和睦牙醫診所","牙醫一般診所","03 -9330789","宜蘭縣宜蘭市農權路２１１號１樓","臺北業務組","診所","門診診療,兒童牙齒預防保健","牙科","","星期一上午看診、星期二上午看診、星期三上午看診、星期四上午看診、星期五上午看診、星期六上午看診、星期日上午休診、星期一下午看診、星期二下午看診、星期三下午看診、星期四下午看診、星期五下午看診、星期六下午休診、星期日下午休診、星期一晚上看診、星期二晚上看診、星期三晚上看診、星期四晚上看診、星期五晚上看診、星期六晚上休診、星期日晚上休診",""
"3734010142","平安牙醫診所","牙醫一般診所","03 -9351517","宜蘭縣宜蘭市泰山路１５號","臺北業務組","診所","門診診療,兒童牙齒預防保健","牙科","","星期一上午看診、星期二上午看診、星期三上午看診、星期四上午休診、星期五上午看診、星期六上午看診、星期日上午休診、星期一下午看診、星期二下午看診、星期三下午看診、星期四下午看診、星期五下午看診、星期六下午休診、星期日下午休診、星期一晚上看診、星期二晚上休診、星期三晚上看診、星期四晚上看診、星期五晚上看診、星期六晚上休診、星期日晚上休診","春節期間1/21 門診上午看診，下午休診，1/30  後恢復正常看診。"
"3734010151","陳志超牙醫診所","牙醫一般診所","03 -9354575","宜蘭縣宜蘭市健康路３段３６號","臺北業務組","診所","門診診療,兒童牙齒預防保健,口腔黏膜檢查","牙科","","星期一上午看診、星期二上午看診、星期三上午看診、星期四上午看診、星期五上午看診、星期六上午看診、星期日上午休診、星期一下午看診、星期二下午看診、星期三下午看診、星期四下午看診、星期五下午看診、星期六下午休診、星期日下午休診、星期一晚上休診、星期二晚上休診、星期三晚上休診、星期四晚上休診、星期五晚上休診、星期六晚上休診、星期日晚上休診",""
"3734010160","陳宜誠牙醫診所","牙醫一般診所","03 -9353800","宜蘭縣宜蘭市民權新路２－１８號","臺北業務組","診所","門診診療,兒童牙齒預防保健","牙科","","星期一上午休診、星期二上午休診、星期三上午休診、星期四上午休診、星期五上午休診、星期六上午看診、星期日上午休診、星期一下午看診、星期二下午看診、星期三下午看診、星期四下午看診、星期五下午看診、星期六下午休診、星期日下午休診、星期一晚上看診、星期二晚上看診、星期三晚上看診、星期四晚上看診、星期五晚上看診、星期六晚上休診、星期日晚上休診",""
"3734010188","清華牙醫診所","牙醫一般診所","03 -9357022","宜蘭縣宜蘭市農權路２段１５號","臺北業務組","診所","門診診療,兒童牙齒預防保健","牙科","","星期一上午看診、星期二上午休診、星期三上午看診、星期四上午休診、星期五上午看診、星期六上午休診、星期日上午休診、星期一下午看診、星期二下午看診、星期三下午看診、星期四下午看診、星期五下午看診、星期六下午休診、星期日下午休診、星期一晚上休診、星期二晚上休診、星期三晚上休診、星期四晚上休診、星期五晚上休診、星期六晚上休診、星期日晚上休診",""
"3734010213","通安全牙醫診所","牙醫一般診所","03 -9323559","宜蘭縣宜蘭市復興路３段６８號","臺北業務組","診所","門診診療,兒童牙齒預防保健,口腔黏膜檢查","牙科","","星期一上午看診、星期二上午看診、星期三上午看診、星期四上午看診、星期五上午看診、星期六上午看診、星期日上午看診、星期一下午看診、星期二下午看診、星期三下午看診、星期四下午看診、星期五下午看診、星期六下午看診、星期日下午看診、星期一晚上看診、星期二晚上看診、星期三晚上看診、星期四晚上看診、星期五晚上看診、星期六晚上看診、星期日晚上看診",""
"3734010240","張登富牙醫診所","牙醫一般診所","03 -9355435","宜蘭縣宜蘭市復興里健康路２段３６號","臺北業務組","診所","門診診療,兒童牙齒預防保健","牙科","","星期一上午看診、星期二上午看診、星期三上午看診、星期四上午看診、星期五上午看診、星期六上午看診、星期日上午休診、星期一下午看診、星期二下午看診、星期三下午看診、星期四下午看診、星期五下午看診、星期六下午休診、星期日下午休診、星期一晚上看診、星期二晚上看診、星期三晚上看診、星期四晚上看診、星期五晚上看診、星期六晚上休診、星期日晚上休診",""
"3734010259","宏林牙醫診所","牙醫一般診所","03 -9364391","宜蘭縣宜蘭市新民里新民路１６３號１樓","臺北業務組","診所","門診診療,兒童牙齒預防保健","牙科","","星期一上午看診、星期二上午看診、星期三上午看診、星期四上午看診、星期五上午看診、星期六上午看診、星期日上午休診、星期一下午看診、星期二下午看診、星期三下午看診、星期四下午看診、星期五下午看診、星期六下午休診、星期日下午休診、星期一晚上看診、星期二晚上看診、星期三晚上看診、星期四晚上看診、星期五晚上看診、星期六晚上休診、星期日晚上休診","9-11日正常門診"
"3734010268","中山牙醫診所","牙醫一般診所","03 -9363373","宜蘭縣宜蘭市神農里和睦路２３－２號","臺北業務組","診所","門診診療,兒童牙齒預防保健","牙科","","星期一上午看診、星期二上午看診、星期三上午看診、星期四上午看診、星期五上午看診、星期六上午看診、星期日上午休診、星期一下午看診、星期二下午看診、星期三下午看診、星期四下午看診、星期五下午看診、星期六下午看診、星期日下午休診、星期一晚上看診、星期二晚上看診、星期三晚上看診、星期四晚上看診、星期五晚上看診、星期六晚上休診、星期日晚上休診",""
"3734010286","賢仁牙醫診所","牙醫一般診所","03 -9368733","宜蘭縣宜蘭市神農路２段２２號","臺北業務組","診所","門診診療,兒童牙齒預防保健","牙科","","星期一上午休診、星期二上午休診、星期三上午休診、星期四上午休診、星期五上午休診、星期六上午休診、星期日上午休診、星期一下午看診、星期二下午看診、星期三下午看診、星期四下午看診、星期五下午看診、星期六下午休診、星期日下午休診、星期一晚上看診、星期二晚上看診、星期三晚上看診、星期四晚上看診、星期五晚上看診、星期六晚上休診、星期日晚上休診",""
"3734010295","李玉珍牙醫診所","牙醫一般診所","03 -9315313","宜蘭縣宜蘭市中山路２９號２樓之１","臺北業務組","診所","門診診療,兒童牙齒預防保健","牙科","","星期一上午看診、星期二上午看診、星期三上午看診、星期四上午看診、星期五上午看診、星期六上午看診、星期日上午休診、星期一下午看診、星期二下午看診、星期三下午看診、星期四下午休診、星期五下午看診、星期六下午休診、星期日下午休診、星期一晚上休診、星期二晚上休診、星期三晚上休診、星期四晚上休診、星期五晚上休診、星期六晚上休診、星期日晚上休診",""
"3734011336","為楷牙醫診所","牙醫一般診所","03 -9324498","宜蘭縣宜蘭市崇聖街３５－１號","臺北業務組","診所","門診診療,兒童牙齒預防保健","牙科","","星期一上午看診、星期二上午看診、星期三上午看診、星期四上午看診、星期五上午看診、星期六上午看診、星期日上午休診、星期一下午看診、星期二下午看診、星期三下午看診、星期四下午看診、星期五下午看診、星期六下午休診、星期日下午休診、星期一晚上看診、星期二晚上看診、星期三晚上看診、星期四晚上看診、星期五晚上看診、星期六晚上休診、星期日晚上休診",""
"3734011345","智勝科技牙醫診所","牙醫一般診所","03 -9358811","宜蘭縣宜蘭市女中路３段２６－２號１樓","臺北業務組","診所","門診診療,兒童牙齒預防保健","牙科","","星期一上午休診、星期二上午休診、星期三上午休診、星期四上午休診、星期五上午休診、星期六上午休診、星期日上午休診、星期一下午看診、星期二下午看診、星期三下午看診、星期四下午看診、星期五下午看診、星期六下午看診、星期日下午休診、星期一晚上休診、星期二晚上休診、星期三晚上休診、星期四晚上休診、星期五晚上休診、星期六晚上休診、星期日晚上休診",""
"3734011354","大安麗緻牙醫診所","牙醫一般診所","03 -9312200","宜蘭縣宜蘭市宜中路１６５號","臺北業務組","診所","門診診療,兒童牙齒預防保健","牙科","","星期一上午休診、星期二上午休診、星期三上午休診、星期四上午休診、星期五上午休診、星期六上午休診、星期日上午看診、星期一下午休診、星期二下午休診、星期三下午休診、星期四下午休診、星期五下午休診、星期六下午休診、星期日下午看診、星期一晚上休診、星期二晚上休診、星期三晚上休診、星期四晚上休診、星期五晚上休診、星期六晚上看診、星期日晚上看診",""
"3734011363","饒正美牙醫診所","牙醫一般診所","03 -9325836","宜蘭縣宜蘭市中山路２段３８２號","臺北業務組","診所","門診診療,兒童牙齒預防保健","牙科","","星期一上午看診、星期二上午看診、星期三上午看診、星期四上午休診、星期五上午休診、星期六上午休診、星期日上午休診、星期一下午看診、星期二下午看診、星期三下午看診、星期四下午休診、星期五下午休診、星期六下午休診、星期日下午休診、星期一晚上看診、星期二晚上看診、星期三晚上看診、星期四晚上休診、星期五晚上休診、星期六晚上休診、星期日晚上休診",""
"3734011381","超群牙醫診所","牙醫一般診所","03 -9369625","宜蘭縣宜蘭市女中路３段３００號","臺北業務組","診所","門診診療,兒童牙齒預防保健,口腔黏膜檢查","牙科","","星期一上午看診、星期二上午看診、星期三上午看診、星期四上午看診、星期五上午看診、星期六上午看診、星期日上午休診、星期一下午看診、星期二下午看診、星期三下午看診、星期四下午休診、星期五下午看診、星期六下午看診、星期日下午休診、星期一晚上休診、星期二晚上休診、星期三晚上休診、星期四晚上休診、星期五晚上休診、星期六晚上休診、星期日晚上休診",""
"3734011390","一德牙醫診所","牙醫一般診所","03 -9381100","宜蘭縣宜蘭市黎明３路１段４２號","臺北業務組","診所","門診診療,兒童牙齒預防保健,口腔黏膜檢查","牙科","","星期一上午休診、星期二上午休診、星期三上午看診、星期四上午休診、星期五上午看診、星期六上午看診、星期日上午休診、星期一下午看診、星期二下午看診、星期三下午看診、星期四下午看診、星期五下午看診、星期六下午休診、星期日下午休診、星期一晚上看診、星期二晚上看診、星期三晚上休診、星期四晚上看診、星期五晚上休診、星期六晚上休診、星期日晚上休診",""
"3734011407","自強牙醫診所","牙醫一般診所","03 -9357357","宜蘭縣宜蘭市自強路１１６－５號","臺北業務組","診所","門診診療,兒童牙齒預防保健","牙科","","星期一上午看診、星期二上午看診、星期三上午看診、星期四上午看診、星期五上午看診、星期六上午看診、星期日上午休診、星期一下午看診、星期二下午看診、星期三下午看診、星期四下午看診、星期五下午看診、星期六下午休診、星期日下午休診、星期一晚上看診、星期二晚上看診、星期三晚上看診、星期四晚上看診、星期五晚上看診、星期六晚上休診、星期日晚上休診",""
"3734011416","銘世成牙醫診所","牙醫一般診所","03 -9360390","宜蘭縣宜蘭市長春路１４１號","臺北業務組","診所","門診診療,兒童牙齒預防保健","牙科","","星期一上午看診、星期二上午看診、星期三上午看診、星期四上午休診、星期五上午看診、星期六上午看診、星期日上午休診、星期一下午看診、星期二下午看診、星期三下午看診、星期四下午看診、星期五下午看診、星期六下午休診、星期日下午休診、星期一晚上休診、星期二晚上休診、星期三晚上休診、星期四晚上休診、星期五晚上休診、星期六晚上休診、星期日晚上休診",""
"3734011425","康全牙醫診所","牙醫一般診所","03 -9353623","宜蘭縣宜蘭市神農路１段１２５號１樓","臺北業務組","診所","門診診療,兒童牙齒預防保健","牙科","","星期一上午看診、星期二上午看診、星期三上午看診、星期四上午看診、星期五上午看診、星期六上午看診、星期日上午休診、星期一下午看診、星期二下午看診、星期三下午看診、星期四下午看診、星期五下午看診、星期六下午看診、星期日下午休診、星期一晚上看診、星期二晚上看診、星期三晚上看診、星期四晚上看診、星期五晚上看診、星期六晚上休診、星期日晚上休診",""
"3734011434","佳康牙醫診所","牙醫一般診所","03 -9351357","宜蘭縣宜蘭市民族路３１２號","臺北業務組","診所","門診診療,兒童牙齒預防保健,口腔黏膜檢查","牙科","","星期一上午休診、星期二上午看診、星期三上午休診、星期四上午看診、星期五上午休診、星期六上午看診、星期日上午休診、星期一下午看診、星期二下午看診、星期三下午看診、星期四下午休診、星期五下午看診、星期六下午休診、星期日下午休診、星期一晚上看診、星期二晚上休診、星期三晚上看診、星期四晚上休診、星期五晚上看診、星期六晚上休診、星期日晚上休診",""
"3734011443","１００１楊牙醫診所","牙醫一般診所","03 -9381001","宜蘭縣宜蘭市延平路３８之３４號","臺北業務組","診所","門診診療,兒童牙齒預防保健,口腔黏膜檢查","牙科","","星期一上午看診、星期二上午看診、星期三上午休診、星期四上午看診、星期五上午看診、星期六上午休診、星期日上午休診、星期一下午看診、星期二下午看診、星期三下午休診、星期四下午看診、星期五下午看診、星期六下午休診、星期日下午休診、星期一晚上看診、星期二晚上看診、星期三晚上休診、星期四晚上看診、星期五晚上看診、星期六晚上休診、星期日晚上休診",""
"3734011452","幸福牙醫診所","牙醫一般診所","03 -9256266","宜蘭縣宜蘭市公園路５１９號１、２樓","臺北業務組","診所","門診診療,兒童牙齒預防保健,口腔黏膜檢查","牙科","","星期一上午休診、星期二上午看診、星期三上午看診、星期四上午看診、星期五上午看診、星期六上午看診、星期日上午休診、星期一下午休診、星期二下午看診、星期三下午看診、星期四下午看診、星期五下午看診、星期六下午看診、星期日下午休診、星期一晚上休診、星期二晚上休診、星期三晚上休診、星期四晚上休診、星期五晚上休診、星期六晚上休診、星期日晚上休診",""
"3734011470","達文西牙醫診所","牙醫一般診所","03 -9332627","宜蘭縣宜蘭市女中路２段４３１號","臺北業務組","診所","門診診療,兒童牙齒預防保健","牙科","","星期一上午看診、星期二上午休診、星期三上午看診、星期四上午休診、星期五上午看診、星期六上午休診、星期日上午休診、星期一下午看診、星期二下午看診、星期三下午看診、星期四下午看診、星期五下午看診、星期六下午休診、星期日下午休診、星期一晚上休診、星期二晚上看診、星期三晚上休診、星期四晚上看診、星期五晚上休診、星期六晚上休診、星期日晚上休診",""
"3734011489","陳信甫牙醫診所","牙醫一般診所","03 -9256378","宜蘭縣宜蘭市縣政一街７號１樓","臺北業務組","診所","門診診療,兒童牙齒預防保健","牙科","","星期一上午看診、星期二上午看診、星期三上午看診、星期四上午休診、星期五上午看診、星期六上午看診、星期日上午休診、星期一下午看診、星期二下午看診、星期三下午看診、星期四下午休診、星期五下午看診、星期六下午看診、星期日下午休診、星期一晚上休診、星期二晚上休診、星期三晚上休診、星期四晚上休診、星期五晚上休診、星期六晚上休診、星期日晚上休診","隔周六門診"
"3734011498","怡安牙醫診所","牙醫一般診所","03 -9388598","宜蘭縣宜蘭市慈安路３５－１５、３５－１７號１－２樓","臺北業務組","診所","門診診療,兒童牙齒預防保健","牙科","","星期一上午看診、星期二上午休診、星期三上午休診、星期四上午看診、星期五上午休診、星期六上午看診、星期日上午休診、星期一下午看診、星期二下午休診、星期三下午看診、星期四下午看診、星期五下午看診、星期六下午看診、星期日下午休診、星期一晚上看診、星期二晚上休診、星期三晚上看診、星期四晚上看診、星期五晚上看診、星期六晚上休診、星期日晚上休診",""
"3734020013","藍牙醫診所","牙醫一般診所","03 -9540784","宜蘭縣羅東鎮民生路１０７號","臺北業務組","診所","門診診療,兒童牙齒預防保健,口腔黏膜檢查","牙科","","星期一上午看診、星期二上午看診、星期三上午看診、星期四上午看診、星期五上午看診、星期六上午看診、星期日上午休診、星期一下午看診、星期二下午看診、星期三下午看診、星期四下午看診、星期五下午看診、星期六下午看診、星期日下午休診、星期一晚上看診、星期二晚上看診、星期三晚上休診、星期四晚上看診、星期五晚上看診、星期六晚上休診、星期日晚上休診",""
"3734020040","延林牙醫診所","牙醫一般診所","03 -9561999","宜蘭縣羅東鎮公正路１０３號","臺北業務組","診所","門診診療,兒童牙齒預防保健","牙科","","星期一上午看診、星期二上午看診、星期三上午看診、星期四上午看診、星期五上午看診、星期六上午看診、星期日上午休診、星期一下午看診、星期二下午看診、星期三下午看診、星期四下午看診、星期五下午看診、星期六下午休診、星期日下午休診、星期一晚上看診、星期二晚上看診、星期三晚上看診、星期四晚上看診、星期五晚上看診、星期六晚上休診、星期日晚上休診",""
"3734020068","東安牙醫診所","牙醫一般診所","03 -9564233","宜蘭縣羅東鎮民權路５６巷７號","臺北業務組","診所","門診診療,兒童牙齒預防保健","牙科","","星期一上午看診、星期二上午看診、星期三上午看診、星期四上午看診、星期五上午看診、星期六上午看診、星期日上午休診、星期一下午看診、星期二下午看診、星期三下午看診、星期四下午休診、星期五下午看診、星期六下午看診、星期日下午休診、星期一晚上看診、星期二晚上看診、星期三晚上看診、星期四晚上看診、星期五晚上看診、星期六晚上休診、星期日晚上休診",""
"3734020077","中興牙醫診所","牙醫一般診所","03 -9550245","宜蘭縣羅東鎮中正路２１２號","臺北業務組","診所","門診診療,兒童牙齒預防保健","牙科","","星期一上午看診、星期二上午看診、星期三上午看診、星期四上午看診、星期五上午看診、星期六上午休診、星期日上午休診、星期一下午看診、星期二下午看診、星期三下午看診、星期四下午看診、星期五下午看診、星期六下午休診、星期日下午休診、星期一晚上看診、星期二晚上看診、星期三晚上看診、星期四晚上看診、星期五晚上看診、星期六晚上休診、星期日晚上休診",""
"3734020120","光仁牙醫診所","牙醫一般診所","03 -9545079","宜蘭縣羅東鎮中山路３段３４８號","臺北業務組","診所","門診診療,兒童牙齒預防保健","牙科","","星期一上午看診、星期二上午看診、星期三上午看診、星期四上午看診、星期五上午看診、星期六上午休診、星期日上午休診、星期一下午看診、星期二下午看診、星期三下午看診、星期四下午看診、星期五下午看診、星期六下午休診、星期日下午休診、星期一晚上看診、星期二晚上休診、星期三晚上看診、星期四晚上休診、星期五晚上看診、星期六晚上休診、星期日晚上休診",""
"3734020139","文雅牙醫診所","牙醫一般診所","03 -9575697","宜蘭縣羅東鎮中正街１號","臺北業務組","診所","門診診療,兒童牙齒預防保健","牙科","","星期一上午看診、星期二上午看診、星期三上午看診、星期四上午看診、星期五上午看診、星期六上午看診、星期日上午休診、星期一下午看診、星期二下午看診、星期三下午看診、星期四下午看診、星期五下午看診、星期六下午休診、星期日下午休診、星期一晚上看診、星期二晚上看診、星期三晚上休診、星期四晚上看診、星期五晚上看診、星期六晚上休診、星期日晚上休診",""
"3734020166","昭全牙醫診所","牙醫一般診所","03 -9567125","宜蘭縣羅東鎮居仁里南門路５６號","臺北業務組","診所","門診診療,兒童牙齒預防保健,口腔黏膜檢查","牙科","","星期一上午看診、星期二上午看診、星期三上午看診、星期四上午看診、星期五上午看診、星期六上午看診、星期日上午休診、星期一下午看診、星期二下午休診、星期三下午看診、星期四下午休診、星期五下午看診、星期六下午休診、星期日下午休診、星期一晚上看診、星期二晚上休診、星期三晚上看診、星期四晚上休診、星期五晚上看診、星期六晚上休診、星期日晚上休診",""
"3734020175","瑞祥牙醫診所","牙醫一般診所","03 -9552797","宜蘭縣羅東鎮興東南路１４８號","臺北業務組","診所","門診診療,兒童牙齒預防保健","牙科","","星期一上午看診、星期二上午看診、星期三上午看診、星期四上午看診、星期五上午看診、星期六上午休診、星期日上午休診、星期一下午看診、星期二下午看診、星期三下午看診、星期四下午看診、星期五下午看診、星期六下午休診、星期日下午休診、星期一晚上看診、星期二晚上看診、星期三晚上看診、星期四晚上看診、星期五晚上看診、星期六晚上休診、星期日晚上休診",""
"3734020200","啟誠牙醫診所","牙醫一般診所","03 -9562336","宜蘭縣羅東鎮中山路３段４４０號","臺北業務組","診所","門診診療,兒童牙齒預防保健,口腔黏膜檢查","牙科","","星期一上午看診、星期二上午看診、星期三上午看診、星期四上午看診、星期五上午看診、星期六上午休診、星期日上午休診、星期一下午看診、星期二下午看診、星期三下午看診、星期四下午看診、星期五下午看診、星期六下午休診、星期日下午休診、星期一晚上看診、星期二晚上看診、星期三晚上休診、星期四晚上看診、星期五晚上看診、星期六晚上休診、星期日晚上休診",""
"3734020237","順泰牙醫診所","牙醫一般診所","03 -9573332","宜蘭縣羅東鎮民生路１０６號","臺北業務組","診所","門診診療,兒童牙齒預防保健","牙科","","星期一上午休診、星期二上午看診、星期三上午看診、星期四上午休診、星期五上午看診、星期六上午休診、星期日上午休診、星期一下午休診、星期二下午看診、星期三下午看診、星期四下午看診、星期五下午看診、星期六下午休診、星期日下午休診、星期一晚上休診、星期二晚上看診、星期三晚上看診、星期四晚上看診、星期五晚上看診、星期六晚上休診、星期日晚上休診",""
"3734020273","佳恩牙醫診所","牙醫一般診所","03 -9567323","宜蘭縣羅東鎮興東南路１５７號","臺北業務組","診所","門診診療,兒童牙齒預防保健,口腔黏膜檢查","牙科","","星期一上午看診、星期二上午看診、星期三上午看診、星期四上午看診、星期五上午看診、星期六上午看診、星期日上午休診、星期一下午看診、星期二下午看診、星期三下午看診、星期四下午休診、星期五下午休診、星期六下午休診、星期日下午休診、星期一晚上休診、星期二晚上休診、星期三晚上休診、星期四晚上休診、星期五晚上看診、星期六晚上休診、星期日晚上休診",""
"3734020282","仲輝牙醫診所","牙醫一般診所","03 -9573503","宜蘭縣羅東鎮天津路５７號","臺北業務組","診所","門診診療,兒童牙齒預防保健,口腔黏膜檢查","牙科","","星期一上午看診、星期二上午看診、星期三上午看診、星期四上午休診、星期五上午看診、星期六上午休診、星期日上午休診、星期一下午看診、星期二下午看診、星期三下午看診、星期四下午看診、星期五下午看診、星期六下午休診、星期日下午休診、星期一晚上看診、星期二晚上休診、星期三晚上休診、星期四晚上看診、星期五晚上看診、星期六晚上休診、星期日晚上休診",""
"3734020291","陳清輝牙醫診所","牙醫一般診所","03 -9564906","宜蘭縣羅東鎮南豪里中正南路６７－２號","臺北業務組","診所","門診診療,兒童牙齒預防保健","牙科","","星期一上午休診、星期二上午看診、星期三上午看診、星期四上午看診、星期五上午看診、星期六上午看診、星期日上午休診、星期一下午休診、星期二下午看診、星期三下午看診、星期四下午看診、星期五下午看診、星期六下午看診、星期日下午休診、星期一晚上休診、星期二晚上看診、星期三晚上看診、星期四晚上看診、星期五晚上看診、星期六晚上看診、星期日晚上休診",""
"3734020308","梁博文牙醫診所","牙醫一般診所","03 -9556280","宜蘭縣羅東鎮公正路１５４號４樓","臺北業務組","診所","門診診療,兒童牙齒預防保健","牙科","","星期一上午看診、星期二上午看診、星期三上午看診、星期四上午看診、星期五上午看診、星期六上午看診、星期日上午休診、星期一下午看診、星期二下午看診、星期三下午看診、星期四下午看診、星期五下午看診、星期六下午休診、星期日下午休診、星期一晚上看診、星期二晚上休診、星期三晚上看診、星期四晚上休診、星期五晚上看診、星期六晚上休診、星期日晚上休診",""
"3734020317","陳鴻政牙醫診所","牙醫一般診所","03 -9556550","宜蘭縣羅東鎮興東路２３７號","臺北業務組","診所","門診診療,兒童牙齒預防保健","牙科","","星期一上午休診、星期二上午休診、星期三上午休診、星期四上午休診、星期五上午休診、星期六上午看診、星期日上午休診、星期一下午看診、星期二下午看診、星期三下午看診、星期四下午看診、星期五下午看診、星期六下午休診、星期日下午休診、星期一晚上休診、星期二晚上休診、星期三晚上休診、星期四晚上休診、星期五晚上休診、星期六晚上休診、星期日晚上休診",""
"3734020335","徐牙醫診所","牙醫一般診所","03 -9577823","宜蘭縣羅東鎮中山路２段４３３號","臺北業務組","診所","門診診療,兒童牙齒預防保健","牙科","","星期一上午看診、星期二上午看診、星期三上午看診、星期四上午休診、星期五上午看診、星期六上午休診、星期日上午休診、星期一下午看診、星期二下午看診、星期三下午看診、星期四下午休診、星期五下午看診、星期六下午休診、星期日下午休診、星期一晚上休診、星期二晚上休診、星期三晚上休診、星期四晚上休診、星期五晚上休診、星期六晚上休診、星期日晚上休診",""
"3734020344","左巴牙醫診所","牙醫一般診所","03 -9510678","宜蘭縣羅東鎮中山路４段２號２－１樓","臺北業務組","診所","門診診療,兒童牙齒預防保健","牙科","","星期一上午看診、星期二上午看診、星期三上午看診、星期四上午看診、星期五上午看診、星期六上午看診、星期日上午休診、星期一下午看診、星期二下午看診、星期三下午休診、星期四下午看診、星期五下午看診、星期六下午休診、星期日下午休診、星期一晚上看診、星期二晚上看診、星期三晚上休診、星期四晚上看診、星期五晚上看診、星期六晚上休診、星期日晚上休診",""
"3734020353","許明哲牙醫診所","牙醫一般診所","03 -9565869","宜蘭縣羅東鎮興東路１５６號","臺北業務組","診所","門診診療,兒童牙齒預防保健,口腔黏膜檢查","牙科","","星期一上午看診、星期二上午看診、星期三上午看診、星期四上午看診、星期五上午看診、星期六上午看診、星期日上午休診、星期一下午看診、星期二下午看診、星期三下午看診、星期四下午看診、星期五下午看診、星期六下午看診、星期日下午休診、星期一晚上休診、星期二晚上看診、星期三晚上看診、星期四晚上休診、星期五晚上看診、星期六晚上休診、星期日晚上休診",""
"3734020362","健菖牙醫診所","牙醫一般診所","03 -9553578","宜蘭縣羅東鎮中正南路１２３－１號","臺北業務組","診所","門診診療,兒童牙齒預防保健","牙科","","星期一上午看診、星期二上午看診、星期三上午看診、星期四上午休診、星期五上午看診、星期六上午看診、星期日上午休診、星期一下午看診、星期二下午看診、星期三下午看診、星期四下午休診、星期五下午看診、星期六下午休診、星期日下午休診、星期一晚上看診、星期二晚上休診、星期三晚上看診、星期四晚上休診、星期五晚上看診、星期六晚上休診、星期日晚上休診",""
"3734021378","周仁紅牙醫診所","牙醫一般診所","03 -9530966","宜蘭縣羅東鎮興東路２５７號","臺北業務組","診所","門診診療,兒童牙齒預防保健","牙科","","星期一上午看診、星期二上午看診、星期三上午看診、星期四上午看診、星期五上午看診、星期六上午休診、星期日上午休診、星期一下午看診、星期二下午休診、星期三下午看診、星期四下午休診、星期五下午看診、星期六下午休診、星期日下午休診、星期一晚上看診、星期二晚上休診、星期三晚上看診、星期四晚上休診、星期五晚上看診、星期六晚上休診、星期日晚上休診",""
"3734021387","多耐牙醫診所","牙醫一般診所","03 -9510012","宜蘭縣羅東鎮公正路４１５號","臺北業務組","診所","門診診療,兒童牙齒預防保健","牙科","","星期一上午看診、星期二上午休診、星期三上午休診、星期四上午休診、星期五上午看診、星期六上午休診、星期日上午休診、星期一下午看診、星期二下午看診、星期三下午看診、星期四下午看診、星期五下午看診、星期六下午休診、星期日下午休診、星期一晚上看診、星期二晚上看診、星期三晚上看診、星期四晚上看診、星期五晚上休診、星期六晚上休診、星期日晚上休診",""
"3734021396","林慧玲牙醫診所","牙醫一般診所","03 -9556287","宜蘭縣羅東鎮中華路６８號","臺北業務組","診所","門診診療,兒童牙齒預防保健","牙科","","星期一上午看診、星期二上午看診、星期三上午看診、星期四上午看診、星期五上午看診、星期六上午休診、星期日上午休診、星期一下午看診、星期二下午看診、星期三下午休診、星期四下午看診、星期五下午看診、星期六下午休診、星期日下午休診、星期一晚上休診、星期二晚上休診、星期三晚上休診、星期四晚上休診、星期五晚上休診、星期六晚上休診、星期日晚上休診","國定例假日休診"
"3734021403","李懷德牙醫診所","牙醫一般診所","03 -9531919","宜蘭縣羅東鎮興東南路２９號","臺北業務組","診所","門診診療,兒童牙齒預防保健","牙科","","星期一上午看診、星期二上午看診、星期三上午看診、星期四上午休診、星期五上午看診、星期六上午看診、星期日上午休診、星期一下午看診、星期二下午看診、星期三下午看診、星期四下午看診、星期五下午看診、星期六下午看診、星期日下午休診、星期一晚上看診、星期二晚上看診、星期三晚上休診、星期四晚上看診、星期五晚上看診、星期六晚上休診、星期日晚上休診",""
"3734021412","陳維德牙醫診所","牙醫一般診所","03 -9553481","宜蘭縣羅東鎮公正路２３７號","臺北業務組","診所","門診診療,兒童牙齒預防保健","牙科","","星期一上午看診、星期二上午看診、星期三上午看診、星期四上午看診、星期五上午看診、星期六上午看診、星期日上午休診、星期一下午看診、星期二下午看診、星期三下午休診、星期四下午看診、星期五下午看診、星期六下午休診、星期日下午休診、星期一晚上休診、星期二晚上休診、星期三晚上休診、星期四晚上休診、星期五晚上休診、星期六晚上休診、星期日晚上休診",""
"3734021421","一心牙醫診所","牙醫一般診所","03 -9617887","宜蘭縣羅東鎮維揚路７１號１樓","臺北業務組","診所","門診診療,兒童牙齒預防保健,口腔黏膜檢查","牙科","","星期一上午看診、星期二上午看診、星期三上午休診、星期四上午看診、星期五上午休診、星期六上午休診、星期日上午休診、星期一下午看診、星期二下午看診、星期三下午看診、星期四下午看診、星期五下午看診、星期六下午休診、星期日下午休診、星期一晚上看診、星期二晚上休診、星期三晚上看診、星期四晚上看診、星期五晚上看診、星期六晚上休診、星期日晚上休診",""
"3734021430","詮佳牙醫診所","牙醫一般診所","03 -9566928","宜蘭縣羅東鎮中山路３段４０９號","臺北業務組","診所","門診診療,兒童牙齒預防保健","牙科","","星期一上午看診、星期二上午看診、星期三上午看診、星期四上午看診、星期五上午看診、星期六上午看診、星期日上午休診、星期一下午看診、星期二下午看診、星期三下午看診、星期四下午看診、星期五下午看診、星期六下午看診、星期日下午休診、星期一晚上看診、星期二晚上看診、星期三晚上看診、星期四晚上看診、星期五晚上看診、星期六晚上休診、星期日晚上休診",""
"3734021449","王平安牙醫診所","牙醫一般診所","03 -9560299","宜蘭縣羅東鎮公正路２８８號","臺北業務組","診所","門診診療,兒童牙齒預防保健,口腔黏膜檢查","牙科","","星期一上午看診、星期二上午看診、星期三上午看診、星期四上午看診、星期五上午看診、星期六上午看診、星期日上午休診、星期一下午看診、星期二下午看診、星期三下午看診、星期四下午看診、星期五下午看診、星期六下午休診、星期日下午休診、星期一晚上看診、星期二晚上看診、星期三晚上看診、星期四晚上看診、星期五晚上看診、星期六晚上休診、星期日晚上休診",""
"3734021458","李繼武牙醫診所","牙醫一般診所","03 -9518858","宜蘭縣羅東鎮敬業路５０號","臺北業務組","診所","門診診療,兒童牙齒預防保健","牙科","","星期一上午看診、星期二上午看診、星期三上午看診、星期四上午看診、星期五上午看診、星期六上午休診、星期日上午休診、星期一下午看診、星期二下午看診、星期三下午看診、星期四下午看診、星期五下午看診、星期六下午休診、星期日下午休診、星期一晚上看診、星期二晚上看診、星期三晚上休診、星期四晚上看診、星期五晚上看診、星期六晚上休診、星期日晚上休診",""
"3734021467","冠緯牙醫診所","牙醫一般診所","03 -9553689","宜蘭縣羅東鎮光榮路４９７號１、２樓及４９５號２樓","臺北業務組","診所","門診診療,兒童牙齒預防保健,口腔黏膜檢查","牙科","","星期一上午看診、星期二上午看診、星期三上午看診、星期四上午看診、星期五上午看診、星期六上午看診、星期日上午休診、星期一下午看診、星期二下午看診、星期三下午看診、星期四下午看診、星期五下午看診、星期六下午休診、星期日下午休診、星期一晚上看診、星期二晚上看診、星期三晚上休診、星期四晚上看診、星期五晚上看診、星期六晚上休診、星期日晚上休診",""
"3734021494","頂尖牙醫診所","牙醫一般診所","03 -9565395","宜蘭縣羅東鎮興東路１０６號１、２樓","臺北業務組","診所","門診診療,兒童牙齒預防保健","牙科","","星期一上午看診、星期二上午看診、星期三上午看診、星期四上午看診、星期五上午看診、星期六上午休診、星期日上午休診、星期一下午看診、星期二下午看診、星期三下午看診、星期四下午看診、星期五下午看診、星期六下午休診、星期日下午休診、星期一晚上看診、星期二晚上看診、星期三晚上看診、星期四晚上看診、星期五晚上看診、星期六晚上休診、星期日晚上休診",""
"3734021501","植新牙醫診所","牙醫一般診所","03 -9545303","宜蘭縣羅東鎮公正路１１６號１樓","臺北業務組","診所","門診診療,兒童牙齒預防保健","牙科","","星期一上午看診、星期二上午看診、星期三上午看診、星期四上午看診、星期五上午看診、星期六上午看診、星期日上午休診、星期一下午看診、星期二下午看診、星期三下午休診、星期四下午看診、星期五下午看診、星期六下午看診、星期日下午休診、星期一晚上休診、星期二晚上看診、星期三晚上休診、星期四晚上休診、星期五晚上休診、星期六晚上休診、星期日晚上休診",""
"3734021510","禮綸牙醫診所","牙醫一般診所","03 -9519667","宜蘭縣羅東鎮公正路３１３號１樓","臺北業務組","診所","門診診療,兒童牙齒預防保健,口腔黏膜檢查","牙科","","星期一上午看診、星期二上午看診、星期三上午看診、星期四上午看診、星期五上午看診、星期六上午看診、星期日上午休診、星期一下午看診、星期二下午看診、星期三下午看診、星期四下午看診、星期五下午看診、星期六下午休診、星期日下午休診、星期一晚上看診、星期二晚上休診、星期三晚上看診、星期四晚上休診、星期五晚上看診、星期六晚上休診、星期日晚上休診","5/1,5/13,5/27,5/30休診"
"3734021529","康慧牙醫診所","牙醫一般診所","03 -9574699","宜蘭縣羅東鎮興東南路８５號１、２樓","臺北業務組","診所","門診診療,兒童牙齒預防保健","牙科","","星期一上午看診、星期二上午看診、星期三上午看診、星期四上午看診、星期五上午看診、星期六上午看診、星期日上午休診、星期一下午看診、星期二下午看診、星期三下午看診、星期四下午看診、星期五下午看診、星期六下午休診、星期日下午休診、星期一晚上看診、星期二晚上看診、星期三晚上看診、星期四晚上看診、星期五晚上看診、星期六晚上休診、星期日晚上休診","10/10雙十節休診"
"3734021538","鼎祐牙醫診所","牙醫一般診所","03 -9530889","宜蘭縣羅東鎮興東路２０５號１樓","臺北業務組","診所","門診診療,兒童牙齒預防保健","牙科","","星期一上午看診、星期二上午看診、星期三上午看診、星期四上午看診、星期五上午看診、星期六上午看診、星期日上午休診、星期一下午看診、星期二下午看診、星期三下午看診、星期四下午看診、星期五下午看診、星期六下午休診、星期日下午休診、星期一晚上看診、星期二晚上看診、星期三晚上休診、星期四晚上看診、星期五晚上看診、星期六晚上休診、星期日晚上休診",""
"3734021547","斑比牙醫診所","牙醫一般診所","03 -9559133","宜蘭縣羅東鎮復興路１段３８號１、２樓","臺北業務組","診所","門診診療,兒童牙齒預防保健","牙科","","星期一上午看診、星期二上午看診、星期三上午看診、星期四上午休診、星期五上午看診、星期六上午看診、星期日上午看診、星期一下午看診、星期二下午看診、星期三下午休診、星期四下午看診、星期五下午看診、星期六下午休診、星期日下午看診、星期一晚上休診、星期二晚上休診、星期三晚上休診、星期四晚上休診、星期五晚上休診、星期六晚上休診、星期日晚上休診",""
"3734021556","易宏牙醫診所","牙醫一般診所","03 -9572888","宜蘭縣羅東鎮樹林里公正路３１８號１－３樓","臺北業務組","診所","門診診療,兒童牙齒預防保健,口腔黏膜檢查","牙科","","星期一上午看診、星期二上午看診、星期三上午看診、星期四上午看診、星期五上午看診、星期六上午看診、星期日上午休診、星期一下午看診、星期二下午看診、星期三下午看診、星期四下午看診、星期五下午看診、星期六下午看診、星期日下午休診、星期一晚上看診、星期二晚上看診、星期三晚上看診、星期四晚上看診、星期五晚上看診、星期六晚上看診、星期日晚上休診",""
"3734030019","今日牙醫診所","牙醫一般診所","03 -9960523","宜蘭縣蘇澳鎮中山路９２號","臺北業務組","診所","門診診療,兒童牙齒預防保健,口腔黏膜檢查","牙科","","星期一上午看診、星期二上午看診、星期三上午看診、星期四上午看診、星期五上午看診、星期六上午看診、星期日上午休診、星期一下午看診、星期二下午看診、星期三下午看診、星期四下午看診、星期五下午看診、星期六下午休診、星期日下午休診、星期一晚上看診、星期二晚上看診、星期三晚上看診、星期四晚上看診、星期五晚上看診、星期六晚上休診、星期日晚上休診",""
"3734030028","永安牙醫診所","牙醫一般診所","03 -9967743","宜蘭縣蘇澳鎮南興路３０號","臺北業務組","診所","門診診療,兒童牙齒預防保健,口腔黏膜檢查","牙科","","星期一上午看診、星期二上午看診、星期三上午看診、星期四上午看診、星期五上午看診、星期六上午看診、星期日上午休診、星期一下午看診、星期二下午看診、星期三下午看診、星期四下午看診、星期五下午看診、星期六下午休診、星期日下午休診、星期一晚上看診、星期二晚上看診、星期三晚上看診、星期四晚上休診、星期五晚上看診、星期六晚上休診、星期日晚上休診",""
"3734030064","陽明牙醫診所","牙醫一般診所","03 -9951315","宜蘭縣蘇澳鎮光復路８號","臺北業務組","診所","門診診療,兒童牙齒預防保健,口腔黏膜檢查","牙科","","星期一上午看診、星期二上午看診、星期三上午看診、星期四上午看診、星期五上午看診、星期六上午休診、星期日上午休診、星期一下午看診、星期二下午看診、星期三下午看診、星期四下午看診、星期五下午看診、星期六下午休診、星期日下午休診、星期一晚上看診、星期二晚上看診、星期三晚上看診、星期四晚上看診、星期五晚上看診、星期六晚上休診、星期日晚上休診",""
"3734031070","黃牙醫診所","牙醫一般診所","03 -9955985","宜蘭縣蘇澳鎮中山路１段１３７號","臺北業務組","診所","門診診療,兒童牙齒預防保健,口腔黏膜檢查","牙科","","星期一上午看診、星期二上午看診、星期三上午看診、星期四上午看診、星期五上午看診、星期六上午看診、星期日上午休診、星期一下午看診、星期二下午看診、星期三下午休診、星期四下午看診、星期五下午看診、星期六下午休診、星期日下午休診、星期一晚上看診、星期二晚上看診、星期三晚上休診、星期四晚上看診、星期五晚上看診、星期六晚上休診、星期日晚上休診",""
"3734031098","新馬牙醫診所","牙醫一般診所","03 -9901181","宜蘭縣蘇澳鎮新馬路９號","臺北業務組","診所","門診診療,兒童牙齒預防保健,口腔黏膜檢查","牙科","","星期一上午休診、星期二上午看診、星期三上午看診、星期四上午休診、星期五上午休診、星期六上午看診、星期日上午休診、星期一下午看診、星期二下午看診、星期三下午看診、星期四下午看診、星期五下午看診、星期六下午看診、星期日下午休診、星期一晚上看診、星期二晚上看診、星期三晚上休診、星期四晚上看診、星期五晚上看診、星期六晚上休診、星期日晚上休診","休診"
"3734040015","李牙醫診所","牙醫一般診所","03 -9771950","宜蘭縣頭城鎮頭濱路３段３２７號","臺北業務組","診所","門診診療,兒童牙齒預防保健,口腔黏膜檢查","牙科","","星期一上午看診、星期二上午看診、星期三上午看診、星期四上午看診、星期五上午看診、星期六上午看診、星期日上午休診、星期一下午看診、星期二下午看診、星期三下午休診、星期四下午看診、星期五下午看診、星期六下午休診、星期日下午休診、星期一晚上休診、星期二晚上休診、星期三晚上休診、星期四晚上休診、星期五晚上休診、星期六晚上休診、星期日晚上休診","春節期間（106/1/25-2/2全部停診，2/2後恢復正常看診。"
"3734040033","順源牙醫診所","牙醫一般診所","03 -9771387","宜蘭縣頭城鎮青雲路２段３５２號１－３樓、３５０號１－２樓","臺北業務組","診所","門診診療,兒童牙齒預防保健,口腔黏膜檢查","牙科","","星期一上午看診、星期二上午看診、星期三上午看診、星期四上午看診、星期五上午看診、星期六上午看診、星期日上午休診、星期一下午看診、星期二下午看診、星期三下午看診、星期四下午看診、星期五下午看診、星期六下午休診、星期日下午休診、星期一晚上看診、星期二晚上看診、星期三晚上看診、星期四晚上看診、星期五晚上看診、星期六晚上休診、星期日晚上休診",""
"3734040042","喜美牙醫診所","牙醫一般診所","03 -9777005","宜蘭縣頭城鎮城西里開蘭路８５－４號","臺北業務組","診所","門診診療,兒童牙齒預防保健,口腔黏膜檢查","牙科","","星期一上午看診、星期二上午看診、星期三上午休診、星期四上午看診、星期五上午看診、星期六上午看診、星期日上午休診、星期一下午看診、星期二下午看診、星期三下午休診、星期四下午看診、星期五下午看診、星期六下午休診、星期日下午休診、星期一晚上看診、星期二晚上看診、星期三晚上休診、星期四晚上看診、星期五晚上看診、星期六晚上休診、星期日晚上休診",""
"3734040060","建樺牙醫診所","牙醫一般診所","03 -9780016","宜蘭縣頭城鎮青雲路３段１７２號","臺北業務組","診所","門診診療,兒童牙齒預防保健","牙科","","星期一上午看診、星期二上午看診、星期三上午看診、星期四上午看診、星期五上午看診、星期六上午休診、星期日上午休診、星期一下午看診、星期二下午看診、星期三下午看診、星期四下午看診、星期五下午看診、星期六下午休診、星期日下午休診、星期一晚上看診、星期二晚上看診、星期三晚上看診、星期四晚上看診、星期五晚上看診、星期六晚上休診、星期日晚上休診","春節看診時間未定"
"3734050011","育生牙醫診所","牙醫一般診所","03 -9882265","宜蘭縣礁溪鄉中山路１段２１６號","臺北業務組","診所","門診診療,兒童牙齒預防保健","牙科","","星期一上午看診、星期二上午看診、星期三上午看診、星期四上午休診、星期五上午看診、星期六上午看診、星期日上午休診、星期一下午看診、星期二下午看診、星期三下午看診、星期四下午看診、星期五下午看診、星期六下午休診、星期日下午休診、星期一晚上看診、星期二晚上看診、星期三晚上看診、星期四晚上看診、星期五晚上看診、星期六晚上休診、星期日晚上休診",""
"3734050039","張牙醫診所","牙醫一般診所","03 -9888451","宜蘭縣礁溪鄉礁溪路４段１８１號","臺北業務組","診所","門診診療,兒童牙齒預防保健","牙科","","星期一上午看診、星期二上午看診、星期三上午看診、星期四上午看診、星期五上午看診、星期六上午看診、星期日上午休診、星期一下午看診、星期二下午看診、星期三下午看診、星期四下午看診、星期五下午看診、星期六下午休診、星期日下午休診、星期一晚上看診、星期二晚上看診、星期三晚上看診、星期四晚上看診、星期五晚上看診、星期六晚上休診、星期日晚上休診",""
"3734050057","美佳牙醫診所","牙醫一般診所","03 -9283959","宜蘭縣礁溪鄉礁溪路１段２４６號","臺北業務組","診所","門診診療,兒童牙齒預防保健,口腔黏膜檢查","牙科","","星期一上午看診、星期二上午看診、星期三上午看診、星期四上午看診、星期五上午看診、星期六上午休診、星期日上午休診、星期一下午看診、星期二下午看診、星期三下午看診、星期四下午看診、星期五下午看診、星期六下午休診、星期日下午休診、星期一晚上看診、星期二晚上看診、星期三晚上看診、星期四晚上看診、星期五晚上看診、星期六晚上休診、星期日晚上休診",""
"3734050066","協安牙醫診所","牙醫一般診所","03 -9889692","宜蘭縣礁溪鄉礁溪路４段１５９號","臺北業務組","診所","門診診療,兒童牙齒預防保健,口腔黏膜檢查","牙科","","星期一上午看診、星期二上午看診、星期三上午看診、星期四上午休診、星期五上午休診、星期六上午看診、星期日上午休診、星期一下午看診、星期二下午看診、星期三下午看診、星期四下午看診、星期五下午看診、星期六下午休診、星期日下午休診、星期一晚上看診、星期二晚上休診、星期三晚上休診、星期四晚上看診、星期五晚上看診、星期六晚上休診、星期日晚上休診",""
"3734050075","嘉心牙醫診所","牙醫一般診所","03 -9888108","宜蘭縣礁溪鄉礁溪路４段６９號","臺北業務組","診所","門診診療,兒童牙齒預防保健","牙科","","星期一上午看診、星期二上午休診、星期三上午看診、星期四上午休診、星期五上午看診、星期六上午看診、星期日上午休診、星期一下午看診、星期二下午看診、星期三下午看診、星期四下午休診、星期五下午看診、星期六下午看診、星期日下午休診、星期一晚上看診、星期二晚上看診、星期三晚上看診、星期四晚上休診、星期五晚上看診、星期六晚上休診、星期日晚上休診",""
"3734060017","和平牙醫診所","牙醫一般診所","03 -9381114","宜蘭縣壯圍鄉壯五路２６５號","臺北業務組","診所","門診診療,兒童牙齒預防保健,口腔黏膜檢查","牙科","","星期一上午看診、星期二上午看診、星期三上午看診、星期四上午看診、星期五上午看診、星期六上午看診、星期日上午休診、星期一下午看診、星期二下午休診、星期三下午看診、星期四下午休診、星期五下午看診、星期六下午休診、星期日下午休診、星期一晚上看診、星期二晚上休診、星期三晚上看診、星期四晚上休診、星期五晚上看診、星期六晚上休診、星期日晚上休診",""
"3734061023","慈安牙醫診所","牙醫一般診所","03 -9382009","宜蘭縣壯圍鄉壯五路２６４號","臺北業務組","診所","門診診療,兒童牙齒預防保健","牙科","","星期一上午看診、星期二上午看診、星期三上午休診、星期四上午看診、星期五上午看診、星期六上午看診、星期日上午休診、星期一下午看診、星期二下午看診、星期三下午看診、星期四下午看診、星期五下午看診、星期六下午休診、星期日下午休診、星期一晚上看診、星期二晚上看診、星期三晚上看診、星期四晚上看診、星期五晚上看診、星期六晚上休診、星期日晚上休診",""
"3734070513","心德牙醫診所","牙醫一般診所","03 -9232766","宜蘭縣員山鄉坡城路５３巷５號","臺北業務組","診所","門診診療,兒童牙齒預防保健","牙科","","星期一上午休診、星期二上午休診、星期三上午看診、星期四上午看診、星期五上午看診、星期六上午休診、星期日上午休診、星期一下午休診、星期二下午休診、星期三下午看診、星期四下午看診、星期五下午看診、星期六下午休診、星期日下午休診、星期一晚上看診、星期二晚上看診、星期三晚上休診、星期四晚上休診、星期五晚上休診、星期六晚上休診、星期日晚上休診",""
"3734070522","泉盈牙醫診所","牙醫一般診所","03 -9220776","宜蘭縣員山鄉員山路１段１６０號","臺北業務組","診所","門診診療,兒童牙齒預防保健","牙科","","星期一上午看診、星期二上午看診、星期三上午看診、星期四上午看診、星期五上午看診、星期六上午休診、星期日上午休診、星期一下午看診、星期二下午看診、星期三下午看診、星期四下午看診、星期五下午看診、星期六下午休診、星期日下午休診、星期一晚上休診、星期二晚上休診、星期三晚上休診、星期四晚上休診、星期五晚上休診、星期六晚上休診、星期日晚上休診",""
"3734080019","林尚宏牙醫診所","牙醫一般診所","03 -9592072","宜蘭縣冬山鄉冬山路２５５號","臺北業務組","診所","門診診療,兒童牙齒預防保健","牙科","","星期一上午看診、星期二上午看診、星期三上午看診、星期四上午看診、星期五上午休診、星期六上午休診、星期日上午休診、星期一下午看診、星期二下午看診、星期三下午看診、星期四下午看診、星期五下午休診、星期六下午休診、星期日下午休診、星期一晚上看診、星期二晚上看診、星期三晚上看診、星期四晚上看診、星期五晚上休診、星期六晚上休診、星期日晚上休診","週休三日"
"3734080028","大千牙醫診所","牙醫一般診所","03 -9680125","宜蘭縣冬山鄉義成路３段４３８號","臺北業務組","診所","門診診療,兒童牙齒預防保健","牙科","","星期一上午看診、星期二上午看診、星期三上午看診、星期四上午看診、星期五上午看診、星期六上午看診、星期日上午休診、星期一下午看診、星期二下午看診、星期三下午看診、星期四下午看診、星期五下午看診、星期六下午看診、星期日下午休診、星期一晚上看診、星期二晚上看診、星期三晚上看診、星期四晚上看診、星期五晚上看診、星期六晚上看診、星期日晚上休診",""
"3734080037","我家牙醫診所","牙醫一般診所","03 -9592895","宜蘭縣冬山鄉照安路３３巷１８號１樓","臺北業務組","診所","門診診療,兒童牙齒預防保健","牙科","","星期一上午看診、星期二上午看診、星期三上午休診、星期四上午休診、星期五上午看診、星期六上午休診、星期日上午休診、星期一下午看診、星期二下午看診、星期三下午看診、星期四下午看診、星期五下午看診、星期六下午休診、星期日下午休診、星期一晚上看診、星期二晚上看診、星期三晚上看診、星期四晚上看診、星期五晚上看診、星期六晚上休診、星期日晚上休診","106年4月1~4清明假期全日休診"
"3734080046","奧麗薇牙醫診所","牙醫專科診所","03 -9596511","宜蘭縣冬山鄉香和路１３８巷１號、１４０號","臺北業務組","診所","門診診療,兒童牙齒預防保健","牙科","","星期一上午看診、星期二上午看診、星期三上午看診、星期四上午看診、星期五上午看診、星期六上午看診、星期日上午休診、星期一下午看診、星期二下午看診、星期三下午看診、星期四下午看診、星期五下午看診、星期六下午看診、星期日下午休診、星期一晚上看診、星期二晚上看診、星期三晚上看診、星期四晚上看診、星期五晚上看診、星期六晚上休診、星期日晚上休診",""
"3734090015","利生牙醫診所","牙醫一般診所","03 -9502104","宜蘭縣五結鄉利澤路６８號","臺北業務組","診所","門診診療,兒童牙齒預防保健","牙科","","星期一上午看診、星期二上午看診、星期三上午看診、星期四上午看診、星期五上午看診、星期六上午看診、星期日上午休診、星期一下午看診、星期二下午看診、星期三下午看診、星期四下午休診、星期五下午看診、星期六下午休診、星期日下午休診、星期一晚上看診、星期二晚上休診、星期三晚上看診、星期四晚上休診、星期五晚上看診、星期六晚上休診、星期日晚上休診",""
"3734090024","林文通牙醫診所","牙醫一般診所","03 -9509333","宜蘭縣五結鄉協和村五結路２段３１７巷６號","臺北業務組","診所","門診診療,兒童牙齒預防保健","牙科","","星期一上午休診、星期二上午休診、星期三上午休診、星期四上午休診、星期五上午休診、星期六上午看診、星期日上午看診、星期一下午看診、星期二下午看診、星期三下午看診、星期四下午看診、星期五下午看診、星期六下午看診、星期日下午看診、星期一晚上休診、星期二晚上休診、星期三晚上休診、星期四晚上休診、星期五晚上休診、星期六晚上看診、星期日晚上看診",""
"3734100025","田園牙醫診所","牙醫一般診所","03 -9894040","宜蘭縣三星鄉義德村義興路８９號","臺北業務組","診所","門診診療,兒童牙齒預防保健","牙科","","星期一上午看診、星期二上午看診、星期三上午看診、星期四上午看診、星期五上午看診、星期六上午看診、星期日上午休診、星期一下午休診、星期二下午休診、星期三下午看診、星期四下午休診、星期五下午看診、星期六下午休診、星期日下午休診、星期一晚上休診、星期二晚上休診、星期三晚上休診、星期四晚上看診、星期五晚上休診、星期六晚上休診、星期日晚上休診",""
"3834010082","六安堂中醫診所","中醫一般診所","03 -9334565","宜蘭縣宜蘭市神農里光復路２３號","臺北業務組","診所","門診診療","中醫科","","星期一上午看診、星期二上午看診、星期三上午看診、星期四上午看診、星期五上午看診、星期六上午看診、星期日上午看診、星期一下午看診、星期二下午看診、星期三下午看診、星期四下午休診、星期五下午看診、星期六下午看診、星期日下午看診、星期一晚上看診、星期二晚上看診、星期三晚上看診、星期四晚上休診、星期五晚上看診、星期六晚上看診、星期日晚上看診","星期天原則上有看診(如有事則休診)"
"3834010091","慶安中醫診所","中醫一般診所","03 -9357877","宜蘭縣宜蘭市新興里和睦路７０號","臺北業務組","診所","門診診療","中醫科","","星期一上午看診、星期二上午看診、星期三上午看診、星期四上午看診、星期五上午看診、星期六上午看診、星期日上午看診、星期一下午休診、星期二下午休診、星期三下午休診、星期四下午休診、星期五下午休診、星期六下午休診、星期日下午休診、星期一晚上看診、星期二晚上看診、星期三晚上看診、星期四晚上休診、星期五晚上看診、星期六晚上看診、星期日晚上看診",""
"3834010108","仁德堂中醫診所","中醫一般診所","03 -9333020","宜蘭縣宜蘭市神農路１段３９號","臺北業務組","診所","門診診療","中醫科","","星期一上午休診、星期二上午看診、星期三上午看診、星期四上午看診、星期五上午休診、星期六上午看診、星期日上午休診、星期一下午看診、星期二下午看診、星期三下午看診、星期四下午看診、星期五下午看診、星期六下午看診、星期日下午休診、星期一晚上看診、星期二晚上看診、星期三晚上看診、星期四晚上看診、星期五晚上看診、星期六晚上看診、星期日晚上休診",""
"3834010117","林鴻飛中醫診所","中醫一般診所","03 -9387899","宜蘭縣宜蘭市延平里延平路３８－４５號","臺北業務組","診所","門診診療","中醫科","","星期一上午看診、星期二上午看診、星期三上午看診、星期四上午看診、星期五上午看診、星期六上午看診、星期日上午休診、星期一下午看診、星期二下午休診、星期三下午看診、星期四下午休診、星期五下午看診、星期六下午休診、星期日下午休診、星期一晚上看診、星期二晚上看診、星期三晚上看診、星期四晚上看診、星期五晚上看診、星期六晚上看診、星期日晚上休診",""
"3834010153","德安中醫診所","中醫一般診所","03 -9330220","宜蘭縣宜蘭市復興路４９號","臺北業務組","診所","門診診療","中醫科","","星期一上午看診、星期二上午看診、星期三上午看診、星期四上午看診、星期五上午看診、星期六上午看診、星期日上午休診、星期一下午休診、星期二下午休診、星期三下午休診、星期四下午休診、星期五下午休診、星期六下午休診、星期日下午休診、星期一晚上看診、星期二晚上看診、星期三晚上看診、星期四晚上看診、星期五晚上看診、星期六晚上看診、星期日晚上休診",""
"3834011178","六順中醫診所","中醫一般診所","03 -9366696","宜蘭縣宜蘭市宜興路１段５５號","臺北業務組","診所","門診診療","中醫科","","星期一上午看診、星期二上午休診、星期三上午看診、星期四上午休診、星期五上午看診、星期六上午看診、星期日上午休診、星期一下午看診、星期二下午休診、星期三下午看診、星期四下午休診、星期五下午看診、星期六下午休診、星期日下午休診、星期一晚上看診、星期二晚上休診、星期三晚上看診、星期四晚上休診、星期五晚上看診、星期六晚上休診、星期日晚上看診",""
"3834011196","仁濟中醫聯合診所","中醫一般診所","03 -9323249","宜蘭縣宜蘭市文昌路１４７－１號","臺北業務組","診所","門診診療","中醫科","","星期一上午看診、星期二上午看診、星期三上午看診、星期四上午看診、星期五上午看診、星期六上午看診、星期日上午休診、星期一下午看診、星期二下午看診、星期三下午看診、星期四下午看診、星期五下午看診、星期六下午看診、星期日下午休診、星期一晚上看診、星期二晚上看診、星期三晚上看診、星期四晚上看診、星期五晚上看診、星期六晚上看診、星期日晚上休診","星期日全日休診(清明節.端午節.中秋節.春節除夕.初一.初二.初三.初四全日休診)"
"3834011203","慶餘堂中醫診所","中醫一般診所","03 -9355998","宜蘭縣宜蘭市康樂路５號","臺北業務組","診所","門診診療","中醫科","","星期一上午看診、星期二上午看診、星期三上午看診、星期四上午看診、星期五上午看診、星期六上午看診、星期日上午休診、星期一下午看診、星期二下午休診、星期三下午看診、星期四下午看診、星期五下午休診、星期六下午看診、星期日下午休診、星期一晚上看診、星期二晚上看診、星期三晚上休診、星期四晚上看診、星期五晚上看診、星期六晚上休診、星期日晚上休診",""
"3834011221","成春中醫診所","中醫一般診所","03 -9353606","宜蘭縣宜蘭市康樂路９０號","臺北業務組","診所","門診診療","中醫科","","星期一上午看診、星期二上午看診、星期三上午看診、星期四上午看診、星期五上午看診、星期六上午看診、星期日上午休診、星期一下午看診、星期二下午看診、星期三下午休診、星期四下午看診、星期五下午看診、星期六下午看診、星期日下午休診、星期一晚上看診、星期二晚上看診、星期三晚上看診、星期四晚上看診、星期五晚上看診、星期六晚上休診、星期日晚上休診",""
"3834011276","國泰中醫診所","中醫一般診所","03 -9360869","宜蘭縣宜蘭市農權路３段１０號","臺北業務組","診所","門診診療","中醫科","","星期一上午看診、星期二上午看診、星期三上午看診、星期四上午看診、星期五上午看診、星期六上午看診、星期日上午休診、星期一下午看診、星期二下午看診、星期三下午休診、星期四下午看診、星期五下午看診、星期六下午休診、星期日下午休診、星期一晚上看診、星期二晚上看診、星期三晚上休診、星期四晚上看診、星期五晚上看診、星期六晚上休診、星期日晚上休診",""
"3834011285","新南大中醫診所","中醫一般診所","03 -9355007","宜蘭縣宜蘭市宜興路１段９７號","臺北業務組","診所","門診診療","中醫科","","星期一上午看診、星期二上午看診、星期三上午看診、星期四上午看診、星期五上午看診、星期六上午看診、星期日上午看診、星期一下午看診、星期二下午看診、星期三下午看診、星期四下午看診、星期五下午看診、星期六下午看診、星期日下午休診、星期一晚上看診、星期二晚上看診、星期三晚上看診、星期四晚上看診、星期五晚上看診、星期六晚上看診、星期日晚上休診",""
"3834011329","宜蘭現代中醫診所","中醫一般診所","03 -9384995","宜蘭縣宜蘭市校舍路１６１號","臺北業務組","診所","門診診療","中醫科","","星期一上午看診、星期二上午看診、星期三上午看診、星期四上午看診、星期五上午看診、星期六上午看診、星期日上午休診、星期一下午休診、星期二下午休診、星期三下午休診、星期四下午休診、星期五下午休診、星期六下午休診、星期日下午休診、星期一晚上看診、星期二晚上看診、星期三晚上看診、星期四晚上看診、星期五晚上看診、星期六晚上休診、星期日晚上休診",""
"3834011356","明悅中醫診所","中醫一般診所","03 -9368533","宜蘭縣宜蘭市中山路２段１４７號１樓、１４９號 １樓","臺北業務組","診所","門診診療","中醫科","","星期一上午休診、星期二上午休診、星期三上午休診、星期四上午休診、星期五上午休診、星期六上午看診、星期日上午休診、星期一下午看診、星期二下午看診、星期三下午看診、星期四下午看診、星期五下午看診、星期六下午看診、星期日下午休診、星期一晚上看診、星期二晚上看診、星期三晚上看診、星期四晚上看診、星期五晚上看診、星期六晚上休診、星期日晚上休診","星期六看診至18:00"
"3834011383","宜康中醫診所","中醫一般診所","03 -9330500","宜蘭縣宜蘭市民族路３３８－１號","臺北業務組","診所","門診診療","中醫科","","星期一上午休診、星期二上午看診、星期三上午看診、星期四上午休診、星期五上午看診、星期六上午看診、星期日上午休診、星期一下午看診、星期二下午看診、星期三下午看診、星期四下午看診、星期五下午看診、星期六下午看診、星期日下午休診、星期一晚上看診、星期二晚上看診、星期三晚上看診、星期四晚上看診、星期五晚上看診、星期六晚上休診、星期日晚上休診",""
"3834011392","慧仁中醫診所","中醫一般診所","03 -9361266","宜蘭縣宜蘭市光復路８８號","臺北業務組","診所","門診診療","中醫科","","星期一上午看診、星期二上午看診、星期三上午看診、星期四上午看診、星期五上午看診、星期六上午看診、星期日上午休診、星期一下午看診、星期二下午看診、星期三下午休診、星期四下午看診、星期五下午看診、星期六下午休診、星期日下午休診、星期一晚上看診、星期二晚上看診、星期三晚上看診、星期四晚上休診、星期五晚上休診、星期六晚上休診、星期日晚上休診",""
"3834011409","炎鐘中醫診所","中醫一般診所","03 -9358188","宜蘭縣宜蘭市崇聖街５９－３號１樓","臺北業務組","診所","門診診療","中醫科","","星期一上午休診、星期二上午看診、星期三上午休診、星期四上午看診、星期五上午休診、星期六上午休診、星期日上午休診、星期一下午休診、星期二下午休診、星期三下午看診、星期四下午休診、星期五下午看診、星期六下午休診、星期日下午休診、星期一晚上休診、星期二晚上休診、星期三晚上看診、星期四晚上休診、星期五晚上看診、星期六晚上休診、星期日晚上休診",""
"3834011418","新悅中醫診所","中醫一般診所","03 -9363313","宜蘭縣宜蘭市中山路３段２８６號","臺北業務組","診所","門診診療","中醫科","","星期一上午休診、星期二上午看診、星期三上午看診、星期四上午休診、星期五上午休診、星期六上午看診、星期日上午休診、星期一下午看診、星期二下午看診、星期三下午看診、星期四下午看診、星期五下午看診、星期六下午看診、星期日下午休診、星期一晚上看診、星期二晚上看診、星期三晚上看診、星期四晚上看診、星期五晚上看診、星期六晚上休診、星期日晚上休診",""
"3834020104","羅國鶴中醫診所","中醫一般診所","03 -9515835","宜蘭縣羅東鎮維揚路１８８號","臺北業務組","診所","門診診療","中醫科","","星期一上午看診、星期二上午看診、星期三上午看診、星期四上午看診、星期五上午看診、星期六上午看診、星期日上午休診、星期一下午看診、星期二下午看診、星期三下午休診、星期四下午看診、星期五下午看診、星期六下午休診、星期日下午休診、星期一晚上看診、星期二晚上看診、星期三晚上休診、星期四晚上看診、星期五晚上看診、星期六晚上休診、星期日晚上休診",""
"3834020122","現代中醫診所","中醫一般診所","03 -9613353","宜蘭縣羅東鎮公正路４０５號","臺北業務組","診所","門診診療","中醫科","","星期一上午看診、星期二上午看診、星期三上午休診、星期四上午看診、星期五上午看診、星期六上午看診、星期日上午休診、星期一下午看診、星期二下午休診、星期三下午看診、星期四下午看診、星期五下午看診、星期六下午休診、星期日下午休診、星期一晚上看診、星期二晚上看診、星期三晚上看診、星期四晚上看診、星期五晚上看診、星期六晚上休診、星期日晚上休診",""
"3834021183","佳恩中醫診所","中醫一般診所","03 -9560558","宜蘭縣羅東鎮中華路７０號","臺北業務組","診所","門診診療","中醫科","","星期一上午看診、星期二上午看診、星期三上午看診、星期四上午看診、星期五上午看診、星期六上午看診、星期日上午休診、星期一下午看診、星期二下午看診、星期三下午看診、星期四下午看診、星期五下午看診、星期六下午看診、星期日下午休診、星期一晚上休診、星期二晚上休診、星期三晚上看診、星期四晚上休診、星期五晚上看診、星期六晚上休診、星期日晚上休診",""
"3834021209","同仁堂中醫聯合診所","中醫一般診所","03 -9573695","宜蘭縣羅東鎮天津路６０號","臺北業務組","診所","門診診療","中醫科","","星期一上午看診、星期二上午看診、星期三上午看診、星期四上午看診、星期五上午看診、星期六上午看診、星期日上午看診、星期一下午看診、星期二下午看診、星期三下午看診、星期四下午看診、星期五下午看診、星期六下午看診、星期日下午休診、星期一晚上看診、星期二晚上看診、星期三晚上看診、星期四晚上看診、星期五晚上看診、星期六晚上看診、星期日晚上休診",""
"3834021236","愛欣中醫診所","中醫一般診所","03 -9610909","宜蘭縣羅東鎮維揚路２６巷３０號","臺北業務組","診所","門診診療","中醫科","","星期一上午看診、星期二上午看診、星期三上午看診、星期四上午看診、星期五上午看診、星期六上午休診、星期日上午休診、星期一下午休診、星期二下午休診、星期三下午休診、星期四下午休診、星期五下午休診、星期六下午休診、星期日下午休診、星期一晚上看診、星期二晚上看診、星期三晚上看診、星期四晚上看診、星期五晚上看診、星期六晚上休診、星期日晚上休診",""
"3834021245","羅東仁濟中醫聯合診所","中醫一般診所","03 -9533106","宜蘭縣羅東鎮興東南路１號","臺北業務組","診所","門診診療","中醫科","","星期一上午看診、星期二上午看診、星期三上午看診、星期四上午看診、星期五上午看診、星期六上午看診、星期日上午休診、星期一下午看診、星期二下午看診、星期三下午看診、星期四下午看診、星期五下午看診、星期六下午看診、星期日下午休診、星期一晚上看診、星期二晚上看診、星期三晚上看診、星期四晚上看診、星期五晚上看診、星期六晚上看診、星期日晚上休診","星期日全日休診(清明節,端午節,中秋節全日休診)及除夕.初一.初二.初三.初四休診"
"3834021263","羅東南大中醫診所","中醫一般診所","03 -9531717","宜蘭縣羅東鎮中山路３段４３８號","臺北業務組","診所","門診診療","中醫科","","星期一上午看診、星期二上午看診、星期三上午看診、星期四上午看診、星期五上午看診、星期六上午看診、星期日上午休診、星期一下午看診、星期二下午看診、星期三下午看診、星期四下午看診、星期五下午看診、星期六下午看診、星期日下午休診、星期一晚上看診、星期二晚上看診、星期三晚上看診、星期四晚上看診、星期五晚上看診、星期六晚上休診、星期日晚上休診",""
"3834021281","養生堂中醫診所","中醫一般診所","03 -9541010","宜蘭縣羅東鎮林森路１０１號","臺北業務組","診所","門診診療","中醫科","","星期一上午看診、星期二上午看診、星期三上午看診、星期四上午看診、星期五上午看診、星期六上午看診、星期日上午休診、星期一下午看診、星期二下午看診、星期三下午看診、星期四下午看診、星期五下午看診、星期六下午看診、星期日下午休診、星期一晚上看診、星期二晚上看診、星期三晚上看診、星期四晚上看診、星期五晚上看診、星期六晚上看診、星期日晚上休診",""
"3834021307","一生中醫診所","中醫一般診所","03 -9603753","宜蘭縣羅東鎮光榮路３２８號","臺北業務組","診所","門診診療","中醫科","","星期一上午看診、星期二上午看診、星期三上午看診、星期四上午看診、星期五上午看診、星期六上午看診、星期日上午休診、星期一下午看診、星期二下午休診、星期三下午看診、星期四下午休診、星期五下午看診、星期六下午看診、星期日下午休診、星期一晚上看診、星期二晚上看診、星期三晚上看診、星期四晚上休診、星期五晚上看診、星期六晚上看診、星期日晚上休診",""
"3834021343","存仁堂中醫診所","中醫一般診所","03 -9573456","宜蘭縣羅東鎮倉前路３６、３８號","臺北業務組","診所","門診診療","中醫科","","星期一上午看診、星期二上午看診、星期三上午看診、星期四上午看診、星期五上午看診、星期六上午看診、星期日上午看診、星期一下午看診、星期二下午看診、星期三下午看診、星期四下午看診、星期五下午看診、星期六下午看診、星期日下午休診、星期一晚上看診、星期二晚上看診、星期三晚上看診、星期四晚上看診、星期五晚上看診、星期六晚上看診、星期日晚上休診",""
"3834021352","怡得心中醫診所","中醫一般診所","03 -9610068","宜蘭縣羅東鎮中山路４段２６２號","臺北業務組","診所","門診診療","中醫科","","星期一上午休診、星期二上午看診、星期三上午休診、星期四上午看診、星期五上午休診、星期六上午看診、星期日上午休診、星期一下午看診、星期二下午看診、星期三下午看診、星期四下午看診、星期五下午看診、星期六下午休診、星期日下午休診、星期一晚上看診、星期二晚上休診、星期三晚上看診、星期四晚上休診、星期五晚上看診、星期六晚上休診、星期日晚上休診",""
"3834021379","得福中醫診所","中醫一般診所","03 -9556565","宜蘭縣羅東鎮公正路１１５號","臺北業務組","診所","門診診療","中醫科","","星期一上午看診、星期二上午看診、星期三上午看診、星期四上午看診、星期五上午看診、星期六上午看診、星期日上午休診、星期一下午看診、星期二下午看診、星期三下午看診、星期四下午看診、星期五下午看診、星期六下午看診、星期日下午休診、星期一晚上看診、星期二晚上休診、星期三晚上看診、星期四晚上看診、星期五晚上看診、星期六晚上休診、星期日晚上休診",""
"3834021389","六福中醫診所","中醫一般診所","03 -9571130","宜蘭縣羅東鎮成功里南門路３７號","臺北業務組","診所","門診診療","中醫科","","星期一上午看診、星期二上午看診、星期三上午看診、星期四上午看診、星期五上午看診、星期六上午看診、星期日上午休診、星期一下午看診、星期二下午看診、星期三下午看診、星期四下午看診、星期五下午看診、星期六下午看診、星期日下午休診、星期一晚上看診、星期二晚上看診、星期三晚上看診、星期四晚上看診、星期五晚上看診、星期六晚上看診、星期日晚上休診","106/1/1起星期日早上取消門診"
"3834021398","觀自在中醫診所","中醫一般診所","03 -9576835","宜蘭縣羅東鎮興東南路１１９號１樓","臺北業務組","診所","門診診療","中醫科","","星期一上午看診、星期二上午看診、星期三上午看診、星期四上午看診、星期五上午看診、星期六上午看診、星期日上午休診、星期一下午休診、星期二下午看診、星期三下午休診、星期四下午看診、星期五下午休診、星期六下午休診、星期日下午休診、星期一晚上看診、星期二晚上休診、星期三晚上看診、星期四晚上休診、星期五晚上看診、星期六晚上休診、星期日晚上休診",""
"3834021405","三星堂中醫診所","中醫一般診所","03 -9563590","宜蘭縣羅東鎮興東路１７６號","臺北業務組","診所","門診診療","中醫科","","星期一上午看診、星期二上午看診、星期三上午看診、星期四上午看診、星期五上午看診、星期六上午看診、星期日上午休診、星期一下午看診、星期二下午看診、星期三下午看診、星期四下午看診、星期五下午看診、星期六下午看診、星期日下午休診、星期一晚上看診、星期二晚上看診、星期三晚上看診、星期四晚上看診、星期五晚上看診、星期六晚上看診、星期日晚上休診",""
"3834021423","李冠儀中醫診所","中醫一般診所","03 -9565785","宜蘭縣羅東鎮文化街８４號１樓","臺北業務組","診所","門診診療","中醫科","","星期一上午休診、星期二上午休診、星期三上午休診、星期四上午休診、星期五上午休診、星期六上午看診、星期日上午看診、星期一下午休診、星期二下午看診、星期三下午看診、星期四下午看診、星期五下午看診、星期六下午看診、星期日下午看診、星期一晚上休診、星期二晚上看診、星期三晚上看診、星期四晚上看診、星期五晚上看診、星期六晚上休診、星期日晚上休診",""
"3834021441","晉揚中醫診所","中醫一般診所","03 -9569191","宜蘭縣羅東鎮興東路２６３號","臺北業務組","診所","門診診療","中醫科","","星期一上午看診、星期二上午看診、星期三上午看診、星期四上午看診、星期五上午看診、星期六上午看診、星期日上午休診、星期一下午看診、星期二下午看診、星期三下午看診、星期四下午看診、星期五下午看診、星期六下午看診、星期日下午休診、星期一晚上看診、星期二晚上看診、星期三晚上看診、星期四晚上看診、星期五晚上看診、星期六晚上看診、星期日晚上休診",""
"3834030020","世揚中醫診所","中醫一般診所","03 -9962038","宜蘭縣蘇澳鎮中山路１段１１３號","臺北業務組","診所","門診診療","中醫科","","星期一上午看診、星期二上午看診、星期三上午看診、星期四上午看診、星期五上午看診、星期六上午休診、星期日上午看診、星期一下午看診、星期二下午休診、星期三下午看診、星期四下午休診、星期五下午看診、星期六下午休診、星期日下午休診、星期一晚上看診、星期二晚上看診、星期三晚上看診、星期四晚上看診、星期五晚上看診、星期六晚上休診、星期日晚上休診",""
"3834040017","仁安中醫診所","中醫一般診所","03 -9771442","宜蘭縣頭城鎮城北里纘祥路６７－２號","臺北業務組","診所","門診診療","中醫科","","星期一上午看診、星期二上午看診、星期三上午看診、星期四上午看診、星期五上午看診、星期六上午看診、星期日上午休診、星期一下午休診、星期二下午休診、星期三下午休診、星期四下午休診、星期五下午休診、星期六下午休診、星期日下午休診、星期一晚上看診、星期二晚上看診、星期三晚上看診、星期四晚上看診、星期五晚上看診、星期六晚上看診、星期日晚上休診",""
"3834041023","陳春光中醫診所","中醫一般診所","03 -9782937","宜蘭縣頭城鎮吉祥路９０號","臺北業務組","診所","門診診療","中醫科","","星期一上午看診、星期二上午看診、星期三上午看診、星期四上午看診、星期五上午看診、星期六上午看診、星期日上午看診、星期一下午看診、星期二下午看診、星期三下午看診、星期四下午看診、星期五下午看診、星期六下午休診、星期日下午休診、星期一晚上看診、星期二晚上看診、星期三晚上看診、星期四晚上看診、星期五晚上看診、星期六晚上休診、星期日晚上休診",""
"3834050059","曾燦傑中醫診所","中醫一般診所","03 -9287551","宜蘭縣礁溪鄉礁溪路１段２４８號","臺北業務組","診所","門診診療","中醫科","","星期一上午休診、星期二上午休診、星期三上午看診、星期四上午休診、星期五上午看診、星期六上午看診、星期日上午看診、星期一下午看診、星期二下午看診、星期三下午休診、星期四下午休診、星期五下午看診、星期六下午看診、星期日下午休診、星期一晚上看診、星期二晚上看診、星期三晚上看診、星期四晚上看診、星期五晚上休診、星期六晚上休診、星期日晚上休診","4/11(星期二)起至4/21(星期五)止休診11天"
"3834051074","大新中醫診所","中醫一般診所","03 -9888507","宜蘭縣礁溪鄉中山路１段２０３號","臺北業務組","診所","門診診療","中醫科","","星期一上午看診、星期二上午看診、星期三上午看診、星期四上午看診、星期五上午看診、星期六上午看診、星期日上午休診、星期一下午看診、星期二下午看診、星期三下午看診、星期四下午看診、星期五下午看診、星期六下午看診、星期日下午休診、星期一晚上看診、星期二晚上看診、星期三晚上看診、星期四晚上看診、星期五晚上看診、星期六晚上看診、星期日晚上休診",""
"3834070015","員山中醫診所","中醫一般診所","03 -9222324","宜蘭縣員山鄉員山路１段１９８號１樓","臺北業務組","診所","門診診療","中醫科","","星期一上午看診、星期二上午看診、星期三上午看診、星期四上午看診、星期五上午看診、星期六上午看診、星期日上午休診、星期一下午看診、星期二下午看診、星期三下午看診、星期四下午看診、星期五下午看診、星期六下午看診、星期日下午休診、星期一晚上看診、星期二晚上休診、星期三晚上看診、星期四晚上休診、星期五晚上看診、星期六晚上休診、星期日晚上休診",""
"3834090026","同濟中醫診所","中醫一般診所","03 -9506507","宜蘭縣五結鄉五結村中興路２段６０號","臺北業務組","診所","門診診療","中醫科","","星期一上午看診、星期二上午看診、星期三上午看診、星期四上午看診、星期五上午看診、星期六上午看診、星期日上午休診、星期一下午看診、星期二下午休診、星期三下午休診、星期四下午看診、星期五下午看診、星期六下午看診、星期日下午休診、星期一晚上看診、星期二晚上看診、星期三晚上看診、星期四晚上看診、星期五晚上休診、星期六晚上休診、星期日晚上休診",""
"3834090035","益生中醫診所","中醫一般診所","03 -9602502","宜蘭縣五結鄉五結中路２段２２號","臺北業務組","診所","門診診療","中醫科","","星期一上午看診、星期二上午看診、星期三上午看診、星期四上午看診、星期五上午看診、星期六上午看診、星期日上午休診、星期一下午看診、星期二下午看診、星期三下午看診、星期四下午看診、星期五下午看診、星期六下午休診、星期日下午休診、星期一晚上休診、星期二晚上休診、星期三晚上休診、星期四晚上休診、星期五晚上休診、星期六晚上休診、星期日晚上休診",""
"3834090062","太一堂中醫診所","中醫一般診所","03 -9652337","宜蘭縣五結鄉中正西路４３－５號","臺北業務組","診所","門診診療","中醫科","","星期一上午看診、星期二上午休診、星期三上午休診、星期四上午休診、星期五上午休診、星期六上午休診、星期日上午休診、星期一下午看診、星期二下午看診、星期三下午看診、星期四下午看診、星期五下午看診、星期六下午看診、星期日下午休診、星期一晚上看診、星期二晚上看診、星期三晚上看診、星期四晚上看診、星期五晚上看診、星期六晚上休診、星期日晚上休診",""
"3834101033","星現代中醫診所","中醫一般診所","03 -9895588","宜蘭縣三星鄉三星路５段１８０號","臺北業務組","診所","門診診療","中醫科","","星期一上午看診、星期二上午看診、星期三上午看診、星期四上午休診、星期五上午看診、星期六上午看診、星期日上午休診、星期一下午休診、星期二下午休診、星期三下午休診、星期四下午休診、星期五下午看診、星期六下午休診、星期日下午休診、星期一晚上休診、星期二晚上休診、星期三晚上休診、星期四晚上休診、星期五晚上休診、星期六晚上休診、星期日晚上休診","無"
"4034010017","宜蘭普門醫療財團法人普門診所","一般診所（醫務室）","03 -9327777","宜蘭縣宜蘭市神農路１段８７號","臺北業務組","診所","復健－物理治療業務,復健－職能治療業務,復健－語言治療業務,門診診療,兒童預防保健,成人預防保健,婦女子宮頸抹片檢查,口腔黏膜檢查,定量免疫法糞便潛血檢查","家醫科,兒科,復健科","","星期一上午看診、星期二上午看診、星期三上午看診、星期四上午看診、星期五上午看診、星期六上午看診、星期日上午休診、星期一下午看診、星期二下午看診、星期三下午看診、星期四下午看診、星期五下午看診、星期六下午休診、星期日下午休診、星期一晚上看診、星期二晚上看診、星期三晚上看診、星期四晚上看診、星期五晚上看診、星期六晚上休診、星期日晚上休診",""
