"ClinCode","ClinName","ClinType","Phone","Addre","Speci","FullAddre","Town","Vill","Response_X","Response_Y","HomeDocGroupID","HomeDocGroupName","HomeInteCareGroupID1","HomeInteCareGroupName1","HomeInteCareGroupID2","HomeInteCareGroupName2","HomeInteCareGroupID3","HomeInteCareGroupName3","WebSite"
2634010014,"臺北榮民總醫院員山分院附設門診部",1,"03 -9222141","宜蘭縣宜蘭市林森路１號","家醫科,內科,外科,骨科,耳鼻喉科,皮膚科,神經科,精神科,復健科,牙科,中醫科","宜蘭縣宜蘭市新東里13鄰林森路1號","宜蘭市","新東里",121.757691,24.75037,1340102141,"甲子蘭","HM34070001","臺北榮民總醫院員山分院團隊","","",NA,NA,"<a href='http://www.nhi.gov.tw/query/query3_detail.aspx?HospID=2634010014' target='_blank'>診所詳細資料</a>"
2634031022,"臺北榮民總醫院蘇澳分院附設門診部",1,"03 -9952443","宜蘭縣蘇澳鎮中山路１段４３９號；宜縣蘇澳鎮蘇濱路１段３０１號","不分科,神經科","宜蘭縣蘇澳鎮聖愛里4鄰中山路一段439號","蘇澳鎮","聖愛里",121.839576,24.596219,1340302142,"平安(二)","HM34030001","臺北榮民總醫院蘇澳分院團隊","","",NA,NA,"<a href='http://www.nhi.gov.tw/query/query3_detail.aspx?HospID=2634031022' target='_blank'>診所詳細資料</a>"
2634070010,"臺北榮民總醫院員山分院附設員山鄉門診部",1,"03 -9222141","宜蘭縣員山鄉員山路１段３２５號","復健科","宜蘭縣員山鄉員山村16鄰員山路一段325號","員山鄉","員山村",121.724147,24.743443,NA,"","","","","",NA,NA,"<a href='http://www.nhi.gov.tw/query/query3_detail.aspx?HospID=2634070010' target='_blank'>診所詳細資料</a>"
2734040014,"國立陽明大學附設醫院附設大溪門診部",1,"03 -9781030","宜蘭縣頭城鎮濱海路五段２１１號１樓","家醫科,內科","宜蘭縣頭城鎮大溪里3鄰濱海路五段211號","頭城鎮","大溪里",121.892568,24.939978,NA,"","HM34010001","陽大居家醫療照護團隊","","",NA,NA,"<a href='http://www.nhi.gov.tw/query/query3_detail.aspx?HospID=2734040014' target='_blank'>診所詳細資料</a>"
3534010031,"第一診所",1,"03 -9324418","宜蘭縣宜蘭市光復路４６號","眼科","宜蘭縣宜蘭市大新里3鄰光復路46號","宜蘭市","大新里",121.755905,24.755273,NA,"","","","","",NA,NA,"<a href='http://www.nhi.gov.tw/query/query3_detail.aspx?HospID=3534010031' target='_blank'>診所詳細資料</a>"
3534010157,"李富逸診所",1,"03 -9330369","宜蘭縣宜蘭市中山路２段１８９號","內科","宜蘭縣宜蘭市民權里7鄰中山路二段189號","宜蘭市","民權里",121.753657,24.750102,NA,"","","","","",NA,NA,"<a href='http://www.nhi.gov.tw/query/query3_detail.aspx?HospID=3534010157' target='_blank'>診所詳細資料</a>"
3534010166,"林內兒科診所",1,"03 -9322080","宜蘭縣宜蘭市聖後街１７３號","家醫科,內科","宜蘭縣宜蘭市東門里5鄰聖後街173號","宜蘭市","東門里",121.753392,24.758837,1340102048,"宜蘭安康","HM34010001","陽大居家醫療照護團隊","","",NA,NA,"<a href='http://www.nhi.gov.tw/query/query3_detail.aspx?HospID=3534010166' target='_blank'>診所詳細資料</a>"
3534010219,"莊耳鼻喉科診所",1,"03 -9333939","宜蘭縣宜蘭市神農路２段４８號","耳鼻喉科","宜蘭縣宜蘭市民權里10鄰神農路二段48號","宜蘭市","民權里",121.750926,24.750884,1340102048,"宜蘭安康","","","","",NA,NA,"<a href='http://www.nhi.gov.tw/query/query3_detail.aspx?HospID=3534010219' target='_blank'>診所詳細資料</a>"
3534010255,"李光雄診所",1,"03 -9327188","宜蘭縣宜蘭市中山路２段５１２號","家醫科","宜蘭縣宜蘭市神農里16鄰中山路二段512號","宜蘭市","神農里",121.752516,24.753799,NA,"","","","","",NA,NA,"<a href='http://www.nhi.gov.tw/query/query3_detail.aspx?HospID=3534010255' target='_blank'>診所詳細資料</a>"
3534010264,"李界元皮膚科診所",1,"03 -9355175","宜蘭縣宜蘭市中山路２段３０９號","皮膚科","宜蘭縣宜蘭市神農里17鄰中山路二段309號","宜蘭市","神農里",121.752228,24.754001,NA,"","","","","",NA,NA,"<a href='http://www.nhi.gov.tw/query/query3_detail.aspx?HospID=3534010264' target='_blank'>診所詳細資料</a>"
3534010273,"周明偉診所",1,"03 -9351618","宜蘭縣宜蘭市光復路３９號","不分科","宜蘭縣宜蘭市神農里16鄰光復路39號","宜蘭市","神農里",121.756024,24.754908,NA,"","","","","",NA,NA,"<a href='http://www.nhi.gov.tw/query/query3_detail.aspx?HospID=3534010273' target='_blank'>診所詳細資料</a>"
3534010282,"李碧峰小兒科診所",1,"03 -9356288","宜蘭縣宜蘭市中山路３段２９號、２９號２樓之２","兒科","宜蘭縣宜蘭市南門里2鄰中山路三段29號","宜蘭市","南門里",121.75214,24.75603,NA,"","","","","",NA,NA,"<a href='http://www.nhi.gov.tw/query/query3_detail.aspx?HospID=3534010282' target='_blank'>診所詳細資料</a>"
3534010308,"蔡仰中眼科診所",1,"03 -9357171","宜蘭縣宜蘭市宜興路１段１１１號４樓及１１３號","眼科","宜蘭縣宜蘭市神農里13鄰宜興路一段111號","宜蘭市","神農里",121.756112,24.751398,NA,"","","","","",NA,NA,"<a href='http://www.nhi.gov.tw/query/query3_detail.aspx?HospID=3534010308' target='_blank'>診所詳細資料</a>"
3534010317,"黃芳裕診所",1,"03 -9365198","宜蘭縣宜蘭市神農里光復路２１號","不分科","宜蘭縣宜蘭市神農里16鄰光復路21號","宜蘭市","神農里",121.756479,24.75481,1340102048,"宜蘭安康","","","","",NA,NA,"<a href='http://www.nhi.gov.tw/query/query3_detail.aspx?HospID=3534010317' target='_blank'>診所詳細資料</a>"
3534010326,"明仁眼科診所",1,"03 -9330303","宜蘭縣宜蘭市中山路２段２３１號","眼科","宜蘭縣宜蘭市民權里7鄰中山路二段231號","宜蘭市","民權里",121.753273,24.751029,1340102141,"甲子蘭","HM34070001","臺北榮民總醫院員山分院團隊","HM34010001","陽大居家醫療照護團隊",NA,NA,"<a href='http://www.nhi.gov.tw/query/query3_detail.aspx?HospID=3534010326' target='_blank'>診所詳細資料</a>"
3534010415,"華杏診所",1,"03 -9321512","宜蘭縣宜蘭市民族路２９０號","不分科","宜蘭縣宜蘭市民族里6鄰民族路290號","宜蘭市","民族里",121.747129,24.751816,NA,"","","","","",NA,NA,"<a href='http://www.nhi.gov.tw/query/query3_detail.aspx?HospID=3534010415' target='_blank'>診所詳細資料</a>"
3534010433,"譚國勇婦產科診所",1,"03 -9366797","宜蘭縣宜蘭市中山路３段１４３號１樓","婦產科","宜蘭縣宜蘭市中山里3鄰中山路三段143號","宜蘭市","中山里",121.752889,24.759206,1340102043,"宜蘭","HM34010001","陽大居家醫療照護團隊","","",NA,NA,"<a href='http://www.nhi.gov.tw/query/query3_detail.aspx?HospID=3534010433' target='_blank'>診所詳細資料</a>"
3534010451,"徐英忠耳鼻喉科美形診所",1,"03 -9352966","宜蘭縣宜蘭市復興路２９號１、２樓","耳鼻喉科","宜蘭縣宜蘭市神農里12鄰復興路29號","宜蘭市","神農里",121.75505,24.749919,NA,"","","","","",NA,NA,"<a href='http://www.nhi.gov.tw/query/query3_detail.aspx?HospID=3534010451' target='_blank'>診所詳細資料</a>"
3534010497,"張志強眼科診所",1,"03 -9333372","宜蘭縣宜蘭市中山路３段７２號","眼科","宜蘭縣宜蘭市新民里13鄰中山路三段72號","宜蘭市","新民里",121.752554,24.756795,NA,"","","","","",NA,NA,"<a href='http://www.nhi.gov.tw/query/query3_detail.aspx?HospID=3534010497' target='_blank'>診所詳細資料</a>"
3534010522,"曹天德診所",1,"03 -9353267","宜蘭縣宜蘭市舊城東路３－１號","家醫科,內科","宜蘭縣宜蘭市新民里9鄰舊城東路3之1號","宜蘭市","新民里",121.75556,24.75567,1340102043,"宜蘭","HM34010001","陽大居家醫療照護團隊","","",NA,NA,"<a href='http://www.nhi.gov.tw/query/query3_detail.aspx?HospID=3534010522' target='_blank'>診所詳細資料</a>"
3534010531,"吳宗儒復健科診所",1,"03 -9355157","宜蘭縣宜蘭市昇平里康樂路１０３號","復健科","宜蘭縣宜蘭市新民里11鄰康樂路103號","宜蘭市","新民里",121.754207,24.756157,NA,"","","","","",NA,NA,"<a href='http://www.nhi.gov.tw/query/query3_detail.aspx?HospID=3534010531' target='_blank'>診所詳細資料</a>"
3534010559,"普仁健康診所",1,"03 -9328308","宜蘭縣宜蘭市民權路１段２號","內科","宜蘭縣宜蘭市大新里1鄰民權路一段2號","宜蘭市","大新里",121.756353,24.752253,1340102141,"甲子蘭","","","","",NA,NA,"<a href='http://www.nhi.gov.tw/query/query3_detail.aspx?HospID=3534010559' target='_blank'>診所詳細資料</a>"
3534010586,"陳義文小兒科診所",1,"03 -9369885","宜蘭縣宜蘭市中山路２段３５８號１樓","兒科","宜蘭縣宜蘭市神農里15鄰中山路二段358號","宜蘭市","神農里",121.753684,24.750633,NA,"","","","","",NA,NA,"<a href='http://www.nhi.gov.tw/query/query3_detail.aspx?HospID=3534010586' target='_blank'>診所詳細資料</a>"
3534010657,"林耳鼻喉科診所",1,"03 -9311234","宜蘭縣宜蘭市中山路３段２３３號","家醫科,耳鼻喉科","宜蘭縣宜蘭市北門里1鄰中山路三段233號","宜蘭市","北門里",121.753591,24.761606,1340102141,"甲子蘭","HM34070001","臺北榮民總醫院員山分院團隊","HM34010001","陽大居家醫療照護團隊",NA,NA,"<a href='http://www.nhi.gov.tw/query/query3_detail.aspx?HospID=3534010657' target='_blank'>診所詳細資料</a>"
3534010684,"徐瑪里婦產科診所",1,"03 -9364714","宜蘭縣宜蘭市中山路３段１４６號３樓","婦產科","宜蘭縣宜蘭市東門里5鄰中山路三段146號","宜蘭市","東門里",121.753029,24.758869,1340102048,"宜蘭安康","","","","",NA,NA,"<a href='http://www.nhi.gov.tw/query/query3_detail.aspx?HospID=3534010684' target='_blank'>診所詳細資料</a>"
3534010693,"李耳鼻喉科診所",1,"03 -9322622","宜蘭縣宜蘭市昇平里崇聖街３３－２號","耳鼻喉科","宜蘭縣宜蘭市新民里10鄰崇聖街33之2號","宜蘭市","新民里",121.754687,24.755737,NA,"","","","","",NA,NA,"<a href='http://www.nhi.gov.tw/query/query3_detail.aspx?HospID=3534010693' target='_blank'>診所詳細資料</a>"
3534010737,"李文生皮膚科診所",1,"03 -9310303","宜蘭縣宜蘭市中山路３段４２號","皮膚科","宜蘭縣宜蘭市新民里1鄰中山路三段42號","宜蘭市","新民里",121.752344,24.756053,NA,"","","","","",NA,NA,"<a href='http://www.nhi.gov.tw/query/query3_detail.aspx?HospID=3534010737' target='_blank'>診所詳細資料</a>"
3534010755,"黃建財診所",1,"03 -9333657","宜蘭縣宜蘭市舊城西路７９號","內科","宜蘭縣宜蘭市西門里9鄰舊城西路79號","宜蘭市","西門里",121.749862,24.759297,NA,"","","","","",NA,NA,"<a href='http://www.nhi.gov.tw/query/query3_detail.aspx?HospID=3534010755' target='_blank'>診所詳細資料</a>"
3534010773,"潘仁進診所",1,"03 -9313808","宜蘭縣宜蘭市中山路２段６１號１樓","不分科","宜蘭縣宜蘭市民權里2鄰中山路二段61號","宜蘭市","民權里",121.755476,24.745158,1340102041,"全家福","HM34010001","陽大居家醫療照護團隊","","",NA,NA,"<a href='http://www.nhi.gov.tw/query/query3_detail.aspx?HospID=3534010773' target='_blank'>診所詳細資料</a>"
3534011789,"和信診所",1,"03 -9313505","宜蘭縣宜蘭市和睦路團管區巷１７號１樓","骨科","宜蘭縣宜蘭市神農里15鄰和睦路團管區巷17號","宜蘭市","神農里",121.754526,24.751102,1340102141,"甲子蘭","HM34070001","臺北榮民總醫院員山分院團隊","HM34010001","陽大居家醫療照護團隊",NA,NA,"<a href='http://www.nhi.gov.tw/query/query3_detail.aspx?HospID=3534011789' target='_blank'>診所詳細資料</a>"
3534011805,"陳漢憲診所",1,"03 -9381833","宜蘭縣宜蘭市校舍路８９號","不分科","宜蘭縣宜蘭市東村里9鄰校舍路89號","宜蘭市","東村里",121.761123,24.751051,NA,"","","","","",NA,NA,"<a href='http://www.nhi.gov.tw/query/query3_detail.aspx?HospID=3534011805' target='_blank'>診所詳細資料</a>"
3534011814,"蔡俊逸診所",1,"03 -9355228","宜蘭縣宜蘭市中山路２段２２５號","內科","宜蘭縣宜蘭市民權里7鄰中山路二段225號","宜蘭市","民權里",121.753364,24.750827,NA,"","","","","",NA,NA,"<a href='http://www.nhi.gov.tw/query/query3_detail.aspx?HospID=3534011814' target='_blank'>診所詳細資料</a>"
3534011841,"陳耳鼻喉科診所",1,"03 -9322218","宜蘭縣宜蘭市聖後街１６３號","耳鼻喉科","宜蘭縣宜蘭市東門里6鄰聖後街163號","宜蘭市","東門里",121.753847,24.758755,1340102048,"宜蘭安康","","","","",NA,NA,"<a href='http://www.nhi.gov.tw/query/query3_detail.aspx?HospID=3534011841' target='_blank'>診所詳細資料</a>"
3534011850,"永合診所",1,"03 -9327483","宜蘭縣宜蘭市昇平街７２號","家醫科,外科","宜蘭縣宜蘭市新民里15鄰昇平街72號","宜蘭市","新民里",121.753742,24.756787,NA,"","","","","",NA,NA,"<a href='http://www.nhi.gov.tw/query/query3_detail.aspx?HospID=3534011850' target='_blank'>診所詳細資料</a>"
3534011887,"聖恩診所",1,"03 -9324053","宜蘭縣宜蘭市中山路３段１６３號","不分科","宜蘭縣宜蘭市中山里4鄰中山路三段163號","宜蘭市","中山里",121.752984,24.759694,NA,"","","","","",NA,NA,"<a href='http://www.nhi.gov.tw/query/query3_detail.aspx?HospID=3534011887' target='_blank'>診所詳細資料</a>"
3534011903,"聖心聯合診所",1,"03 -9356414","宜蘭縣宜蘭市同興街１０１號","不分科,家醫科","宜蘭縣宜蘭市北門里7鄰同興街101號","宜蘭市","北門里",121.753589,24.763043,1340102043,"宜蘭","","","","",NA,NA,"<a href='http://www.nhi.gov.tw/query/query3_detail.aspx?HospID=3534011903' target='_blank'>診所詳細資料</a>"
3534011912,"鄭在鈞復健科診所",1,"03 -9356673","宜蘭縣宜蘭市文昌路５１號","復健科","宜蘭縣宜蘭市南門里4鄰文昌路51號","宜蘭市","南門里",121.751182,24.757959,NA,"","","","","",NA,NA,"<a href='http://www.nhi.gov.tw/query/query3_detail.aspx?HospID=3534011912' target='_blank'>診所詳細資料</a>"
3534011949,"宜蘭翰林眼科診所",1,"03 -9327880","宜蘭縣宜蘭市北門里中山路３段２２７號","眼科","宜蘭縣宜蘭市北門里1鄰中山路三段227號","宜蘭市","北門里",121.753542,24.76148,NA,"","","","","",NA,NA,"<a href='http://www.nhi.gov.tw/query/query3_detail.aspx?HospID=3534011949' target='_blank'>診所詳細資料</a>"
3534011994,"林宏俊診所",1,"03 -9330010","宜蘭縣宜蘭市中山路３段２１１號","內科","宜蘭縣宜蘭市西門里1鄰中山路三段211號","宜蘭市","西門里",121.75331,24.760847,NA,"","","","","",NA,NA,"<a href='http://www.nhi.gov.tw/query/query3_detail.aspx?HospID=3534011994' target='_blank'>診所詳細資料</a>"
3534012008,"建成骨外科診所",1,"03 -9325737","宜蘭縣宜蘭市復興路６６號","外科,骨科","宜蘭縣宜蘭市神農里14鄰復興路66號","宜蘭市","神農里",121.754398,24.749923,1340102141,"甲子蘭","HM34070001","臺北榮民總醫院員山分院團隊","HM34010001","陽大居家醫療照護團隊",NA,NA,"<a href='http://www.nhi.gov.tw/query/query3_detail.aspx?HospID=3534012008' target='_blank'>診所詳細資料</a>"
3534012044,"卓越整形外科診所",1,"03 -9334928","宜蘭縣宜蘭市光復路４１號","整形外科","宜蘭縣宜蘭市神農里16鄰光復路41號","宜蘭市","神農里",121.755953,24.754894,NA,"","","","","",NA,NA,"<a href='http://www.nhi.gov.tw/query/query3_detail.aspx?HospID=3534012044' target='_blank'>診所詳細資料</a>"
3534012053,"厚生診所",1,"03 -9358611","宜蘭縣宜蘭市復興路３２號","耳鼻喉科","宜蘭縣宜蘭市神農里12鄰復興路32號","宜蘭市","神農里",121.755336,24.750203,1340102041,"全家福","HM34010001","陽大居家醫療照護團隊","","",NA,NA,"<a href='http://www.nhi.gov.tw/query/query3_detail.aspx?HospID=3534012053' target='_blank'>診所詳細資料</a>"
3534012062,"開蘭安心診所",1,"03 -9311230","宜蘭縣宜蘭市神農路１段９５號１、２樓９７號１樓","家醫科,內科,神經科","宜蘭縣宜蘭市文化里2鄰神農路一段95號","宜蘭市","文化里",121.750054,24.749236,1340102041,"全家福","HM34010001","陽大居家醫療照護團隊","","",NA,NA,"<a href='http://www.nhi.gov.tw/query/query3_detail.aspx?HospID=3534012062' target='_blank'>診所詳細資料</a>"
3534012071,"得安診所",1,"03 -9325358","宜蘭縣宜蘭市中山路３段１５２號５樓１～２","內科","宜蘭縣宜蘭市東門里12鄰中山路三段152號","宜蘭市","東門里",121.753089,24.759083,NA,"","","","","",NA,NA,"<a href='http://www.nhi.gov.tw/query/query3_detail.aspx?HospID=3534012071' target='_blank'>診所詳細資料</a>"
3534012099,"許/明哲耳鼻喉科診所",1,"03 -9321168","宜蘭縣宜蘭市中山路２段３０８號１樓","不分科,家醫科,耳鼻喉科","宜蘭縣宜蘭市神農里14鄰中山路二段308號","宜蘭市","神農里",121.75399,24.749842,1340102041,"全家福","HM34010001","陽大居家醫療照護團隊","","",NA,NA,"<a href='http://www.nhi.gov.tw/query/query3_detail.aspx?HospID=3534012099' target='_blank'>診所詳細資料</a>"
3534012106,"青田診所",1,"03 -9351291","宜蘭縣宜蘭市宜興路１段７９之１號","內科","宜蘭縣宜蘭市神農里13鄰宜興路一段79之1號","宜蘭市","神農里",121.755735,24.750537,NA,"","","","","",NA,NA,"<a href='http://www.nhi.gov.tw/query/query3_detail.aspx?HospID=3534012106' target='_blank'>診所詳細資料</a>"
3534012115,"呂學劼診所",1,"03 -9362245","宜蘭縣宜蘭市復興路３５號","內科","宜蘭縣宜蘭市神農里12鄰復興路35號","宜蘭市","神農里",121.754883,24.749872,NA,"","","","","",NA,NA,"<a href='http://www.nhi.gov.tw/query/query3_detail.aspx?HospID=3534012115' target='_blank'>診所詳細資料</a>"
3534012124,"光中身心診所",1,"03 -9312300","宜蘭縣宜蘭市光復路３０號２樓","精神科","宜蘭縣宜蘭市大新里3鄰光復路30號","宜蘭市","大新里",121.756486,24.755152,NA,"","","","","",NA,NA,"<a href='http://www.nhi.gov.tw/query/query3_detail.aspx?HospID=3534012124' target='_blank'>診所詳細資料</a>"
3534012151,"胡進忠眼科診所",1,"03 -9321010","宜蘭縣宜蘭市中山路３段４２－１號","眼科","宜蘭縣宜蘭市新民里1鄰中山路三段42之1號","宜蘭市","新民里",121.752353,24.756084,NA,"","","","","",NA,NA,"<a href='http://www.nhi.gov.tw/query/query3_detail.aspx?HospID=3534012151' target='_blank'>診所詳細資料</a>"
3534012160,"宜美皮膚科診所",1,"03 -9321991","宜蘭縣宜蘭市中山路２段３０１－２號","皮膚科","宜蘭縣宜蘭市神農里17鄰中山路二段301之2號","宜蘭市","神農里",121.752321,24.753657,NA,"","","","","",NA,NA,"<a href='http://www.nhi.gov.tw/query/query3_detail.aspx?HospID=3534012160' target='_blank'>診所詳細資料</a>"
3534012197,"羅恭箎內科診所",1,"03 -9361179","宜蘭縣宜蘭市崇聖街８３、８３之１號１樓","內科","宜蘭縣宜蘭市東門里3鄰崇聖街83號","宜蘭市","東門里",121.755496,24.757851,NA,"","","","","",NA,NA,"<a href='http://www.nhi.gov.tw/query/query3_detail.aspx?HospID=3534012197' target='_blank'>診所詳細資料</a>"
3534012204,"雅信診所",1,"03 -9326498","宜蘭縣宜蘭市民權路２段１０２號１樓","不分科,精神科","宜蘭縣宜蘭市南門里8鄰民權路二段102號","宜蘭市","南門里",121.747955,24.755028,NA,"","","","","",NA,NA,"<a href='http://www.nhi.gov.tw/query/query3_detail.aspx?HospID=3534012204' target='_blank'>診所詳細資料</a>"
3534012213,"小河馬診所",1,"03 -9360950","宜蘭縣宜蘭市女中路３段２６－１號１樓","不分科","宜蘭縣宜蘭市思源里8鄰女中路三段26之1號","宜蘭市","思源里",121.742014,24.745766,NA,"","","","","",NA,NA,"<a href='http://www.nhi.gov.tw/query/query3_detail.aspx?HospID=3534012213' target='_blank'>診所詳細資料</a>"
3534012222,"朱俊源診所",1,"03 -9322729","宜蘭縣宜蘭市中山路三段１７５號１樓","兒科","宜蘭縣宜蘭市中山里4鄰中山路三段175號","宜蘭市","中山里",121.753055,24.759977,NA,"","","","","",NA,NA,"<a href='http://www.nhi.gov.tw/query/query3_detail.aspx?HospID=3534012222' target='_blank'>診所詳細資料</a>"
3534012231,"宜林大診所",1,"03 -9280535","宜蘭縣宜蘭市中山路５段２１０號","不分科,復健科","宜蘭縣宜蘭市新生里12鄰中山路五段210號","宜蘭市","新生里",121.757626,24.771332,NA,"","","","","",NA,NA,"<a href='http://www.nhi.gov.tw/query/query3_detail.aspx?HospID=3534012231' target='_blank'>診所詳細資料</a>"
3534012240,"博幼親子診所",1,"03 -9370370","宜蘭縣宜蘭市東港路４０之１９號","家醫科","宜蘭縣宜蘭市成功里3鄰東港路40之19號","宜蘭市","成功里",121.764193,24.753236,NA,"","","","","",NA,NA,"<a href='http://www.nhi.gov.tw/query/query3_detail.aspx?HospID=3534012240' target='_blank'>診所詳細資料</a>"
3534012259,"松禾診所",1,"03 -9323068","宜蘭縣宜蘭市光復路４８號１０樓","內科","宜蘭縣宜蘭市大新里3鄰光復路48號","宜蘭市","大新里",121.755821,24.755308,NA,"","","","","",NA,NA,"<a href='http://www.nhi.gov.tw/query/query3_detail.aspx?HospID=3534012259' target='_blank'>診所詳細資料</a>"
3534020028,"優昇診所",1,"03 -9572333","宜蘭縣羅東鎮開明里和平路７４號","家醫科,兒科","宜蘭縣羅東鎮開明里18鄰和平路74號","羅東鎮","開明里",121.77208,24.675511,NA,"","","","","",NA,NA,"<a href='http://www.nhi.gov.tw/query/query3_detail.aspx?HospID=3534020028' target='_blank'>診所詳細資料</a>"
3534020046,"仁和診所",1,"03 -9540168","宜蘭縣羅東鎮中山路３段２５９號","不分科","宜蘭縣羅東鎮中山里15鄰中山路三段259號","羅東鎮","中山里",121.767748,24.675132,NA,"","","","","",NA,NA,"<a href='http://www.nhi.gov.tw/query/query3_detail.aspx?HospID=3534020046' target='_blank'>診所詳細資料</a>"
3534020055,"明堂診所",1,"03 -9542560","宜蘭縣羅東鎮天津路２０號","家醫科,外科","宜蘭縣羅東鎮公正里3鄰天津路20號","羅東鎮","公正里",121.769876,24.679193,NA,"","","","","",NA,NA,"<a href='http://www.nhi.gov.tw/query/query3_detail.aspx?HospID=3534020055' target='_blank'>診所詳細資料</a>"
3534020091,"仁安診所",1,"03 -9543408","宜蘭縣羅東鎮中正街１９號","不分科","宜蘭縣羅東鎮仁和里12鄰中正街19號","羅東鎮","仁和里",121.769962,24.673467,NA,"","","","","",NA,NA,"<a href='http://www.nhi.gov.tw/query/query3_detail.aspx?HospID=3534020091' target='_blank'>診所詳細資料</a>"
3534020144,"黃內兒科診所",1,"03 -9545457","宜蘭縣羅東鎮振泰街２１號","內科,兒科","宜蘭縣羅東鎮中山里5鄰振泰街21號","羅東鎮","中山里",121.770357,24.676123,NA,"","","","","",NA,NA,"<a href='http://www.nhi.gov.tw/query/query3_detail.aspx?HospID=3534020144' target='_blank'>診所詳細資料</a>"
3534020153,"黃耀發小兒科診所",1,"03 -9563673","宜蘭縣羅東鎮公正里公正路１３８號","兒科","宜蘭縣羅東鎮公正里2鄰公正路138號","羅東鎮","公正里",121.769938,24.6787,NA,"","","","","",NA,NA,"<a href='http://www.nhi.gov.tw/query/query3_detail.aspx?HospID=3534020153' target='_blank'>診所詳細資料</a>"
3534020162,"五福診所",1,"03 -9542344","宜蘭縣羅東鎮中正路１０８號","眼科","宜蘭縣羅東鎮開明里1鄰中正路108號","羅東鎮","開明里",121.771329,24.675379,NA,"","","","","",NA,NA,"<a href='http://www.nhi.gov.tw/query/query3_detail.aspx?HospID=3534020162' target='_blank'>診所詳細資料</a>"
3534020180,"吳眼科診所",1,"03 -9541905","宜蘭縣羅東鎮公正里公正路９６號","眼科","宜蘭縣羅東鎮公正里2鄰公正路96號","羅東鎮","公正里",121.771344,24.678307,1340802044,"山水","","","","",NA,NA,"<a href='http://www.nhi.gov.tw/query/query3_detail.aspx?HospID=3534020180' target='_blank'>診所詳細資料</a>"
3534020206,"洪內兒科診所",1,"03 -9576643","宜蘭縣羅東鎮集祥里天津路３號","家醫科,內科","宜蘭縣羅東鎮集祥里14鄰天津路3號","羅東鎮","集祥里",121.769139,24.677445,1340202042,"羅東","","","","",NA,NA,"<a href='http://www.nhi.gov.tw/query/query3_detail.aspx?HospID=3534020206' target='_blank'>診所詳細資料</a>"
3534020215,"詹內兒科診所",1,"03 -9551047","宜蘭縣羅東鎮公正路１２８號","家醫科,內科","宜蘭縣羅東鎮公正里2鄰公正路128號","羅東鎮","公正里",121.770199,24.678618,NA,"","","","","",NA,NA,"<a href='http://www.nhi.gov.tw/query/query3_detail.aspx?HospID=3534020215' target='_blank'>診所詳細資料</a>"
3534020224,"陳內兒科診所",1,"03 -9542925","宜蘭縣羅東鎮民權路５６巷１１號","家醫科,內科","宜蘭縣羅東鎮中山里2鄰民權路56巷11號","羅東鎮","中山里",121.770065,24.675872,NA,"","","","","",NA,NA,"<a href='http://www.nhi.gov.tw/query/query3_detail.aspx?HospID=3534020224' target='_blank'>診所詳細資料</a>"
3534020242,"李鏡明內科小兒科診所",1,"03 -9555051","宜蘭縣羅東鎮公正路９８號","內科,兒科","宜蘭縣羅東鎮公正里2鄰公正路98號","羅東鎮","公正里",121.771287,24.678322,NA,"","","","","",NA,NA,"<a href='http://www.nhi.gov.tw/query/query3_detail.aspx?HospID=3534020242' target='_blank'>診所詳細資料</a>"
3534020279,"許/醫師內兒科診所",1,"03 -9549669","宜蘭縣羅東鎮集祥里長春路３５號","內科","宜蘭縣羅東鎮集祥里10鄰長春路35號","羅東鎮","集祥里",121.770431,24.677615,NA,"","","","","",NA,NA,"<a href='http://www.nhi.gov.tw/query/query3_detail.aspx?HospID=3534020279' target='_blank'>診所詳細資料</a>"
3534020288,"藍內兒科診所",1,"03 -9568020","宜蘭縣羅東鎮中山路３段１９６號","家醫科","宜蘭縣羅東鎮中山里12鄰中山路三段196號","羅東鎮","中山里",121.770206,24.674949,NA,"","","","","",NA,NA,"<a href='http://www.nhi.gov.tw/query/query3_detail.aspx?HospID=3534020288' target='_blank'>診所詳細資料</a>"
3534020304,"泰林診所",1,"03 -9562546","宜蘭縣羅東鎮成功里興東南路１７０號","家醫科","宜蘭縣羅東鎮成功里7鄰興東南路170號","羅東鎮","成功里",121.767519,24.672355,NA,"","","","","",NA,NA,"<a href='http://www.nhi.gov.tw/query/query3_detail.aspx?HospID=3534020304' target='_blank'>診所詳細資料</a>"
3534020313,"石耳鼻喉科診所",1,"03 -9565973","宜蘭縣羅東鎮倉前路５５號","耳鼻喉科","宜蘭縣羅東鎮公正里3鄰倉前路55號","羅東鎮","公正里",121.770716,24.680449,NA,"","","","","",NA,NA,"<a href='http://www.nhi.gov.tw/query/query3_detail.aspx?HospID=3534020313' target='_blank'>診所詳細資料</a>"
3534020340,"李建政耳鼻喉科診所",1,"03 -9540935","宜蘭縣羅東鎮公正里公正路２０２號","耳鼻喉科","宜蘭縣羅東鎮公正里13鄰公正路202號","羅東鎮","公正里",121.767929,24.679235,NA,"","","","","",NA,NA,"<a href='http://www.nhi.gov.tw/query/query3_detail.aspx?HospID=3534020340' target='_blank'>診所詳細資料</a>"
3534020359,"謝漢池診所",1,"03 -9572081","宜蘭縣羅東鎮忠孝路９１號","不分科","宜蘭縣羅東鎮賢文里33鄰忠孝路91號","羅東鎮","賢文里",121.765224,24.677627,NA,"","","","","",NA,NA,"<a href='http://www.nhi.gov.tw/query/query3_detail.aspx?HospID=3534020359' target='_blank'>診所詳細資料</a>"
3534020368,"仁壽診所",1,"03 -9544175","宜蘭縣羅東鎮中正南路１９７號","家醫科,兒科","宜蘭縣羅東鎮成功里1鄰中正南路197號","羅東鎮","成功里",121.770167,24.672489,NA,"","","","","",NA,NA,"<a href='http://www.nhi.gov.tw/query/query3_detail.aspx?HospID=3534020368' target='_blank'>診所詳細資料</a>"
3534020395,"王維昌診所",1,"03 -9562512","宜蘭縣羅東鎮公正路１６７－３號","不分科,家醫科,兒科","宜蘭縣羅東鎮賢文里1鄰公正路167之3號","羅東鎮","賢文里",121.768207,24.678926,1340202042,"羅東","","","","",NA,NA,"<a href='http://www.nhi.gov.tw/query/query3_detail.aspx?HospID=3534020395' target='_blank'>診所詳細資料</a>"
3534020411,"王步幸耳鼻喉科診所",1,"03 -9565555","宜蘭縣羅東鎮浮崙里興東路１３－３號","耳鼻喉科","宜蘭縣羅東鎮中山里20鄰興東路13之3號","羅東鎮","中山里",121.767604,24.675685,NA,"","","","","",NA,NA,"<a href='http://www.nhi.gov.tw/query/query3_detail.aspx?HospID=3534020411' target='_blank'>診所詳細資料</a>"
3534020420,"顏江龍整形外科診所",1,"03 -9545390","宜蘭縣羅東鎮南昌里南昌街３３－６號３樓","整形外科","宜蘭縣羅東鎮南昌里3鄰南昌街33之6號","羅東鎮","南昌里",121.77399,24.672298,NA,"","","","","",NA,NA,"<a href='http://www.nhi.gov.tw/query/query3_detail.aspx?HospID=3534020420' target='_blank'>診所詳細資料</a>"
3534020439,"呂耳鼻喉科診所",1,"03 -9547335","宜蘭縣羅東鎮集祥里公正街２５號","耳鼻喉科","宜蘭縣羅東鎮集祥里17鄰公正街25號","羅東鎮","集祥里",121.770111,24.677544,NA,"","","","","",NA,NA,"<a href='http://www.nhi.gov.tw/query/query3_detail.aspx?HospID=3534020439' target='_blank'>診所詳細資料</a>"
3534020448,"侯眼科診所",1,"03 -9561477","宜蘭縣羅東鎮大新里６鄰和平路１４２號","眼科","宜蘭縣羅東鎮大新里6鄰和平路142號","羅東鎮","大新里",121.772573,24.677074,NA,"","","","","",NA,NA,"<a href='http://www.nhi.gov.tw/query/query3_detail.aspx?HospID=3534020448' target='_blank'>診所詳細資料</a>"
3534020475,"鄭裕南復健科診所",1,"03 -9566619","宜蘭縣羅東鎮倉前路７７－７號","復健科","宜蘭縣羅東鎮公正里7鄰倉前路77之7號","羅東鎮","公正里",121.769854,24.680691,NA,"","","","","",NA,NA,"<a href='http://www.nhi.gov.tw/query/query3_detail.aspx?HospID=3534020475' target='_blank'>診所詳細資料</a>"
3534020537,"普濟診所",1,"03 -9569270","宜蘭縣羅東鎮興東南路２３３號","兒科","宜蘭縣羅東鎮成功里7鄰興東南路233號","羅東鎮","成功里",121.767235,24.672344,1340802044,"山水","","","","",NA,NA,"<a href='http://www.nhi.gov.tw/query/query3_detail.aspx?HospID=3534020537' target='_blank'>診所詳細資料</a>"
3534020555,"溫家麟診所",1,"03 -9571363","宜蘭縣羅東鎮公正里公正路２６４號","內科","宜蘭縣羅東鎮公正里16鄰公正路264號","羅東鎮","公正里",121.765897,24.679767,NA,"","","","","",NA,NA,"<a href='http://www.nhi.gov.tw/query/query3_detail.aspx?HospID=3534020555' target='_blank'>診所詳細資料</a>"
3534020573,"林正權婦產科診所",1,"03 -9571543","宜蘭縣羅東鎮天津路１８－１號","婦產科","宜蘭縣羅東鎮公正里3鄰天津路18之1號","羅東鎮","公正里",121.76984,24.679083,1340202042,"羅東","","","","",NA,NA,"<a href='http://www.nhi.gov.tw/query/query3_detail.aspx?HospID=3534020573' target='_blank'>診所詳細資料</a>"
3534020582,"北成診所",1,"03 -9514467","宜蘭縣羅東鎮中山路４段２４０號","內科","宜蘭縣羅東鎮北成里8鄰中山路四段240號","羅東鎮","北成里",121.758907,24.67329,NA,"","","","","",NA,NA,"<a href='http://www.nhi.gov.tw/query/query3_detail.aspx?HospID=3534020582' target='_blank'>診所詳細資料</a>"
3534020608,"陳文貴診所",1,"03 -9550101","宜蘭縣羅東鎮公正里興東路１１８號１，２樓","內科","宜蘭縣羅東鎮公正里6鄰興東路118號","羅東鎮","公正里",121.769284,24.680269,1340202042,"羅東","","","","",NA,NA,"<a href='http://www.nhi.gov.tw/query/query3_detail.aspx?HospID=3534020608' target='_blank'>診所詳細資料</a>"
3534020626,"洪眼科診所",1,"03 -9562293","宜蘭縣羅東鎮公正路１６７－１號","眼科","宜蘭縣羅東鎮賢文里1鄰公正路167之1號","羅東鎮","賢文里",121.768295,24.678901,NA,"","","","","",NA,NA,"<a href='http://www.nhi.gov.tw/query/query3_detail.aspx?HospID=3534020626' target='_blank'>診所詳細資料</a>"
3534020635,"吳振華小兒科診所",1,"03 -9548549","宜蘭縣羅東鎮中正南路６３號","兒科","宜蘭縣羅東鎮南豪里1鄰中正南路63號","羅東鎮","南豪里",121.771434,24.669634,NA,"","","","","",NA,NA,"<a href='http://www.nhi.gov.tw/query/query3_detail.aspx?HospID=3534020635' target='_blank'>診所詳細資料</a>"
3534020653,"洪仁宗診所",1,"03 -9558720","宜蘭縣羅東鎮興東南路２５７號","內科","宜蘭縣羅東鎮仁德里15鄰興東南路257號","羅東鎮","仁德里",121.766951,24.673271,NA,"","","","","",NA,NA,"<a href='http://www.nhi.gov.tw/query/query3_detail.aspx?HospID=3534020653' target='_blank'>診所詳細資料</a>"
3534020662,"信德診所",1,"03 -9561067","宜蘭縣羅東鎮中山路３段２５８號","不分科","宜蘭縣羅東鎮中山里9鄰中山路三段258號","羅東鎮","中山里",121.769134,24.675193,1340802044,"山水","","","","",NA,NA,"<a href='http://www.nhi.gov.tw/query/query3_detail.aspx?HospID=3534020662' target='_blank'>診所詳細資料</a>"
3534020671,"芳山診所",1,"03 -9566210","宜蘭縣羅東鎮大新里中正路１５６號","不分科","宜蘭縣羅東鎮大新里10鄰中正路156號","羅東鎮","大新里",121.77178,24.676721,NA,"","","","","",NA,NA,"<a href='http://www.nhi.gov.tw/query/query3_detail.aspx?HospID=3534020671' target='_blank'>診所詳細資料</a>"
3534020680,"佳美診所",1,"03 -9547975","宜蘭縣羅東鎮公正路９５－１號","外科,皮膚科","宜蘭縣羅東鎮集祥里9鄰公正路95之1號","羅東鎮","集祥里",121.771265,24.678079,NA,"","","","","",NA,NA,"<a href='http://www.nhi.gov.tw/query/query3_detail.aspx?HospID=3534020680' target='_blank'>診所詳細資料</a>"
3534020699,"李翰林眼科診所",1,"03 -9559877","宜蘭縣羅東鎮公正里公正路２５８號１、２樓","眼科","宜蘭縣羅東鎮公正里16鄰公正路258號","羅東鎮","公正里",121.766172,24.680018,NA,"","","","","",NA,NA,"<a href='http://www.nhi.gov.tw/query/query3_detail.aspx?HospID=3534020699' target='_blank'>診所詳細資料</a>"
3534021730,"佳音診所",1,"03 -9557197","宜蘭縣羅東鎮光榮路４２１號","不分科","宜蘭縣羅東鎮東安里27鄰光榮路421號","羅東鎮","東安里",121.777601,24.680652,NA,"","","","","",NA,NA,"<a href='http://www.nhi.gov.tw/query/query3_detail.aspx?HospID=3534021730' target='_blank'>診所詳細資料</a>"
3534021749,"黃圭龍小兒科診所",1,"03 -9617199","宜蘭縣羅東鎮維揚路３０號１樓","兒科","宜蘭縣羅東鎮維揚里1鄰維揚路30號","羅東鎮","維揚里",121.76243,24.672399,NA,"","","","","",NA,NA,"<a href='http://www.nhi.gov.tw/query/query3_detail.aspx?HospID=3534021749' target='_blank'>診所詳細資料</a>"
3534021776,"蔡孟吉耳鼻喉科診所",1,"03 -9531608","宜蘭縣羅東鎮民生東路６６號","耳鼻喉科","宜蘭縣羅東鎮大新里12鄰民生東路66號","羅東鎮","大新里",121.771938,24.676143,1340202042,"羅東","","","","",NA,NA,"<a href='http://www.nhi.gov.tw/query/query3_detail.aspx?HospID=3534021776' target='_blank'>診所詳細資料</a>"
3534021801,"趙耳鼻喉科診所",1,"03 -9541033","宜蘭縣羅東鎮中正街１０號","耳鼻喉科","宜蘭縣羅東鎮仁和里7鄰中正街10號","羅東鎮","仁和里",121.770029,24.673251,NA,"","","","","",NA,NA,"<a href='http://www.nhi.gov.tw/query/query3_detail.aspx?HospID=3534021801' target='_blank'>診所詳細資料</a>"
3534021838,"陳重慶診所",1,"03 -9574678","宜蘭縣羅東鎮民族路７０號","內科","宜蘭縣羅東鎮仁和里17鄰民族路70號","羅東鎮","仁和里",121.76841,24.674287,1340302142,"平安(二)","","","","",NA,NA,"<a href='http://www.nhi.gov.tw/query/query3_detail.aspx?HospID=3534021838' target='_blank'>診所詳細資料</a>"
3534021847,"吳得中診所",1,"03 -9561122","宜蘭縣羅東鎮興東路１１８號３樓及１２０號３樓","內科","宜蘭縣羅東鎮公正里6鄰興東路118號","羅東鎮","公正里",121.769284,24.680269,1340202042,"羅東","","","","",NA,NA,"<a href='http://www.nhi.gov.tw/query/query3_detail.aspx?HospID=3534021847' target='_blank'>診所詳細資料</a>"
3534021856,"謝世雄診所",1,"03 -9532323","宜蘭縣羅東鎮倉前路５３號","內科","宜蘭縣羅東鎮公正里3鄰倉前路53號","羅東鎮","公正里",121.770757,24.68044,NA,"","","","","",NA,NA,"<a href='http://www.nhi.gov.tw/query/query3_detail.aspx?HospID=3534021856' target='_blank'>診所詳細資料</a>"
3534021883,"陳思衡復健科診所",1,"03 -9549338","宜蘭縣羅東鎮中正南路１３７號","復健科","宜蘭縣羅東鎮南豪里2鄰中正南路137號","羅東鎮","南豪里",121.770693,24.671145,NA,"","","","","",NA,NA,"<a href='http://www.nhi.gov.tw/query/query3_detail.aspx?HospID=3534021883' target='_blank'>診所詳細資料</a>"
3534021892,"王仁暉皮膚科診所",1,"03 -9542968","宜蘭縣羅東鎮興東南路２３１號","不分科,皮膚科","宜蘭縣羅東鎮成功里7鄰興東南路231號","羅東鎮","成功里",121.767253,24.672315,NA,"","","","","",NA,NA,"<a href='http://www.nhi.gov.tw/query/query3_detail.aspx?HospID=3534021892' target='_blank'>診所詳細資料</a>"
3534021909,"游信得診所",1,"03 -9577795","宜蘭縣羅東鎮復興路２段１６１號","不分科","宜蘭縣羅東鎮竹林里14鄰復興路二段161號","羅東鎮","竹林里",121.765183,24.688802,1340302142,"平安(二)","","","","",NA,NA,"<a href='http://www.nhi.gov.tw/query/query3_detail.aspx?HospID=3534021909' target='_blank'>診所詳細資料</a>"
3534021927,"游能俊診所",1,"03 -9556670","宜蘭縣羅東鎮光榮路４９１號","內科","宜蘭縣羅東鎮東安里26鄰光榮路491號","羅東鎮","東安里",121.777364,24.681059,NA,"","","","","",NA,NA,"<a href='http://www.nhi.gov.tw/query/query3_detail.aspx?HospID=3534021927' target='_blank'>診所詳細資料</a>"
3534021954,"藍正州小兒科診所",1,"03 -9531168","宜蘭縣羅東鎮南門路２０號","兒科","宜蘭縣羅東鎮仁和里12鄰南門路20號","羅東鎮","仁和里",121.768791,24.673138,1340202042,"羅東","","","","",NA,NA,"<a href='http://www.nhi.gov.tw/query/query3_detail.aspx?HospID=3534021954' target='_blank'>診所詳細資料</a>"
3534021963,"維揚診所",1,"03 -9510299","宜蘭縣羅東鎮維揚路１３６號","家醫科","宜蘭縣羅東鎮維揚里5鄰維揚路136號","羅東鎮","維揚里",121.759478,24.671959,NA,"","","","","",NA,NA,"<a href='http://www.nhi.gov.tw/query/query3_detail.aspx?HospID=3534021963' target='_blank'>診所詳細資料</a>"
3534021990,"王東生診所",1,"03 -9612285","宜蘭縣羅東鎮維揚路７８號","神經外科","宜蘭縣羅東鎮維揚里1鄰維揚路78號","羅東鎮","維揚里",121.76153,24.672205,NA,"","","","","",NA,NA,"<a href='http://www.nhi.gov.tw/query/query3_detail.aspx?HospID=3534021990' target='_blank'>診所詳細資料</a>"
3534022004,"林榆森小兒科診所",1,"03 -9559955","宜蘭縣羅東鎮中正北路１７號１樓","兒科","宜蘭縣羅東鎮公正里2鄰中正北路17號","羅東鎮","公正里",121.77189,24.678495,1340302142,"平安(二)","","","","",NA,NA,"<a href='http://www.nhi.gov.tw/query/query3_detail.aspx?HospID=3534022004' target='_blank'>診所詳細資料</a>"
3534022031,"家家診所",1,"03 -9556228","宜蘭縣羅東鎮中山路３段２７７號","兒科","宜蘭縣羅東鎮中山里15鄰中山路三段277號","羅東鎮","中山里",121.76718,24.674988,NA,"","","","","",NA,NA,"<a href='http://www.nhi.gov.tw/query/query3_detail.aspx?HospID=3534022031' target='_blank'>診所詳細資料</a>"
3534022059,"光澤診所",1,"03 -9566901","宜蘭縣羅東鎮興東路１１７號２樓","不分科,皮膚科","宜蘭縣羅東鎮公正里9鄰興東路117號","羅東鎮","公正里",121.768817,24.679647,NA,"","","","","",NA,NA,"<a href='http://www.nhi.gov.tw/query/query3_detail.aspx?HospID=3534022059' target='_blank'>診所詳細資料</a>"
3534022068,"黃志賢婦產科診所",1,"03 -9610528","宜蘭縣羅東鎮維揚路１６號１樓","婦產科","宜蘭縣羅東鎮成功里8鄰維揚路16號","羅東鎮","成功里",121.762497,24.672712,NA,"","","","","",NA,NA,"<a href='http://www.nhi.gov.tw/query/query3_detail.aspx?HospID=3534022068' target='_blank'>診所詳細資料</a>"
3534022077,"羅東眼科診所",1,"03 -9565256","宜蘭縣羅東鎮中正路７８號１樓","眼科","宜蘭縣羅東鎮開明里4鄰中正路78號","羅東鎮","開明里",121.771036,24.674424,NA,"","","","","",NA,NA,"<a href='http://www.nhi.gov.tw/query/query3_detail.aspx?HospID=3534022077' target='_blank'>診所詳細資料</a>"
3534022086,"東興婦產科診所",1,"03 -9547102","宜蘭縣羅東鎮興東路２６９號","家醫科,婦產科","宜蘭縣羅東鎮信義里21鄰興東路269號","羅東鎮","信義里",121.770286,24.683984,NA,"","","","","",NA,NA,"<a href='http://www.nhi.gov.tw/query/query3_detail.aspx?HospID=3534022086' target='_blank'>診所詳細資料</a>"
3534022095,"林育全皮膚專科診所",1,"03 -9568788","宜蘭縣羅東鎮倉前路４２號","皮膚科","宜蘭縣羅東鎮信義里5鄰倉前路42號","羅東鎮","信義里",121.772987,24.674479,NA,"","","","","",NA,NA,"<a href='http://www.nhi.gov.tw/query/query3_detail.aspx?HospID=3534022095' target='_blank'>診所詳細資料</a>"
3534022102,"劉醫師小兒科診所",1,"03 -9518121","宜蘭縣羅東鎮純精路２段２２９號","兒科","宜蘭縣羅東鎮賢文里37鄰純精路二段229號","羅東鎮","賢文里",121.763784,24.679748,NA,"","","","","",NA,NA,"<a href='http://www.nhi.gov.tw/query/query3_detail.aspx?HospID=3534022102' target='_blank'>診所詳細資料</a>"
3534022120,"傳康診所",1,"03 -9578119","宜蘭縣羅東鎮興東南路２３２號２樓","內科","宜蘭縣羅東鎮仁德里2鄰興東南路232號","羅東鎮","仁德里",121.767479,24.674324,NA,"","","","","",NA,NA,"<a href='http://www.nhi.gov.tw/query/query3_detail.aspx?HospID=3534022120' target='_blank'>診所詳細資料</a>"
3534030122,"吳慶順診所",1,"03 -9969747","宜蘭縣蘇澳鎮華中街５號","不分科","宜蘭縣蘇澳鎮蘇西里8鄰華中街5號","蘇澳鎮","蘇西里",121.849256,24.59626,1340302142,"平安(二)","","","","",NA,NA,"<a href='http://www.nhi.gov.tw/query/query3_detail.aspx?HospID=3534030122' target='_blank'>診所詳細資料</a>"
3534030140,"俞/國棟診所",1,"03 -9951396","宜蘭縣蘇澳鎮蘇港路３６９號","骨科","宜蘭縣蘇澳鎮聖湖里4鄰蘇港路369號","蘇澳鎮","聖湖里",121.837839,24.59574,1340302142,"平安(二)","","","","",NA,NA,"<a href='http://www.nhi.gov.tw/query/query3_detail.aspx?HospID=3534030140' target='_blank'>診所詳細資料</a>"
3534030159,"周金章診所",1,"03 -9951521","宜蘭縣蘇澳鎮中山路１段１１６號","家醫科","宜蘭縣蘇澳鎮蘇西里2鄰中山路一段116號","蘇澳鎮","蘇西里",121.849662,24.596082,NA,"","","","","",NA,NA,"<a href='http://www.nhi.gov.tw/query/query3_detail.aspx?HospID=3534030159' target='_blank'>診所詳細資料</a>"
3534030284,"愛生診所",1,"03 -9952299","宜蘭縣蘇澳鎮蘇西里中山路１段１９４號","不分科","宜蘭縣蘇澳鎮蘇西里13鄰中山路一段194號","蘇澳鎮","蘇西里",121.847339,24.595982,NA,"","","","","",NA,NA,"<a href='http://www.nhi.gov.tw/query/query3_detail.aspx?HospID=3534030284' target='_blank'>診所詳細資料</a>"
3534031370,"金明診所",1,"03 -9964138","宜蘭縣蘇澳鎮南安路１７５號","不分科","宜蘭縣蘇澳鎮南正里8鄰南安路175號","蘇澳鎮","南正里",121.864744,24.582448,NA,"","","","","",NA,NA,"<a href='http://www.nhi.gov.tw/query/query3_detail.aspx?HospID=3534031370' target='_blank'>診所詳細資料</a>"
3534031432,"曾家庭醫學科診所",1,"03 -9908866","宜蘭縣蘇澳鎮永榮里大同路２９號","家醫科","宜蘭縣蘇澳鎮永榮里1鄰大同路29號","蘇澳鎮","永榮里",121.834217,24.620271,NA,"","","","","",NA,NA,"<a href='http://www.nhi.gov.tw/query/query3_detail.aspx?HospID=3534031432' target='_blank'>診所詳細資料</a>"
3534031469,"健生全民診所",1,"03 -9973856","宜蘭縣蘇澳鎮南寧路４４號","不分科","宜蘭縣蘇澳鎮南興里1鄰南寧路44號","蘇澳鎮","南興里",121.867354,24.581298,1340302142,"平安(二)","","","","",NA,NA,"<a href='http://www.nhi.gov.tw/query/query3_detail.aspx?HospID=3534031469' target='_blank'>診所詳細資料</a>"
3534031503,"吳昌達診所",1,"03 -9955976","宜蘭縣蘇澳鎮南安里海邊路１４１號","家醫科","宜蘭縣蘇澳鎮南安里13鄰海邊路141號","蘇澳鎮","南安里",121.86523,24.583103,NA,"","","","","",NA,NA,"<a href='http://www.nhi.gov.tw/query/query3_detail.aspx?HospID=3534031503' target='_blank'>診所詳細資料</a>"
3534031549,"健仁內科診所",1,"03 -9906695","宜蘭縣蘇澳鎮興安路３２號１樓","內科","宜蘭縣蘇澳鎮隘丁里13鄰興安路32號","蘇澳鎮","隘丁里",121.839664,24.617605,NA,"","","","","",NA,NA,"<a href='http://www.nhi.gov.tw/query/query3_detail.aspx?HospID=3534031549' target='_blank'>診所詳細資料</a>"
3534031558,"瑞明眼科診所",1,"03 -9951020","宜蘭縣蘇澳鎮中山路１段１４７號","眼科","宜蘭縣蘇澳鎮蘇西里16鄰中山路一段147號","蘇澳鎮","蘇西里",121.847873,24.595775,NA,"","","","","",NA,NA,"<a href='http://www.nhi.gov.tw/query/query3_detail.aspx?HospID=3534031558' target='_blank'>診所詳細資料</a>"
3534031567,"徐世明診所",1,"03 -9908585","宜蘭縣蘇澳鎮建福路２號及４號","不分科","宜蘭縣蘇澳鎮龍德里18鄰建福路2號","蘇澳鎮","龍德里",121.830285,24.643949,NA,"","","","","",NA,NA,"<a href='http://www.nhi.gov.tw/query/query3_detail.aspx?HospID=3534031567' target='_blank'>診所詳細資料</a>"
3534031585,"建生診所",1,"03 -9962246","宜蘭縣蘇澳鎮中山路１段２１８號１樓","外科,婦產科","宜蘭縣蘇澳鎮蘇西里13鄰中山路一段218號","蘇澳鎮","蘇西里",121.846221,24.595951,NA,"","","","","",NA,NA,"<a href='http://www.nhi.gov.tw/query/query3_detail.aspx?HospID=3534031585' target='_blank'>診所詳細資料</a>"
3534040039,"李彰義診所",1,"03 -9771688","宜蘭縣頭城鎮新建里新興路１４號","不分科,婦產科","宜蘭縣頭城鎮新建里6鄰新興路14號","頭城鎮","新建里",121.821452,24.854067,NA,"","","","","",NA,NA,"<a href='http://www.nhi.gov.tw/query/query3_detail.aspx?HospID=3534040039' target='_blank'>診所詳細資料</a>"
3534040084,"仁宏診所",1,"03 -9776568","宜蘭縣頭城鎮纘祥路７９－２號","家醫科","宜蘭縣頭城鎮城北里9鄰纘祥路141號","頭城鎮","城北里",121.824033,24.860152,1340402047,"頭城","HM34010001","陽大居家醫療照護團隊","","",NA,NA,"<a href='http://www.nhi.gov.tw/query/query3_detail.aspx?HospID=3534040084' target='_blank'>診所詳細資料</a>"
3534040093,"博生診所",1,"03 -9778985","宜蘭縣頭城鎮城東里中庸路２３號","家醫科","宜蘭縣頭城鎮城東里8鄰中庸街23號","頭城鎮","城東里",121.823851,24.857506,1340402047,"頭城","HM34010001","陽大居家醫療照護團隊","","",NA,NA,"<a href='http://www.nhi.gov.tw/query/query3_detail.aspx?HospID=3534040093' target='_blank'>診所詳細資料</a>"
3534040100,"頭城診所",1,"03 -9777107","宜蘭縣頭城鎮城西里開蘭路５０號","不分科","宜蘭縣頭城鎮城西里6鄰開蘭路50號","頭城鎮","城西里",121.822624,24.855874,1340402047,"頭城","HM34010001","陽大居家醫療照護團隊","","",NA,NA,"<a href='http://www.nhi.gov.tw/query/query3_detail.aspx?HospID=3534040100' target='_blank'>診所詳細資料</a>"
3534040119,"照仁診所",1,"03 -9775101","宜蘭縣頭城鎮吉祥路８８巷２７號","不分科,家醫科,神經科,復健科","宜蘭縣頭城鎮拔雅里1鄰吉祥路88巷27號","頭城鎮","拔雅里",121.820812,24.857137,1340402047,"頭城","HM34010001","陽大居家醫療照護團隊","","",NA,NA,"<a href='http://www.nhi.gov.tw/query/query3_detail.aspx?HospID=3534040119' target='_blank'>診所詳細資料</a>"
3534040137,"吳芳霖眼科診所",1,"03 -9779077","宜蘭縣頭城鎮城北里纘祥路６７－６號","眼科","宜蘭縣頭城鎮城北里9鄰纘祥路141號","頭城鎮","城北里",121.824033,24.860152,NA,"","","","","",NA,NA,"<a href='http://www.nhi.gov.tw/query/query3_detail.aspx?HospID=3534040137' target='_blank'>診所詳細資料</a>"
3534040146,"杏林診所",1,"03 -9771486","宜蘭縣頭城鎮新興路１７號","內科","宜蘭縣頭城鎮新建里6鄰新興路17號","頭城鎮","新建里",121.82139,24.853962,1340402047,"頭城","HM34010001","陽大居家醫療照護團隊","","",NA,NA,"<a href='http://www.nhi.gov.tw/query/query3_detail.aspx?HospID=3534040146' target='_blank'>診所詳細資料</a>"
3534050151,"周診所",1,"03 -9887542","宜蘭縣礁溪鄉中山路２段２１號１樓","不分科","宜蘭縣礁溪鄉六結村6鄰中山路二段21號","礁溪鄉","六結村",121.771735,24.824155,NA,"","","","","",NA,NA,"<a href='http://www.nhi.gov.tw/query/query3_detail.aspx?HospID=3534050151' target='_blank'>診所詳細資料</a>"
3534050197,"吳震世診所",1,"03 -9871268","宜蘭縣礁溪鄉大忠村中山路１段９９號","家醫科,內科","宜蘭縣礁溪鄉大忠村4鄰中山路一段99號","礁溪鄉","大忠村",121.76994,24.819195,NA,"","","","","",NA,NA,"<a href='http://www.nhi.gov.tw/query/query3_detail.aspx?HospID=3534050197' target='_blank'>診所詳細資料</a>"
3534050204,"岱山診所",1,"03 -9872188","宜蘭縣礁溪鄉礁溪路５段１７號","不分科","宜蘭縣礁溪鄉德陽村13鄰礁溪路五段17號","礁溪鄉","德陽村",121.771281,24.826053,NA,"","","","","",NA,NA,"<a href='http://www.nhi.gov.tw/query/query3_detail.aspx?HospID=3534050204' target='_blank'>診所詳細資料</a>"
3534051274,"安信診所",1,"03 -9888001","宜蘭縣礁溪鄉中山路１段２３０號１樓","不分科","宜蘭縣礁溪鄉六結村3鄰中山路一段230號","礁溪鄉","六結村",121.770942,24.820635,1340102141,"甲子蘭","HM34070001","臺北榮民總醫院員山分院團隊","HM34010001","陽大居家醫療照護團隊",NA,NA,"<a href='http://www.nhi.gov.tw/query/query3_detail.aspx?HospID=3534051274' target='_blank'>診所詳細資料</a>"
3534051292,"岳成診所",1,"03 -9876586","宜蘭縣礁溪鄉中山路１段１２０號","不分科","宜蘭縣礁溪鄉大義村3鄰中山路一段120號","礁溪鄉","大義村",121.769659,24.818508,NA,"","","","","",NA,NA,"<a href='http://www.nhi.gov.tw/query/query3_detail.aspx?HospID=3534051292' target='_blank'>診所詳細資料</a>"
3534051309,"簡再興診所",1,"03 -9280090","宜蘭縣礁溪鄉礁溪路１段５６號","家醫科","宜蘭縣礁溪鄉吳沙村4鄰礁溪路一段56號","礁溪鄉","吳沙村",121.761143,24.783989,NA,"","","","","",NA,NA,"<a href='http://www.nhi.gov.tw/query/query3_detail.aspx?HospID=3534051309' target='_blank'>診所詳細資料</a>"
3534060059,"陳登賢診所",1,"03 -9305029","宜蘭縣壯圍鄉壯濱路３段３８５號","家醫科","宜蘭縣壯圍鄉過嶺村10鄰壯濱路三段385號","壯圍鄉","過嶺村",121.815636,24.762473,1340102041,"全家福","HM34010001","陽大居家醫療照護團隊","","",NA,NA,"<a href='http://www.nhi.gov.tw/query/query3_detail.aspx?HospID=3534060059' target='_blank'>診所詳細資料</a>"
3534061092,"大福診所",1,"03 -9308842","宜蘭縣壯圍鄉壯濱路６段２３１號","不分科","宜蘭縣壯圍鄉大福村5鄰壯濱路六段231號","壯圍鄉","大福村",121.816799,24.801535,1340102043,"宜蘭","","","","",NA,NA,"<a href='http://www.nhi.gov.tw/query/query3_detail.aspx?HospID=3534061092' target='_blank'>診所詳細資料</a>"
3534061109,"楊崑診所",1,"03 -9388378","宜蘭縣壯圍鄉吉祥村中央路２段２９７號","家醫科","宜蘭縣壯圍鄉吉祥村17鄰中央路二段297號","壯圍鄉","吉祥村",121.786286,24.747207,NA,"","","","","",NA,NA,"<a href='http://www.nhi.gov.tw/query/query3_detail.aspx?HospID=3534061109' target='_blank'>診所詳細資料</a>"
3534070108,"張世屏診所",1,"03 -9223909","宜蘭縣員山鄉員山村員山路１段１６６號","不分科","宜蘭縣員山鄉員山村36鄰員山路一段166號","員山鄉","員山村",121.727697,24.746158,NA,"","","","","",NA,NA,"<a href='http://www.nhi.gov.tw/query/query3_detail.aspx?HospID=3534070108' target='_blank'>診所詳細資料</a>"
3534071123,"信望愛診所",1,"03 -9221550","宜蘭縣員山鄉復興路６號","不分科","宜蘭縣員山鄉員山村26鄰復興路6號","員山鄉","員山村",121.723827,24.744536,1340102041,"全家福","HM34010001","陽大居家醫療照護團隊","","",NA,NA,"<a href='http://www.nhi.gov.tw/query/query3_detail.aspx?HospID=3534071123' target='_blank'>診所詳細資料</a>"
3534080051,"群英診所",1,"03 -9581924","宜蘭縣冬山鄉和平路９號","不分科","宜蘭縣冬山鄉群英村55鄰和平路9號","冬山鄉","群英村",121.767766,24.667618,NA,"","","","","",NA,NA,"<a href='http://www.nhi.gov.tw/query/query3_detail.aspx?HospID=3534080051' target='_blank'>診所詳細資料</a>"
3534080104,"徐診所",1,"03 -9590923","宜蘭縣冬山鄉南興村照安路３３巷３２號","不分科","宜蘭縣冬山鄉南興村14鄰照安路33巷32號","冬山鄉","南興村",121.794291,24.631391,1340302142,"平安(二)","","","","",NA,NA,"<a href='http://www.nhi.gov.tw/query/query3_detail.aspx?HospID=3534080104' target='_blank'>診所詳細資料</a>"
3534080113,"林聰源診所",1,"03 -9582772","宜蘭縣冬山鄉義成路２段３７５號","內科","宜蘭縣冬山鄉順安村28鄰義成路二段375號","冬山鄉","順安村",121.763933,24.654698,NA,"","","","","",NA,NA,"<a href='http://www.nhi.gov.tw/query/query3_detail.aspx?HospID=3534080113' target='_blank'>診所詳細資料</a>"
3534080122,"吳建志診所",1,"03 -9566799","宜蘭縣冬山鄉冬山路５段２１２號","兒科","宜蘭縣冬山鄉群英村62鄰冬山路五段212號","冬山鄉","群英村",121.77078,24.667176,NA,"","","","","",NA,NA,"<a href='http://www.nhi.gov.tw/query/query3_detail.aspx?HospID=3534080122' target='_blank'>診所詳細資料</a>"
3534080131,"王內科診所",1,"03 -9550877","宜蘭縣冬山鄉義成路３段５６２號","內科","宜蘭縣冬山鄉群英村43鄰義成路三段562號","冬山鄉","群英村",121.768692,24.669165,NA,"","","","","",NA,NA,"<a href='http://www.nhi.gov.tw/query/query3_detail.aspx?HospID=3534080131' target='_blank'>診所詳細資料</a>"
3534080140,"江心修診所",1,"03 -9611097","宜蘭縣冬山鄉廣興路２１５號","不分科","宜蘭縣冬山鄉廣興村10鄰廣興路215號","冬山鄉","廣興村",121.748829,24.669685,1340802044,"山水","","","","",NA,NA,"<a href='http://www.nhi.gov.tw/query/query3_detail.aspx?HospID=3534080140' target='_blank'>診所詳細資料</a>"
3534081165,"振生診所",1,"03 -9596550","宜蘭縣冬山鄉冬山路２４７號","不分科","宜蘭縣冬山鄉冬山村2鄰冬山路247號","冬山鄉","冬山村",121.790206,24.634685,NA,"","","","","",NA,NA,"<a href='http://www.nhi.gov.tw/query/query3_detail.aspx?HospID=3534081165' target='_blank'>診所詳細資料</a>"
3534081183,"古醫生保健診所",1,"03 -9585950","宜蘭縣冬山鄉義成路３段５００號","不分科,神經科","宜蘭縣冬山鄉群英村42鄰義成路三段500號","冬山鄉","群英村",121.768147,24.667416,NA,"","","","","",NA,NA,"<a href='http://www.nhi.gov.tw/query/query3_detail.aspx?HospID=3534081183' target='_blank'>診所詳細資料</a>"
3534090137,"永生診所",1,"03 -9503138","宜蘭縣五結鄉利成路２段３６６號","家醫科","宜蘭縣五結鄉利澤村12鄰利成路二段366號","五結鄉","利澤村",121.823128,24.665519,NA,"","","","","",NA,NA,"<a href='http://www.nhi.gov.tw/query/query3_detail.aspx?HospID=3534090137' target='_blank'>診所詳細資料</a>"
3534091189,"吉祥診所",1,"03 -9604853","宜蘭縣五結鄉五結中路２段２３之１號","家醫科","宜蘭縣五結鄉五結村7鄰五結中路二段23之1號","五結鄉","五結村",121.797583,24.685609,NA,"","","","","",NA,NA,"<a href='http://www.nhi.gov.tw/query/query3_detail.aspx?HospID=3534091189' target='_blank'>診所詳細資料</a>"
3534091214,"宏安診所",1,"03 -9576893","宜蘭縣五結鄉中正路１段１６８號","內科,急診醫學科","宜蘭縣五結鄉四結村3鄰中正路一段168號","五結鄉","四結村",121.770329,24.690755,1340302142,"平安(二)","","","","",NA,NA,"<a href='http://www.nhi.gov.tw/query/query3_detail.aspx?HospID=3534091214' target='_blank'>診所詳細資料</a>"
3534091241,"王家泰診所",1,"03 -9650861","宜蘭縣五結鄉上四村中正西路２３號","家醫科","宜蘭縣五結鄉上四村12鄰中正西路23號","五結鄉","上四村",121.768498,24.699642,NA,"","","","","",NA,NA,"<a href='http://www.nhi.gov.tw/query/query3_detail.aspx?HospID=3534091241' target='_blank'>診所詳細資料</a>"
3534091278,"協和診所",1,"03 -9500968","宜蘭縣五結鄉五結中路２段６號１樓","不分科","宜蘭縣五結鄉五結村6鄰五結中路二段6號","五結鄉","五結村",121.797938,24.68501,NA,"","","","","",NA,NA,"<a href='http://www.nhi.gov.tw/query/query3_detail.aspx?HospID=3534091278' target='_blank'>診所詳細資料</a>"
3534091287,"平和身心診所",1,"03 -9559960","宜蘭縣五結鄉禮運路３８號１樓","精神科","宜蘭縣五結鄉福興村14鄰禮運路38號","五結鄉","福興村",121.776795,24.68099,NA,"","","","","",NA,NA,"<a href='http://www.nhi.gov.tw/query/query3_detail.aspx?HospID=3534091287' target='_blank'>診所詳細資料</a>"
3534100030,"三星診所",1,"03 -9892033","宜蘭縣三星鄉三星路５段１６２號","家醫科","宜蘭縣三星鄉義德村4鄰三星路五段162號","三星鄉","義德村",121.650015,24.665879,NA,"","","","","",NA,NA,"<a href='http://www.nhi.gov.tw/query/query3_detail.aspx?HospID=3534100030' target='_blank'>診所詳細資料</a>"
3534101064,"仁佑診所",1,"03 -9892573","宜蘭縣三星鄉三星路５段６７號","內科","宜蘭縣三星鄉義德村2鄰三星路五段67號","三星鄉","義德村",121.651146,24.665849,NA,"","","","","",NA,NA,"<a href='http://www.nhi.gov.tw/query/query3_detail.aspx?HospID=3534101064' target='_blank'>診所詳細資料</a>"
3534101073,"侯茂華診所",1,"03 -9897417","宜蘭縣三星鄉三星路１段５２１號","家醫科","宜蘭縣三星鄉大隱村15鄰三星路一段521號","三星鄉","大隱村",121.715163,24.670008,NA,"","","","","",NA,NA,"<a href='http://www.nhi.gov.tw/query/query3_detail.aspx?HospID=3534101073' target='_blank'>診所詳細資料</a>"
3534101082,"聖路加診所",1,"03 -9895028","宜蘭縣三星鄉義德村２鄰三星路５段４９號","家醫科","宜蘭縣三星鄉義德村2鄰三星路五段49號","三星鄉","義德村",121.651538,24.665887,NA,"","","","","",NA,NA,"<a href='http://www.nhi.gov.tw/query/query3_detail.aspx?HospID=3534101082' target='_blank'>診所詳細資料</a>"
3534101091,"善源診所",1,"03 -9899110","宜蘭縣三星鄉三星路１段５９３號１樓","內科","宜蘭縣三星鄉大隱村16鄰三星路一段593號","三星鄉","大隱村",121.713138,24.670057,NA,"","","","","",NA,NA,"<a href='http://www.nhi.gov.tw/query/query3_detail.aspx?HospID=3534101091' target='_blank'>診所詳細資料</a>"
3534110545,"樂心診所",1,"03 -9801208","宜蘭縣大同鄉崙埤村泰雅路１段５０－１號","不分科","宜蘭縣大同鄉崙埤村7鄰泰雅路一段50之1號","大同鄉","崙埤村",121.609677,24.67615,NA,"","","","","",NA,NA,"<a href='http://www.nhi.gov.tw/query/query3_detail.aspx?HospID=3534110545' target='_blank'>診所詳細資料</a>"
3534120023,"皇尚診所",1,"039-982300","宜蘭縣南澳鄉蘇花路２段３５７號","不分科,家醫科","宜蘭縣南澳鄉南澳村2鄰蘇花路二段357號","南澳鄉","南澳村",121.803045,24.465471,NA,"","","","","",NA,NA,"<a href='http://www.nhi.gov.tw/query/query3_detail.aspx?HospID=3534120023' target='_blank'>診所詳細資料</a>"
3534121039,"文平診所",1,"03 -9982998","宜蘭縣南澳鄉蘇花路２段１７１號","家醫科","宜蘭縣南澳鄉南澳村2鄰蘇花路二段171號","南澳鄉","南澳村",121.798174,24.464016,NA,"","","","","",NA,NA,"<a href='http://www.nhi.gov.tw/query/query3_detail.aspx?HospID=3534121039' target='_blank'>診所詳細資料</a>"
3534121075,"大愛診所",1,"03 -9984388","宜蘭縣南澳鄉蘇花路２段３８３號","不分科","宜蘭縣南澳鄉南澳村2鄰蘇花路二段383號","南澳鄉","南澳村",121.803919,24.466003,NA,"","","","","",NA,NA,"<a href='http://www.nhi.gov.tw/query/query3_detail.aspx?HospID=3534121075' target='_blank'>診所詳細資料</a>"
2334010018,"宜蘭縣宜蘭市衛生所",2,"03 -9322362","宜蘭縣宜蘭市健康路二段２－２號１樓","不分科","宜蘭縣宜蘭市復興里4鄰健康路二段2之2號","宜蘭市","復興里",121.752319,24.745546,NA,"","HM34070002","宜蘭縣政府幸福蘭陽居家醫療照護團隊","","",NA,NA,"<a href='http://www.nhi.gov.tw/query/query3_detail.aspx?HospID=2334010018' target='_blank'>診所詳細資料</a>"
2334020014,"宜蘭縣羅東鎮衛生所",2,"03 -9542321","宜蘭縣羅東鎮民生路７９號","不分科","宜蘭縣羅東鎮賢文里6鄰民生路79號","羅東鎮","賢文里",121.766951,24.677529,NA,"","HM34070002","宜蘭縣政府幸福蘭陽居家醫療照護團隊","","",NA,NA,"<a href='http://www.nhi.gov.tw/query/query3_detail.aspx?HospID=2334020014' target='_blank'>診所詳細資料</a>"
2334030010,"宜蘭縣蘇澳鎮衛生所",2,"03 -9962185","宜蘭縣蘇澳鎮志成路６０號","家醫科","宜蘭縣蘇澳鎮蘇西里26鄰志成路60號","蘇澳鎮","蘇西里",121.841658,24.593975,NA,"","HM34070002","宜蘭縣政府幸福蘭陽居家醫療照護團隊","","",NA,NA,"<a href='http://www.nhi.gov.tw/query/query3_detail.aspx?HospID=2334030010' target='_blank'>診所詳細資料</a>"
2334040016,"宜蘭縣頭城鎮衛生所",2,"03 -9771034","宜蘭縣頭城鎮吉祥路１５號","不分科","宜蘭縣頭城鎮新建里15鄰吉祥路15號","頭城鎮","新建里",121.820549,24.856759,NA,"","HM34040001","頭城鎮衛生所團隊","HM34070002","宜蘭縣政府幸福蘭陽居家醫療照護團隊",NA,NA,"<a href='http://www.nhi.gov.tw/query/query3_detail.aspx?HospID=2334040016' target='_blank'>診所詳細資料</a>"
2334050012,"宜蘭縣礁溪鄉衛生所",2,"03 -9882908","宜蘭縣礁溪鄉礁溪路４段１２６號","不分科,家醫科","宜蘭縣礁溪鄉大忠村5鄰礁溪路四段126號","礁溪鄉","大忠村",121.769905,24.820865,NA,"","HM34070002","宜蘭縣政府幸福蘭陽居家醫療照護團隊","","",NA,NA,"<a href='http://www.nhi.gov.tw/query/query3_detail.aspx?HospID=2334050012' target='_blank'>診所詳細資料</a>"
2334060018,"宜蘭縣壯圍鄉衛生所",2,"03 -9385503","宜蘭縣壯圍鄉中央路２段２９０號","不分科","宜蘭縣壯圍鄉吉祥村5鄰中央路二段290號","壯圍鄉","吉祥村",121.786319,24.74675,NA,"","HM34070002","宜蘭縣政府幸福蘭陽居家醫療照護團隊","","",NA,NA,"<a href='http://www.nhi.gov.tw/query/query3_detail.aspx?HospID=2334060018' target='_blank'>診所詳細資料</a>"
2334070014,"宜蘭縣員山鄉衛生所",2,"03 -9221575","宜蘭縣員山鄉復興路２號","不分科","宜蘭縣員山鄉員山村26鄰復興路2號","員山鄉","員山村",121.724365,24.744299,1340102043,"宜蘭","HM34070002","宜蘭縣政府幸福蘭陽居家醫療照護團隊","","",NA,NA,"<a href='http://www.nhi.gov.tw/query/query3_detail.aspx?HospID=2334070014' target='_blank'>診所詳細資料</a>"
2334081026,"宜蘭縣冬山鄉衛生所",2,"03 -9594772","宜蘭縣冬山鄉中正路１６號","不分科","宜蘭縣冬山鄉冬山村11鄰中正路16號","冬山鄉","冬山村",121.791571,24.636123,1340802044,"山水","HM34070002","宜蘭縣政府幸福蘭陽居家醫療照護團隊","","",NA,NA,"<a href='http://www.nhi.gov.tw/query/query3_detail.aspx?HospID=2334081026' target='_blank'>診所詳細資料</a>"
2334090016,"宜蘭縣五結鄉衛生所",2,"03 -9501564","宜蘭縣五結鄉五結村五結路２段３３７號","家醫科,內科","宜蘭縣五結鄉五結村2鄰五結路二段337號","五結鄉","五結村",121.79895,24.6848,NA,"","HM34070002","宜蘭縣政府幸福蘭陽居家醫療照護團隊","","",NA,NA,"<a href='http://www.nhi.gov.tw/query/query3_detail.aspx?HospID=2334090016' target='_blank'>診所詳細資料</a>"
2334100017,"宜蘭縣三星鄉衛生所",2,"03 -9892227","宜蘭縣三星鄉三星路５段７０號","不分科,牙科","宜蘭縣三星鄉義德村1鄰三星路五段70號","三星鄉","義德村",121.651549,24.666119,NA,"","HM34070002","宜蘭縣政府幸福蘭陽居家醫療照護團隊","","",NA,NA,"<a href='http://www.nhi.gov.tw/query/query3_detail.aspx?HospID=2334100017' target='_blank'>診所詳細資料</a>"
2334110013,"宜蘭縣大同鄉衛生所",2,"03 -9801175","宜蘭縣大同鄉崙埤村朝陽４０號","不分科,牙科","宜蘭縣大同鄉崙埤村4鄰朝陽40號","大同鄉","崙埤村",121.608845,24.677855,NA,"","HM34110001","宜蘭縣大同鄉衛生所團隊","HM34070002","宜蘭縣政府幸福蘭陽居家醫療照護團隊",NA,NA,"<a href='http://www.nhi.gov.tw/query/query3_detail.aspx?HospID=2334110013' target='_blank'>診所詳細資料</a>"
2334120019,"宜蘭縣南澳鄉衛生所",2,"03 -9981019","宜蘭縣南澳鄉蘇花路２段３７５號","不分科,牙科","宜蘭縣南澳鄉南澳村2鄰蘇花路二段375號","南澳鄉","南澳村",121.803525,24.46583,NA,"","HM34120001","宜蘭縣南澳鄉衛生所團隊","HM34070002","宜蘭縣政府幸福蘭陽居家醫療照護團隊",NA,NA,"<a href='http://www.nhi.gov.tw/query/query3_detail.aspx?HospID=2334120019' target='_blank'>診所詳細資料</a>"
3734010017,"大統牙醫診所",4,"03 -9333195","宜蘭縣宜蘭市神農路１段２０２號","牙科","宜蘭縣宜蘭市復興里13鄰神農路一段202號","宜蘭市","復興里",121.750272,24.748913,NA,"","","","","",NA,NA,"<a href='http://www.nhi.gov.tw/query/query3_detail.aspx?HospID=3734010017' target='_blank'>診所詳細資料</a>"
3734010026,"弘恩牙醫診所",4,"03 -9322224","宜蘭縣宜蘭市中山路３段１８３號","牙科","宜蘭縣宜蘭市中山里4鄰中山路三段183號","宜蘭市","中山里",121.753084,24.760146,NA,"","","","","",NA,NA,"<a href='http://www.nhi.gov.tw/query/query3_detail.aspx?HospID=3734010026' target='_blank'>診所詳細資料</a>"
3734010071,"統一牙醫診所",4,"03 -9331366","宜蘭縣宜蘭市中山路３段４１號","牙科","宜蘭縣宜蘭市南門里2鄰中山路三段41號","宜蘭市","南門里",121.75223,24.756297,NA,"","","","","",NA,NA,"<a href='http://www.nhi.gov.tw/query/query3_detail.aspx?HospID=3734010071' target='_blank'>診所詳細資料</a>"
3734010099,"佳良牙醫診所",4,"03 -9330999","宜蘭縣宜蘭市中山路１８０號","牙科","宜蘭縣宜蘭市東門里12鄰中山路三段180號","宜蘭市","東門里",121.753231,24.759796,NA,"","","","","",NA,NA,"<a href='http://www.nhi.gov.tw/query/query3_detail.aspx?HospID=3734010099' target='_blank'>診所詳細資料</a>"
3734010106,"宏宇牙醫診所",4,"03 -9364273","宜蘭縣宜蘭市民權里中華路３７號","牙科","宜蘭縣宜蘭市民權里4鄰中華路37號","宜蘭市","民權里",121.753792,24.746778,NA,"","","","","",NA,NA,"<a href='http://www.nhi.gov.tw/query/query3_detail.aspx?HospID=3734010106' target='_blank'>診所詳細資料</a>"
3734010115,"全友牙醫診所",4,"03 -9330238","宜蘭縣宜蘭市新興路６２號","牙科","宜蘭縣宜蘭市小東里5鄰新興路62號","宜蘭市","小東里",121.758176,24.759792,NA,"","","","","",NA,NA,"<a href='http://www.nhi.gov.tw/query/query3_detail.aspx?HospID=3734010115' target='_blank'>診所詳細資料</a>"
3734010124,"仁人牙醫診所",4,"03 -9333858","宜蘭縣宜蘭市康樂路９６號","牙科","宜蘭縣宜蘭市新民里15鄰康樂路96號","宜蘭市","新民里",121.754511,24.75622,NA,"","","","","",NA,NA,"<a href='http://www.nhi.gov.tw/query/query3_detail.aspx?HospID=3734010124' target='_blank'>診所詳細資料</a>"
3734010133,"和睦牙醫診所",4,"03 -9330789","宜蘭縣宜蘭市農權路２１１號１樓","牙科","宜蘭縣宜蘭市復興里10鄰農權路211號","宜蘭市","復興里",121.750677,24.746561,NA,"","","","","",NA,NA,"<a href='http://www.nhi.gov.tw/query/query3_detail.aspx?HospID=3734010133' target='_blank'>診所詳細資料</a>"
3734010142,"平安牙醫診所",4,"03 -9351517","宜蘭縣宜蘭市泰山路１５號","牙科","宜蘭縣宜蘭市民族里15鄰泰山路15號","宜蘭市","民族里",121.747839,24.754408,NA,"","","","","",NA,NA,"<a href='http://www.nhi.gov.tw/query/query3_detail.aspx?HospID=3734010142' target='_blank'>診所詳細資料</a>"
3734010151,"陳志超牙醫診所",4,"03 -9354575","宜蘭縣宜蘭市健康路３段３６號","牙科","宜蘭縣宜蘭市民族里2鄰健康路三段36號","宜蘭市","民族里",121.750003,24.751546,NA,"","","","","",NA,NA,"<a href='http://www.nhi.gov.tw/query/query3_detail.aspx?HospID=3734010151' target='_blank'>診所詳細資料</a>"
3734010160,"陳宜誠牙醫診所",4,"03 -9353800","宜蘭縣宜蘭市民權新路２－１８號","牙科","宜蘭縣宜蘭市民權里10鄰民權新路2之18號","宜蘭市","民權里",121.752629,24.751003,NA,"","","","","",NA,NA,"<a href='http://www.nhi.gov.tw/query/query3_detail.aspx?HospID=3734010160' target='_blank'>診所詳細資料</a>"
3734010188,"清華牙醫診所",4,"03 -9357022","宜蘭縣宜蘭市農權路２段１５號","牙科","宜蘭縣宜蘭市思源里1鄰農權路二段15號","宜蘭市","思源里",121.744783,24.748025,NA,"","","","","",NA,NA,"<a href='http://www.nhi.gov.tw/query/query3_detail.aspx?HospID=3734010188' target='_blank'>診所詳細資料</a>"
3734010213,"通安全牙醫診所",4,"03 -9323559","宜蘭縣宜蘭市復興路３段６８號","牙科","宜蘭縣宜蘭市建軍里7鄰復興路三段68號","宜蘭市","建軍里",121.739783,24.751336,NA,"","","","","",NA,NA,"<a href='http://www.nhi.gov.tw/query/query3_detail.aspx?HospID=3734010213' target='_blank'>診所詳細資料</a>"
3734010240,"張登富牙醫診所",4,"03 -9355435","宜蘭縣宜蘭市復興里健康路２段３６號","牙科","宜蘭縣宜蘭市復興里4鄰健康路二段36號","宜蘭市","復興里",121.751832,24.746724,NA,"","","","","",NA,NA,"<a href='http://www.nhi.gov.tw/query/query3_detail.aspx?HospID=3734010240' target='_blank'>診所詳細資料</a>"
3734010259,"宏林牙醫診所",4,"03 -9364391","宜蘭縣宜蘭市新民里新民路１６３號１樓","牙科","宜蘭縣宜蘭市新民里12鄰新民路163號","宜蘭市","新民里",121.753259,24.757613,NA,"","","","","",NA,NA,"<a href='http://www.nhi.gov.tw/query/query3_detail.aspx?HospID=3734010259' target='_blank'>診所詳細資料</a>"
3734010268,"中山牙醫診所",4,"03 -9363373","宜蘭縣宜蘭市神農里和睦路２３－２號","牙科","宜蘭縣宜蘭市神農里16鄰和睦路23之2號","宜蘭市","神農里",121.75638,24.754619,NA,"","","","","",NA,NA,"<a href='http://www.nhi.gov.tw/query/query3_detail.aspx?HospID=3734010268' target='_blank'>診所詳細資料</a>"
3734010286,"賢仁牙醫診所",4,"03 -9368733","宜蘭縣宜蘭市神農路２段２２號","牙科","宜蘭縣宜蘭市民權里9鄰神農路二段22號","宜蘭市","民權里",121.750753,24.750286,NA,"","","","","",NA,NA,"<a href='http://www.nhi.gov.tw/query/query3_detail.aspx?HospID=3734010286' target='_blank'>診所詳細資料</a>"
3734010295,"李玉珍牙醫診所",4,"03 -9315313","宜蘭縣宜蘭市中山路２９號２樓之１","牙科","宜蘭縣宜蘭市南門里2鄰中山路三段29號","宜蘭市","南門里",121.752144,24.756036,NA,"","","","","",NA,NA,"<a href='http://www.nhi.gov.tw/query/query3_detail.aspx?HospID=3734010295' target='_blank'>診所詳細資料</a>"
3734011336,"為楷牙醫診所",4,"03 -9324498","宜蘭縣宜蘭市崇聖街３５－１號","牙科","宜蘭縣宜蘭市新民里10鄰崇聖街35之1號","宜蘭市","新民里",121.754711,24.755816,NA,"","","","","",NA,NA,"<a href='http://www.nhi.gov.tw/query/query3_detail.aspx?HospID=3734011336' target='_blank'>診所詳細資料</a>"
3734011345,"智勝科技牙醫診所",4,"03 -9358811","宜蘭縣宜蘭市女中路３段２６－２號１樓","牙科","宜蘭縣宜蘭市思源里8鄰女中路三段26之2號","宜蘭市","思源里",121.741971,24.74578,NA,"","","","","",NA,NA,"<a href='http://www.nhi.gov.tw/query/query3_detail.aspx?HospID=3734011345' target='_blank'>診所詳細資料</a>"
3734011354,"大安麗緻牙醫診所",4,"03 -9312200","宜蘭縣宜蘭市宜中路１６５號","牙科","宜蘭縣宜蘭市建軍里1鄰宜中路165號","宜蘭市","建軍里",121.743652,24.74962,NA,"","","","","",NA,NA,"<a href='http://www.nhi.gov.tw/query/query3_detail.aspx?HospID=3734011354' target='_blank'>診所詳細資料</a>"
3734011363,"饒正美牙醫診所",4,"03 -9325836","宜蘭縣宜蘭市中山路２段３８２號","牙科","宜蘭縣宜蘭市神農里15鄰中山路二段382號","宜蘭市","神農里",121.753531,24.751051,NA,"","","","","",NA,NA,"<a href='http://www.nhi.gov.tw/query/query3_detail.aspx?HospID=3734011363' target='_blank'>診所詳細資料</a>"
3734011381,"超群牙醫診所",4,"03 -9369625","宜蘭縣宜蘭市女中路３段３００號","牙科","宜蘭縣宜蘭市七結里8鄰女中路三段300號","宜蘭市","七結里",121.735429,24.747618,NA,"","","","","",NA,NA,"<a href='http://www.nhi.gov.tw/query/query3_detail.aspx?HospID=3734011381' target='_blank'>診所詳細資料</a>"
3734011390,"一德牙醫診所",4,"03 -9381100","宜蘭縣宜蘭市黎明３路１段４２號","牙科","宜蘭縣宜蘭市延平里10鄰黎明三路一段42號","宜蘭市","延平里",121.768148,24.752248,NA,"","","","","",NA,NA,"<a href='http://www.nhi.gov.tw/query/query3_detail.aspx?HospID=3734011390' target='_blank'>診所詳細資料</a>"
3734011407,"自強牙醫診所",4,"03 -9357357","宜蘭縣宜蘭市自強路１１６－５號","牙科","宜蘭縣宜蘭市擺厘里6鄰自強路116之5號","宜蘭市","擺厘里",121.749413,24.742992,NA,"","","","","",NA,NA,"<a href='http://www.nhi.gov.tw/query/query3_detail.aspx?HospID=3734011407' target='_blank'>診所詳細資料</a>"
3734011416,"銘世成牙醫診所",4,"03 -9360390","宜蘭縣宜蘭市長春路１４１號","牙科","宜蘭縣宜蘭市民族里1鄰長春路141號","宜蘭市","民族里",121.749495,24.750802,NA,"","","","","",NA,NA,"<a href='http://www.nhi.gov.tw/query/query3_detail.aspx?HospID=3734011416' target='_blank'>診所詳細資料</a>"
3734011425,"康全牙醫診所",4,"03 -9353623","宜蘭縣宜蘭市神農路１段１２５號１樓","牙科","宜蘭縣宜蘭市文化里2鄰神農路一段125號","宜蘭市","文化里",121.750433,24.749947,NA,"","","","","",NA,NA,"<a href='http://www.nhi.gov.tw/query/query3_detail.aspx?HospID=3734011425' target='_blank'>診所詳細資料</a>"
3734011434,"佳康牙醫診所",4,"03 -9351357","宜蘭縣宜蘭市民族路３１２號","牙科","宜蘭縣宜蘭市文化里15鄰民族路312號","宜蘭市","文化里",121.746281,24.751412,NA,"","","","","",NA,NA,"<a href='http://www.nhi.gov.tw/query/query3_detail.aspx?HospID=3734011434' target='_blank'>診所詳細資料</a>"
3734011443,"１００１楊牙醫診所",4,"03 -9381001","宜蘭縣宜蘭市延平路３８之３４號","牙科","宜蘭縣宜蘭市成功里8鄰延平路38之34號","宜蘭市","成功里",121.765764,24.755622,NA,"","","","","",NA,NA,"<a href='http://www.nhi.gov.tw/query/query3_detail.aspx?HospID=3734011443' target='_blank'>診所詳細資料</a>"
3734011452,"幸福牙醫診所",4,"03 -9256266","宜蘭縣宜蘭市公園路５１９號１、２樓","牙科","宜蘭縣宜蘭市建業里2鄰公園路519號","宜蘭市","建業里",121.756395,24.741715,NA,"","","","","",NA,NA,"<a href='http://www.nhi.gov.tw/query/query3_detail.aspx?HospID=3734011452' target='_blank'>診所詳細資料</a>"
3734011470,"達文西牙醫診所",4,"03 -9332627","宜蘭縣宜蘭市女中路２段４３１號","牙科","宜蘭縣宜蘭市擺厘里11鄰女中路二段431號","宜蘭市","擺厘里",121.750874,24.744712,NA,"","","","","",NA,NA,"<a href='http://www.nhi.gov.tw/query/query3_detail.aspx?HospID=3734011470' target='_blank'>診所詳細資料</a>"
3734011489,"陳信甫牙醫診所",4,"03 -9256378","宜蘭縣宜蘭市縣政一街７號１樓","牙科","宜蘭縣宜蘭市南津里11鄰縣政一街7號","宜蘭市","南津里",121.765038,24.728443,NA,"","","","","",NA,NA,"<a href='http://www.nhi.gov.tw/query/query3_detail.aspx?HospID=3734011489' target='_blank'>診所詳細資料</a>"
3734011498,"怡安牙醫診所",4,"03 -9388598","宜蘭縣宜蘭市慈安路３５－１５、３５－１７號１－２樓","牙科","宜蘭縣宜蘭市慈安里7鄰慈安路35之15號","宜蘭市","慈安里",121.76148,24.759486,NA,"","","","","",NA,NA,"<a href='http://www.nhi.gov.tw/query/query3_detail.aspx?HospID=3734011498' target='_blank'>診所詳細資料</a>"
3734020013,"藍牙醫診所",4,"03 -9540784","宜蘭縣羅東鎮民生路１０７號","牙科","宜蘭縣羅東鎮賢文里32鄰民生路107號","羅東鎮","賢文里",121.766053,24.677805,NA,"","","","","",NA,NA,"<a href='http://www.nhi.gov.tw/query/query3_detail.aspx?HospID=3734020013' target='_blank'>診所詳細資料</a>"
3734020040,"延林牙醫診所",4,"03 -9561999","宜蘭縣羅東鎮公正路１０３號","牙科","宜蘭縣羅東鎮集祥里9鄰公正路103號","羅東鎮","集祥里",121.770834,24.678225,NA,"","","","","",NA,NA,"<a href='http://www.nhi.gov.tw/query/query3_detail.aspx?HospID=3734020040' target='_blank'>診所詳細資料</a>"
3734020068,"東安牙醫診所",4,"03 -9564233","宜蘭縣羅東鎮民權路５６巷７號","牙科","宜蘭縣羅東鎮中山里2鄰民權路56巷7號","羅東鎮","中山里",121.770033,24.675781,NA,"","","","","",NA,NA,"<a href='http://www.nhi.gov.tw/query/query3_detail.aspx?HospID=3734020068' target='_blank'>診所詳細資料</a>"
3734020077,"中興牙醫診所",4,"03 -9550245","宜蘭縣羅東鎮中正路２１２號","牙科","宜蘭縣羅東鎮大新里5鄰中正路212號","羅東鎮","大新里",121.772082,24.677798,NA,"","","","","",NA,NA,"<a href='http://www.nhi.gov.tw/query/query3_detail.aspx?HospID=3734020077' target='_blank'>診所詳細資料</a>"
3734020120,"光仁牙醫診所",4,"03 -9545079","宜蘭縣羅東鎮中山路３段３４８號","牙科","宜蘭縣羅東鎮中山里24鄰中山路三段348號","羅東鎮","中山里",121.766985,24.675175,NA,"","","","","",NA,NA,"<a href='http://www.nhi.gov.tw/query/query3_detail.aspx?HospID=3734020120' target='_blank'>診所詳細資料</a>"
3734020139,"文雅牙醫診所",4,"03 -9575697","宜蘭縣羅東鎮中正街１號","牙科","宜蘭縣羅東鎮仁和里12鄰中正街1號","羅東鎮","仁和里",121.769786,24.672944,NA,"","","","","",NA,NA,"<a href='http://www.nhi.gov.tw/query/query3_detail.aspx?HospID=3734020139' target='_blank'>診所詳細資料</a>"
3734020166,"昭全牙醫診所",4,"03 -9567125","宜蘭縣羅東鎮居仁里南門路５６號","牙科","宜蘭縣羅東鎮仁和里21鄰南門路56號","羅東鎮","仁和里",121.76844,24.673014,NA,"","","","","",NA,NA,"<a href='http://www.nhi.gov.tw/query/query3_detail.aspx?HospID=3734020166' target='_blank'>診所詳細資料</a>"
3734020175,"瑞祥牙醫診所",4,"03 -9552797","宜蘭縣羅東鎮興東南路１４８號","牙科","宜蘭縣羅東鎮成功里7鄰興東南路148號","羅東鎮","成功里",121.767794,24.671899,NA,"","","","","",NA,NA,"<a href='http://www.nhi.gov.tw/query/query3_detail.aspx?HospID=3734020175' target='_blank'>診所詳細資料</a>"
3734020200,"啟誠牙醫診所",4,"03 -9562336","宜蘭縣羅東鎮中山路３段４４０號","牙科","宜蘭縣羅東鎮漢民里7鄰中山路三段440號","羅東鎮","漢民里",121.765331,24.674747,NA,"","","","","",NA,NA,"<a href='http://www.nhi.gov.tw/query/query3_detail.aspx?HospID=3734020200' target='_blank'>診所詳細資料</a>"
3734020237,"順泰牙醫診所",4,"03 -9573332","宜蘭縣羅東鎮民生路１０６號","牙科","宜蘭縣羅東鎮賢文里5鄰民生路106號","羅東鎮","賢文里",121.767456,24.67761,NA,"","","","","",NA,NA,"<a href='http://www.nhi.gov.tw/query/query3_detail.aspx?HospID=3734020237' target='_blank'>診所詳細資料</a>"
3734020273,"佳恩牙醫診所",4,"03 -9567323","宜蘭縣羅東鎮興東南路１５７號","牙科","宜蘭縣羅東鎮成功里3鄰興東南路157號","羅東鎮","成功里",121.768097,24.670998,NA,"","","","","",NA,NA,"<a href='http://www.nhi.gov.tw/query/query3_detail.aspx?HospID=3734020273' target='_blank'>診所詳細資料</a>"
3734020282,"仲輝牙醫診所",4,"03 -9573503","宜蘭縣羅東鎮天津路５７號","牙科","宜蘭縣羅東鎮信義里20鄰天津路57號","羅東鎮","信義里",121.770282,24.681073,NA,"","","","","",NA,NA,"<a href='http://www.nhi.gov.tw/query/query3_detail.aspx?HospID=3734020282' target='_blank'>診所詳細資料</a>"
3734020291,"陳清輝牙醫診所",4,"03 -9564906","宜蘭縣羅東鎮南豪里中正南路６７－２號","牙科","宜蘭縣羅東鎮南豪里12鄰中正南路67之2號","羅東鎮","南豪里",121.771188,24.670085,NA,"","","","","",NA,NA,"<a href='http://www.nhi.gov.tw/query/query3_detail.aspx?HospID=3734020291' target='_blank'>診所詳細資料</a>"
3734020308,"梁博文牙醫診所",4,"03 -9556280","宜蘭縣羅東鎮公正路１５４號４樓","牙科","宜蘭縣羅東鎮公正里4鄰公正路154號","羅東鎮","公正里",121.769337,24.678853,NA,"","","","","",NA,NA,"<a href='http://www.nhi.gov.tw/query/query3_detail.aspx?HospID=3734020308' target='_blank'>診所詳細資料</a>"
3734020317,"陳鴻政牙醫診所",4,"03 -9556550","宜蘭縣羅東鎮興東路２３７號","牙科","宜蘭縣羅東鎮信義里24鄰興東路237號","羅東鎮","信義里",121.769934,24.682904,NA,"","","","","",NA,NA,"<a href='http://www.nhi.gov.tw/query/query3_detail.aspx?HospID=3734020317' target='_blank'>診所詳細資料</a>"
3734020335,"徐牙醫診所",4,"03 -9577823","宜蘭縣羅東鎮中山路２段４３３號","牙科","宜蘭縣羅東鎮東安里9鄰中山路二段433號","羅東鎮","東安里",121.775283,24.675106,NA,"","","","","",NA,NA,"<a href='http://www.nhi.gov.tw/query/query3_detail.aspx?HospID=3734020335' target='_blank'>診所詳細資料</a>"
3734020344,"左巴牙醫診所",4,"03 -9510678","宜蘭縣羅東鎮中山路４段２號２－１樓","牙科","宜蘭縣羅東鎮漢民里18鄰中山路四段2號","羅東鎮","漢民里",121.763369,24.674318,NA,"","","","","",NA,NA,"<a href='http://www.nhi.gov.tw/query/query3_detail.aspx?HospID=3734020344' target='_blank'>診所詳細資料</a>"
3734020353,"許/明哲牙醫診所",4,"03 -9565869","宜蘭縣羅東鎮興東路１５６號","牙科","宜蘭縣羅東鎮公正里6鄰興東路156號","羅東鎮","公正里",121.769415,24.680598,NA,"","","","","",NA,NA,"<a href='http://www.nhi.gov.tw/query/query3_detail.aspx?HospID=3734020353' target='_blank'>診所詳細資料</a>"
3734020362,"健菖牙醫診所",4,"03 -9553578","宜蘭縣羅東鎮中正南路１２３－１號","牙科","宜蘭縣羅東鎮南豪里12鄰中正南路123之1號","羅東鎮","南豪里",121.770896,24.670671,NA,"","","","","",NA,NA,"<a href='http://www.nhi.gov.tw/query/query3_detail.aspx?HospID=3734020362' target='_blank'>診所詳細資料</a>"
3734021378,"周仁紅牙醫診所",4,"03 -9530966","宜蘭縣羅東鎮興東路２５７號","牙科","宜蘭縣羅東鎮信義里26鄰興東路257號","羅東鎮","信義里",121.770143,24.683542,NA,"","","","","",NA,NA,"<a href='http://www.nhi.gov.tw/query/query3_detail.aspx?HospID=3734021378' target='_blank'>診所詳細資料</a>"
3734021387,"多耐牙醫診所",4,"03 -9510012","宜蘭縣羅東鎮公正路４１５號","牙科","宜蘭縣羅東鎮國華里29鄰公正路415號","羅東鎮","國華里",121.759771,24.680405,NA,"","","","","",NA,NA,"<a href='http://www.nhi.gov.tw/query/query3_detail.aspx?HospID=3734021387' target='_blank'>診所詳細資料</a>"
3734021396,"林慧玲牙醫診所",4,"03 -9556287","宜蘭縣羅東鎮中華路６８號","牙科","宜蘭縣羅東鎮賢文里2鄰中華路68號","羅東鎮","賢文里",121.767174,24.678524,NA,"","","","","",NA,NA,"<a href='http://www.nhi.gov.tw/query/query3_detail.aspx?HospID=3734021396' target='_blank'>診所詳細資料</a>"
3734021403,"李懷德牙醫診所",4,"03 -9531919","宜蘭縣羅東鎮興東南路２９號","牙科","宜蘭縣羅東鎮南豪里8鄰興東南路29號","羅東鎮","南豪里",121.771144,24.669027,NA,"","","","","",NA,NA,"<a href='http://www.nhi.gov.tw/query/query3_detail.aspx?HospID=3734021403' target='_blank'>診所詳細資料</a>"
3734021412,"陳維德牙醫診所",4,"03 -9553481","宜蘭縣羅東鎮公正路２３７號","牙科","宜蘭縣羅東鎮賢文里34鄰公正路237號","羅東鎮","賢文里",121.765487,24.679613,NA,"","","","","",NA,NA,"<a href='http://www.nhi.gov.tw/query/query3_detail.aspx?HospID=3734021412' target='_blank'>診所詳細資料</a>"
3734021421,"一心牙醫診所",4,"03 -9617887","宜蘭縣羅東鎮維揚路７１號１樓","牙科","宜蘭縣羅東鎮維揚里13鄰維揚路71號","羅東鎮","維揚里",121.761621,24.67201,NA,"","","","","",NA,NA,"<a href='http://www.nhi.gov.tw/query/query3_detail.aspx?HospID=3734021421' target='_blank'>診所詳細資料</a>"
3734021430,"詮佳牙醫診所",4,"03 -9566928","宜蘭縣羅東鎮中山路３段４０９號","牙科","宜蘭縣羅東鎮漢民里16鄰中山路三段409號","羅東鎮","漢民里",121.764035,24.674294,NA,"","","","","",NA,NA,"<a href='http://www.nhi.gov.tw/query/query3_detail.aspx?HospID=3734021430' target='_blank'>診所詳細資料</a>"
3734021449,"王平安牙醫診所",4,"03 -9560299","宜蘭縣羅東鎮公正路２８８號","牙科","宜蘭縣羅東鎮公正里25鄰公正路288號","羅東鎮","公正里",121.764906,24.679974,NA,"","","","","",NA,NA,"<a href='http://www.nhi.gov.tw/query/query3_detail.aspx?HospID=3734021449' target='_blank'>診所詳細資料</a>"
3734021458,"李繼武牙醫診所",4,"03 -9518858","宜蘭縣羅東鎮敬業路５０號","牙科","宜蘭縣羅東鎮漢民里24鄰敬業路50號","羅東鎮","漢民里",121.759456,24.675087,NA,"","","","","",NA,NA,"<a href='http://www.nhi.gov.tw/query/query3_detail.aspx?HospID=3734021458' target='_blank'>診所詳細資料</a>"
3734021467,"冠緯牙醫診所",4,"03 -9553689","宜蘭縣羅東鎮光榮路４９７號１、２樓及４９５號２樓","牙科","宜蘭縣羅東鎮東安里26鄰光榮路497號","羅東鎮","東安里",121.777576,24.681189,NA,"","","","","",NA,NA,"<a href='http://www.nhi.gov.tw/query/query3_detail.aspx?HospID=3734021467' target='_blank'>診所詳細資料</a>"
3734021494,"頂尖牙醫診所",4,"03 -9565395","宜蘭縣羅東鎮興東路１０６號１、２樓","牙科","宜蘭縣羅東鎮公正里6鄰興東路106號","羅東鎮","公正里",121.76921,24.68001,NA,"","","","","",NA,NA,"<a href='http://www.nhi.gov.tw/query/query3_detail.aspx?HospID=3734021494' target='_blank'>診所詳細資料</a>"
3734021501,"植新牙醫診所",4,"03 -9545303","宜蘭縣羅東鎮公正路１１６號１樓","牙科","宜蘭縣羅東鎮公正里2鄰公正路116號","羅東鎮","公正里",121.770408,24.678576,NA,"","","","","",NA,NA,"<a href='http://www.nhi.gov.tw/query/query3_detail.aspx?HospID=3734021501' target='_blank'>診所詳細資料</a>"
3734021510,"禮綸牙醫診所",4,"03 -9519667","宜蘭縣羅東鎮公正路３１３號１樓","牙科","宜蘭縣羅東鎮賢文里27鄰公正路313號","羅東鎮","賢文里",121.76259,24.680126,NA,"","","","","",NA,NA,"<a href='http://www.nhi.gov.tw/query/query3_detail.aspx?HospID=3734021510' target='_blank'>診所詳細資料</a>"
3734021529,"康慧牙醫診所",4,"03 -9574699","宜蘭縣羅東鎮興東南路８５號１、２樓","牙科","宜蘭縣羅東鎮南豪里7鄰興東南路85號","羅東鎮","南豪里",121.769694,24.669906,NA,"","","","","",NA,NA,"<a href='http://www.nhi.gov.tw/query/query3_detail.aspx?HospID=3734021529' target='_blank'>診所詳細資料</a>"
3734021538,"鼎祐牙醫診所",4,"03 -9530889","宜蘭縣羅東鎮興東路２０５號１樓","牙科","宜蘭縣羅東鎮信義里2鄰興東路205號","羅東鎮","信義里",121.769662,24.682086,NA,"","","","","",NA,NA,"<a href='http://www.nhi.gov.tw/query/query3_detail.aspx?HospID=3734021538' target='_blank'>診所詳細資料</a>"
3734021547,"斑比牙醫診所",4,"03 -9559133","宜蘭縣羅東鎮復興路１段３８號１、２樓","牙科","宜蘭縣羅東鎮信義里3鄰復興路一段38號","羅東鎮","信義里",121.773453,24.673843,NA,"","","","","",NA,NA,"<a href='http://www.nhi.gov.tw/query/query3_detail.aspx?HospID=3734021547' target='_blank'>診所詳細資料</a>"
3734021556,"易宏牙醫診所",4,"03 -9572888","宜蘭縣羅東鎮樹林里公正路３１８號１－３樓","牙科","宜蘭縣羅東鎮樹林里14鄰公正路318號","羅東鎮","樹林里",121.763203,24.680477,NA,"","","","","",NA,NA,"<a href='http://www.nhi.gov.tw/query/query3_detail.aspx?HospID=3734021556' target='_blank'>診所詳細資料</a>"
3734030019,"今日牙醫診所",4,"03 -9960523","宜蘭縣蘇澳鎮中山路９２號","牙科","宜蘭縣蘇澳鎮蘇北里10鄰中山路一段92號","蘇澳鎮","蘇北里",121.850772,24.59615,NA,"","","","","",NA,NA,"<a href='http://www.nhi.gov.tw/query/query3_detail.aspx?HospID=3734030019' target='_blank'>診所詳細資料</a>"
3734030028,"永安牙醫診所",4,"03 -9967743","宜蘭縣蘇澳鎮南興路３０號","牙科","宜蘭縣蘇澳鎮南興里5鄰南興路30號","蘇澳鎮","南興里",121.866959,24.580595,NA,"","","","","",NA,NA,"<a href='http://www.nhi.gov.tw/query/query3_detail.aspx?HospID=3734030028' target='_blank'>診所詳細資料</a>"
3734030064,"陽明牙醫診所",4,"03 -9951315","宜蘭縣蘇澳鎮光復路８號","牙科","宜蘭縣蘇澳鎮蘇南里11鄰光復路8號","蘇澳鎮","蘇南里",121.852919,24.596639,NA,"","","","","",NA,NA,"<a href='http://www.nhi.gov.tw/query/query3_detail.aspx?HospID=3734030064' target='_blank'>診所詳細資料</a>"
3734031070,"黃牙醫診所",4,"03 -9955985","宜蘭縣蘇澳鎮中山路１段１３７號","牙科","宜蘭縣蘇澳鎮蘇西里16鄰中山路一段137號","蘇澳鎮","蘇西里",121.848142,24.59579,NA,"","","","","",NA,NA,"<a href='http://www.nhi.gov.tw/query/query3_detail.aspx?HospID=3734031070' target='_blank'>診所詳細資料</a>"
3734031098,"新馬牙醫診所",4,"03 -9901181","宜蘭縣蘇澳鎮新馬路９號","牙科","宜蘭縣蘇澳鎮隘丁里9鄰新馬路9號","蘇澳鎮","隘丁里",121.833896,24.618015,NA,"","","","","",NA,NA,"<a href='http://www.nhi.gov.tw/query/query3_detail.aspx?HospID=3734031098' target='_blank'>診所詳細資料</a>"
3734040015,"李牙醫診所",4,"03 -9771950","宜蘭縣頭城鎮頭濱路３段３２７號","牙科","宜蘭縣頭城鎮新建里4鄰頭濱路三段327號","頭城鎮","新建里",121.822883,24.854035,NA,"","","","","",NA,NA,"<a href='http://www.nhi.gov.tw/query/query3_detail.aspx?HospID=3734040015' target='_blank'>診所詳細資料</a>"
3734040033,"順源牙醫診所",4,"03 -9771387","宜蘭縣頭城鎮青雲路２段３５２號１－３樓、３５０號１－２樓","牙科","宜蘭縣頭城鎮頂埔里8鄰青雲路二段352號","頭城鎮","頂埔里",121.808136,24.845486,NA,"","","","","",NA,NA,"<a href='http://www.nhi.gov.tw/query/query3_detail.aspx?HospID=3734040033' target='_blank'>診所詳細資料</a>"
3734040042,"喜美牙醫診所",4,"03 -9777005","宜蘭縣頭城鎮城西里開蘭路８５－４號","牙科","宜蘭縣頭城鎮城西里3鄰開蘭路85之4號","頭城鎮","城西里",121.822878,24.856819,NA,"","","","","",NA,NA,"<a href='http://www.nhi.gov.tw/query/query3_detail.aspx?HospID=3734040042' target='_blank'>診所詳細資料</a>"
3734040060,"建樺牙醫診所",4,"03 -9780016","宜蘭縣頭城鎮青雲路３段１７２號","牙科","宜蘭縣頭城鎮城東里13鄰青雲路三段172號","頭城鎮","城東里",121.825255,24.857263,NA,"","","","","",NA,NA,"<a href='http://www.nhi.gov.tw/query/query3_detail.aspx?HospID=3734040060' target='_blank'>診所詳細資料</a>"
3734050011,"育生牙醫診所",4,"03 -9882265","宜蘭縣礁溪鄉中山路１段２１６號","牙科","宜蘭縣礁溪鄉六結村2鄰中山路一段216號","礁溪鄉","六結村",121.770822,24.820283,NA,"","","","","",NA,NA,"<a href='http://www.nhi.gov.tw/query/query3_detail.aspx?HospID=3734050011' target='_blank'>診所詳細資料</a>"
3734050039,"張牙醫診所",4,"03 -9888451","宜蘭縣礁溪鄉礁溪路４段１８１號","牙科","宜蘭縣礁溪鄉大忠村8鄰礁溪路四段181號","礁溪鄉","大忠村",121.770137,24.823072,NA,"","","","","",NA,NA,"<a href='http://www.nhi.gov.tw/query/query3_detail.aspx?HospID=3734050039' target='_blank'>診所詳細資料</a>"
3734050057,"美佳牙醫診所",4,"03 -9283959","宜蘭縣礁溪鄉礁溪路１段２４６號","牙科","宜蘭縣礁溪鄉吳沙村9鄰礁溪路一段246號","礁溪鄉","吳沙村",121.761943,24.788439,NA,"","","","","",NA,NA,"<a href='http://www.nhi.gov.tw/query/query3_detail.aspx?HospID=3734050057' target='_blank'>診所詳細資料</a>"
3734050066,"協安牙醫診所",4,"03 -9889692","宜蘭縣礁溪鄉礁溪路４段１５９號","牙科","宜蘭縣礁溪鄉大忠村8鄰礁溪路四段159號","礁溪鄉","大忠村",121.769948,24.822646,NA,"","","","","",NA,NA,"<a href='http://www.nhi.gov.tw/query/query3_detail.aspx?HospID=3734050066' target='_blank'>診所詳細資料</a>"
3734050075,"嘉心牙醫診所",4,"03 -9888108","宜蘭縣礁溪鄉礁溪路４段６９號","牙科","宜蘭縣礁溪鄉大忠村7鄰礁溪路四段69號","礁溪鄉","大忠村",121.768754,24.819303,NA,"","","","","",NA,NA,"<a href='http://www.nhi.gov.tw/query/query3_detail.aspx?HospID=3734050075' target='_blank'>診所詳細資料</a>"
3734060017,"和平牙醫診所",4,"03 -9381114","宜蘭縣壯圍鄉壯五路２６５號","牙科","宜蘭縣壯圍鄉吉祥村14鄰壯五路265號","壯圍鄉","吉祥村",121.78563,24.746322,NA,"","","","","",NA,NA,"<a href='http://www.nhi.gov.tw/query/query3_detail.aspx?HospID=3734060017' target='_blank'>診所詳細資料</a>"
3734061023,"慈安牙醫診所",4,"03 -9382009","宜蘭縣壯圍鄉壯五路２６４號","牙科","宜蘭縣壯圍鄉吉祥村16鄰壯五路264號","壯圍鄉","吉祥村",121.785336,24.746642,NA,"","","","","",NA,NA,"<a href='http://www.nhi.gov.tw/query/query3_detail.aspx?HospID=3734061023' target='_blank'>診所詳細資料</a>"
3734070513,"心德牙醫診所",4,"03 -9232766","宜蘭縣員山鄉坡城路５３巷５號","牙科","宜蘭縣員山鄉枕山村20鄰坡城路53巷5號","員山鄉","枕山村",121.699454,24.779917,NA,"","","","","",NA,NA,"<a href='http://www.nhi.gov.tw/query/query3_detail.aspx?HospID=3734070513' target='_blank'>診所詳細資料</a>"
3734070522,"泉盈牙醫診所",4,"03 -9220776","宜蘭縣員山鄉員山路１段１６０號","牙科","宜蘭縣員山鄉員山村36鄰員山路一段160號","員山鄉","員山村",121.727824,24.746231,NA,"","","","","",NA,NA,"<a href='http://www.nhi.gov.tw/query/query3_detail.aspx?HospID=3734070522' target='_blank'>診所詳細資料</a>"
3734080019,"林尚宏牙醫診所",4,"03 -9592072","宜蘭縣冬山鄉冬山路２５５號","牙科","宜蘭縣冬山鄉冬山村3鄰冬山路255號","冬山鄉","冬山村",121.790023,24.634727,NA,"","","","","",NA,NA,"<a href='http://www.nhi.gov.tw/query/query3_detail.aspx?HospID=3734080019' target='_blank'>診所詳細資料</a>"
3734080028,"大千牙醫診所",4,"03 -9680125","宜蘭縣冬山鄉義成路３段４３８號","牙科","宜蘭縣冬山鄉群英村41鄰義成路三段438號","冬山鄉","群英村",121.767804,24.666138,NA,"","","","","",NA,NA,"<a href='http://www.nhi.gov.tw/query/query3_detail.aspx?HospID=3734080028' target='_blank'>診所詳細資料</a>"
3734080037,"我家牙醫診所",4,"03 -9592895","宜蘭縣冬山鄉照安路３３巷１８號１樓","牙科","宜蘭縣冬山鄉南興村14鄰照安路33巷18號","冬山鄉","南興村",121.793913,24.63149,NA,"","","","","",NA,NA,"<a href='http://www.nhi.gov.tw/query/query3_detail.aspx?HospID=3734080037' target='_blank'>診所詳細資料</a>"
3734080046,"奧麗薇牙醫診所",4,"03 -9596511","宜蘭縣冬山鄉香和路１３８巷１號、１４０號","牙科","宜蘭縣冬山鄉香和村3鄰香和路138巷1號","冬山鄉","香和村",121.798206,24.62769,NA,"","","","","",NA,NA,"<a href='http://www.nhi.gov.tw/query/query3_detail.aspx?HospID=3734080046' target='_blank'>診所詳細資料</a>"
3734090015,"利生牙醫診所",4,"03 -9502104","宜蘭縣五結鄉利澤路６８號","牙科","宜蘭縣五結鄉利澤村13鄰利澤路68號","五結鄉","利澤村",121.822751,24.667648,NA,"","","","","",NA,NA,"<a href='http://www.nhi.gov.tw/query/query3_detail.aspx?HospID=3734090015' target='_blank'>診所詳細資料</a>"
3734090024,"林文通牙醫診所",4,"03 -9509333","宜蘭縣五結鄉協和村五結路２段３１７巷６號","牙科","宜蘭縣五結鄉協和村7鄰五結路二段317巷6號","五結鄉","協和村",121.799667,24.685232,NA,"","","","","",NA,NA,"<a href='http://www.nhi.gov.tw/query/query3_detail.aspx?HospID=3734090024' target='_blank'>診所詳細資料</a>"
3734100025,"田園牙醫診所",4,"03 -9894040","宜蘭縣三星鄉義德村義興路８９號","牙科","宜蘭縣三星鄉義德村8鄰義興路88號","三星鄉","義德村",121.649727,24.667485,NA,"","","","","",NA,NA,"<a href='http://www.nhi.gov.tw/query/query3_detail.aspx?HospID=3734100025' target='_blank'>診所詳細資料</a>"
3834010082,"六安堂中醫診所",3,"03 -9334565","宜蘭縣宜蘭市神農里光復路２３號","中醫科","宜蘭縣宜蘭市神農里16鄰光復路23號","宜蘭市","神農里",121.756424,24.754833,NA,"","","","","",NA,NA,"<a href='http://www.nhi.gov.tw/query/query3_detail.aspx?HospID=3834010082' target='_blank'>診所詳細資料</a>"
3834010091,"慶安中醫診所",3,"03 -9357877","宜蘭縣宜蘭市新興里和睦路７０號","中醫科","宜蘭縣宜蘭市大新里2鄰和睦路70號","宜蘭市","大新里",121.757632,24.757353,NA,"","","","","",NA,NA,"<a href='http://www.nhi.gov.tw/query/query3_detail.aspx?HospID=3834010091' target='_blank'>診所詳細資料</a>"
3834010108,"仁德堂中醫診所",3,"03 -9333020","宜蘭縣宜蘭市神農路１段３９號","中醫科","宜蘭縣宜蘭市文化里1鄰神農路一段39號","宜蘭市","文化里",121.749614,24.747733,NA,"","","","","",NA,NA,"<a href='http://www.nhi.gov.tw/query/query3_detail.aspx?HospID=3834010108' target='_blank'>診所詳細資料</a>"
3834010117,"林鴻飛中醫診所",3,"03 -9387899","宜蘭縣宜蘭市延平里延平路３８－４５號","中醫科","宜蘭縣宜蘭市延平里9鄰延平路40之61號","宜蘭市","延平里",121.768118,24.755727,NA,"","","","","",NA,NA,"<a href='http://www.nhi.gov.tw/query/query3_detail.aspx?HospID=3834010117' target='_blank'>診所詳細資料</a>"
3834010153,"德安中醫診所",3,"03 -9330220","宜蘭縣宜蘭市復興路４９號","中醫科","宜蘭縣宜蘭市神農里12鄰復興路49號","宜蘭市","神農里",121.754493,24.749744,NA,"","","","","",NA,NA,"<a href='http://www.nhi.gov.tw/query/query3_detail.aspx?HospID=3834010153' target='_blank'>診所詳細資料</a>"
3834011178,"六順中醫診所",3,"03 -9366696","宜蘭縣宜蘭市宜興路１段５５號","中醫科","宜蘭縣宜蘭市神農里12鄰宜興路一段55號","宜蘭市","神農里",121.755365,24.749544,NA,"","","","","",NA,NA,"<a href='http://www.nhi.gov.tw/query/query3_detail.aspx?HospID=3834011178' target='_blank'>診所詳細資料</a>"
3834011196,"仁濟中醫聯合診所",3,"03 -9323249","宜蘭縣宜蘭市文昌路１４７－１號","中醫科","宜蘭縣宜蘭市南門里11鄰文昌路147之1號","宜蘭市","南門里",121.748714,24.758198,NA,"","","","","",NA,NA,"<a href='http://www.nhi.gov.tw/query/query3_detail.aspx?HospID=3834011196' target='_blank'>診所詳細資料</a>"
3834011203,"慶餘堂中醫診所",3,"03 -9355998","宜蘭縣宜蘭市康樂路５號","中醫科","宜蘭縣宜蘭市大新里1鄰康樂路5號","宜蘭市","大新里",121.757411,24.755537,NA,"","","","","",NA,NA,"<a href='http://www.nhi.gov.tw/query/query3_detail.aspx?HospID=3834011203' target='_blank'>診所詳細資料</a>"
3834011221,"成春中醫診所",3,"03 -9353606","宜蘭縣宜蘭市康樂路９０號","中醫科","宜蘭縣宜蘭市新民里15鄰康樂路90號","宜蘭市","新民里",121.754648,24.756237,NA,"","","","","",NA,NA,"<a href='http://www.nhi.gov.tw/query/query3_detail.aspx?HospID=3834011221' target='_blank'>診所詳細資料</a>"
3834011276,"國泰中醫診所",3,"03 -9360869","宜蘭縣宜蘭市農權路３段１０號","中醫科","宜蘭縣宜蘭市建軍里1鄰農權路三段10號","宜蘭市","建軍里",121.742837,24.748731,NA,"","","","","",NA,NA,"<a href='http://www.nhi.gov.tw/query/query3_detail.aspx?HospID=3834011276' target='_blank'>診所詳細資料</a>"
3834011285,"新南大中醫診所",3,"03 -9355007","宜蘭縣宜蘭市宜興路１段９７號","中醫科","宜蘭縣宜蘭市神農里13鄰宜興路一段97號","宜蘭市","神農里",121.755944,24.750989,NA,"","","","","",NA,NA,"<a href='http://www.nhi.gov.tw/query/query3_detail.aspx?HospID=3834011285' target='_blank'>診所詳細資料</a>"
3834011329,"宜蘭現代中醫診所",3,"03 -9384995","宜蘭縣宜蘭市校舍路１６１號","中醫科","宜蘭縣宜蘭市東村里10鄰校舍路161號","宜蘭市","東村里",121.759023,24.750454,NA,"","","","","",NA,NA,"<a href='http://www.nhi.gov.tw/query/query3_detail.aspx?HospID=3834011329' target='_blank'>診所詳細資料</a>"
3834011356,"明悅中醫診所",3,"03 -9368533","宜蘭縣宜蘭市中山路２段１４７號１樓、１４９號 １樓","中醫科","宜蘭縣宜蘭市民權里3鄰中山路二段147號","宜蘭市","民權里",121.7546,24.747421,NA,"","","","","",NA,NA,"<a href='http://www.nhi.gov.tw/query/query3_detail.aspx?HospID=3834011356' target='_blank'>診所詳細資料</a>"
3834011383,"宜康中醫診所",3,"03 -9330500","宜蘭縣宜蘭市民族路３３８－１號","中醫科","宜蘭縣宜蘭市文化里15鄰民族路338之1號","宜蘭市","文化里",121.745476,24.75105,NA,"","","","","",NA,NA,"<a href='http://www.nhi.gov.tw/query/query3_detail.aspx?HospID=3834011383' target='_blank'>診所詳細資料</a>"
3834011392,"慧仁中醫診所",3,"03 -9361266","宜蘭縣宜蘭市光復路８８號","中醫科","宜蘭縣宜蘭市新民里10鄰光復路88號","宜蘭市","新民里",121.753947,24.755626,NA,"","","","","",NA,NA,"<a href='http://www.nhi.gov.tw/query/query3_detail.aspx?HospID=3834011392' target='_blank'>診所詳細資料</a>"
3834011409,"炎鐘中醫診所",3,"03 -9358188","宜蘭縣宜蘭市崇聖街５９－３號１樓","中醫科","宜蘭縣宜蘭市新民里16鄰崇聖街59之3號","宜蘭市","新民里",121.755002,24.75671,NA,"","","","","",NA,NA,"<a href='http://www.nhi.gov.tw/query/query3_detail.aspx?HospID=3834011409' target='_blank'>診所詳細資料</a>"
3834011418,"新悅中醫診所",3,"03 -9363313","宜蘭縣宜蘭市中山路３段２８６號","中醫科","宜蘭縣宜蘭市孝廉里6鄰中山路三段286號","宜蘭市","孝廉里",121.754078,24.762353,NA,"","","","","",NA,NA,"<a href='http://www.nhi.gov.tw/query/query3_detail.aspx?HospID=3834011418' target='_blank'>診所詳細資料</a>"
3834020104,"羅國鶴中醫診所",3,"03 -9515835","宜蘭縣羅東鎮維揚路１８８號","中醫科","宜蘭縣羅東鎮維揚里11鄰維揚路188號","羅東鎮","維揚里",121.757962,24.67213,NA,"","","","","",NA,NA,"<a href='http://www.nhi.gov.tw/query/query3_detail.aspx?HospID=3834020104' target='_blank'>診所詳細資料</a>"
3834020122,"現代中醫診所",3,"03 -9613353","宜蘭縣羅東鎮公正路４０５號","中醫科","宜蘭縣羅東鎮國華里29鄰公正路405號","羅東鎮","國華里",121.760027,24.68042,NA,"","","","","",NA,NA,"<a href='http://www.nhi.gov.tw/query/query3_detail.aspx?HospID=3834020122' target='_blank'>診所詳細資料</a>"
3834021183,"佳恩中醫診所",3,"03 -9560558","宜蘭縣羅東鎮中華路７０號","中醫科","宜蘭縣羅東鎮賢文里2鄰中華路70號","羅東鎮","賢文里",121.767189,24.67858,NA,"","","","","",NA,NA,"<a href='http://www.nhi.gov.tw/query/query3_detail.aspx?HospID=3834021183' target='_blank'>診所詳細資料</a>"
3834021209,"同仁堂中醫聯合診所",3,"03 -9573695","宜蘭縣羅東鎮天津路６０號","中醫科","宜蘭縣羅東鎮公正里3鄰天津路60號","羅東鎮","公正里",121.77028,24.680541,NA,"","","","","",NA,NA,"<a href='http://www.nhi.gov.tw/query/query3_detail.aspx?HospID=3834021209' target='_blank'>診所詳細資料</a>"
3834021236,"愛欣中醫診所",3,"03 -9610909","宜蘭縣羅東鎮維揚路２６巷３０號","中醫科","宜蘭縣羅東鎮成功里8鄰維揚路26巷30號","羅東鎮","成功里",121.762794,24.673193,NA,"","","","","",NA,NA,"<a href='http://www.nhi.gov.tw/query/query3_detail.aspx?HospID=3834021236' target='_blank'>診所詳細資料</a>"
3834021245,"羅東仁濟中醫聯合診所",3,"03 -9533106","宜蘭縣羅東鎮興東南路１號","中醫科","宜蘭縣羅東鎮南豪里10鄰興東南路1號","羅東鎮","南豪里",121.771819,24.668593,NA,"","","","","",NA,NA,"<a href='http://www.nhi.gov.tw/query/query3_detail.aspx?HospID=3834021245' target='_blank'>診所詳細資料</a>"
3834021263,"羅東南大中醫診所",3,"03 -9531717","宜蘭縣羅東鎮中山路３段４３８號","中醫科","宜蘭縣羅東鎮漢民里7鄰中山路三段438號","羅東鎮","漢民里",121.765374,24.674773,NA,"","","","","",NA,NA,"<a href='http://www.nhi.gov.tw/query/query3_detail.aspx?HospID=3834021263' target='_blank'>診所詳細資料</a>"
3834021281,"養生堂中醫診所",3,"03 -9541010","宜蘭縣羅東鎮林森路１０１號","中醫科","宜蘭縣羅東鎮公正里9鄰林森路101號","羅東鎮","公正里",121.768615,24.679686,NA,"","","","","",NA,NA,"<a href='http://www.nhi.gov.tw/query/query3_detail.aspx?HospID=3834021281' target='_blank'>診所詳細資料</a>"
3834021307,"一生中醫診所",3,"03 -9603753","宜蘭縣羅東鎮光榮路３２８號","中醫科","宜蘭縣羅東鎮東安里1鄰光榮路328號","羅東鎮","東安里",121.777996,24.678215,NA,"","","","","",NA,NA,"<a href='http://www.nhi.gov.tw/query/query3_detail.aspx?HospID=3834021307' target='_blank'>診所詳細資料</a>"
3834021343,"存仁堂中醫診所",3,"03 -9573456","宜蘭縣羅東鎮倉前路３６、３８號","中醫科","宜蘭縣羅東鎮信義里5鄰倉前路36號","羅東鎮","信義里",121.770213,24.680889,NA,"","","","","",NA,NA,"<a href='http://www.nhi.gov.tw/query/query3_detail.aspx?HospID=3834021343' target='_blank'>診所詳細資料</a>"
3834021352,"怡得心中醫診所",3,"03 -9610068","宜蘭縣羅東鎮中山路４段２６２號","中醫科","宜蘭縣羅東鎮北成里8鄰中山路四段262號","羅東鎮","北成里",121.758398,24.673168,NA,"","","","","",NA,NA,"<a href='http://www.nhi.gov.tw/query/query3_detail.aspx?HospID=3834021352' target='_blank'>診所詳細資料</a>"
3834021379,"得福中醫診所",3,"03 -9556565","宜蘭縣羅東鎮公正路１１５號","中醫科","宜蘭縣羅東鎮集祥里10鄰公正路115號","羅東鎮","集祥里",121.770494,24.678347,NA,"","","","","",NA,NA,"<a href='http://www.nhi.gov.tw/query/query3_detail.aspx?HospID=3834021379' target='_blank'>診所詳細資料</a>"
3834021389,"六福中醫診所",3,"03 -9571130","宜蘭縣羅東鎮成功里南門路３７號","中醫科","宜蘭縣羅東鎮成功里6鄰南門路37號","羅東鎮","成功里",121.769109,24.672724,NA,"","","","","",NA,NA,"<a href='http://www.nhi.gov.tw/query/query3_detail.aspx?HospID=3834021389' target='_blank'>診所詳細資料</a>"
3834021398,"觀自在中醫診所",3,"03 -9576835","宜蘭縣羅東鎮興東南路１１９號１樓","中醫科","宜蘭縣羅東鎮成功里3鄰興東南路119號","羅東鎮","成功里",121.768835,24.670447,NA,"","","","","",NA,NA,"<a href='http://www.nhi.gov.tw/query/query3_detail.aspx?HospID=3834021398' target='_blank'>診所詳細資料</a>"
3834021405,"三星堂中醫診所",3,"03 -9563590","宜蘭縣羅東鎮興東路１７６號","中醫科","宜蘭縣羅東鎮信義里5鄰興東路176號","羅東鎮","信義里",121.769646,24.681312,NA,"","","","","",NA,NA,"<a href='http://www.nhi.gov.tw/query/query3_detail.aspx?HospID=3834021405' target='_blank'>診所詳細資料</a>"
3834021423,"李冠儀中醫診所",3,"03 -9565785","宜蘭縣羅東鎮文化街８４號１樓","中醫科","宜蘭縣羅東鎮南豪里3鄰文化街84號","羅東鎮","南豪里",121.770191,24.671522,NA,"","","","","",NA,NA,"<a href='http://www.nhi.gov.tw/query/query3_detail.aspx?HospID=3834021423' target='_blank'>診所詳細資料</a>"
3834021441,"晉揚中醫診所",3,"03 -9569191","宜蘭縣羅東鎮興東路２６３號","中醫科","宜蘭縣羅東鎮信義里21鄰興東路263號","羅東鎮","信義里",121.770159,24.683762,NA,"","","","","",NA,NA,"<a href='http://www.nhi.gov.tw/query/query3_detail.aspx?HospID=3834021441' target='_blank'>診所詳細資料</a>"
3834030020,"世揚中醫診所",3,"03 -9962038","宜蘭縣蘇澳鎮中山路１段１１３號","中醫科","宜蘭縣蘇澳鎮蘇西里2鄰中山路一段113號","蘇澳鎮","蘇西里",121.849613,24.595907,NA,"","","","","",NA,NA,"<a href='http://www.nhi.gov.tw/query/query3_detail.aspx?HospID=3834030020' target='_blank'>診所詳細資料</a>"
3834040017,"仁安中醫診所",3,"03 -9771442","宜蘭縣頭城鎮城北里纘祥路６７－２號","中醫科","宜蘭縣頭城鎮城北里9鄰纘祥路141號","頭城鎮","城北里",121.824033,24.860152,NA,"","","","","",NA,NA,"<a href='http://www.nhi.gov.tw/query/query3_detail.aspx?HospID=3834040017' target='_blank'>診所詳細資料</a>"
3834041023,"陳春光中醫診所",3,"03 -9782937","宜蘭縣頭城鎮吉祥路９０號","中醫科","宜蘭縣頭城鎮拔雅里1鄰吉祥路90號","頭城鎮","拔雅里",121.82059,24.856935,NA,"","","","","",NA,NA,"<a href='http://www.nhi.gov.tw/query/query3_detail.aspx?HospID=3834041023' target='_blank'>診所詳細資料</a>"
3834050059,"曾燦傑中醫診所",3,"03 -9287551","宜蘭縣礁溪鄉礁溪路１段２４８號","中醫科","宜蘭縣礁溪鄉吳沙村9鄰礁溪路一段248號","礁溪鄉","吳沙村",121.761948,24.78848,NA,"","","","","",NA,NA,"<a href='http://www.nhi.gov.tw/query/query3_detail.aspx?HospID=3834050059' target='_blank'>診所詳細資料</a>"
3834051074,"大新中醫診所",3,"03 -9888507","宜蘭縣礁溪鄉中山路１段２０３號","中醫科","宜蘭縣礁溪鄉六結村4鄰中山路一段203號","礁溪鄉","六結村",121.77094,24.821714,NA,"","","","","",NA,NA,"<a href='http://www.nhi.gov.tw/query/query3_detail.aspx?HospID=3834051074' target='_blank'>診所詳細資料</a>"
3834070015,"員山中醫診所",3,"03 -9222324","宜蘭縣員山鄉員山路１段１９８號１樓","中醫科","宜蘭縣員山鄉員山村22鄰員山路一段198號","員山鄉","員山村",121.727011,24.745779,NA,"","","","","",NA,NA,"<a href='http://www.nhi.gov.tw/query/query3_detail.aspx?HospID=3834070015' target='_blank'>診所詳細資料</a>"
3834090026,"同濟中醫診所",3,"03 -9506507","宜蘭縣五結鄉五結村中興路２段６０號","中醫科","宜蘭縣五結鄉五結村27鄰中興路二段60號","五結鄉","五結村",121.784506,24.691256,NA,"","","","","",NA,NA,"<a href='http://www.nhi.gov.tw/query/query3_detail.aspx?HospID=3834090026' target='_blank'>診所詳細資料</a>"
3834090035,"益生中醫診所",3,"03 -9602502","宜蘭縣五結鄉五結中路２段２２號","中醫科","宜蘭縣五結鄉五結村6鄰五結中路二段22號","五結鄉","五結村",121.797937,24.685361,NA,"","","","","",NA,NA,"<a href='http://www.nhi.gov.tw/query/query3_detail.aspx?HospID=3834090035' target='_blank'>診所詳細資料</a>"
3834090062,"太一堂中醫診所",3,"03 -9652337","宜蘭縣五結鄉中正西路４３－５號","中醫科","宜蘭縣五結鄉上四村12鄰中正西路43之5號","五結鄉","上四村",121.768366,24.700424,NA,"","","","","",NA,NA,"<a href='http://www.nhi.gov.tw/query/query3_detail.aspx?HospID=3834090062' target='_blank'>診所詳細資料</a>"
3834101033,"星現代中醫診所",3,"03 -9895588","宜蘭縣三星鄉三星路５段１８０號","中醫科","宜蘭縣三星鄉義德村4鄰三星路五段180號","三星鄉","義德村",121.649709,24.665841,NA,"","","","","",NA,NA,"<a href='http://www.nhi.gov.tw/query/query3_detail.aspx?HospID=3834101033' target='_blank'>診所詳細資料</a>"
4034010017,"宜蘭普門醫療財團法人普門診所",1,"03 -9327777","宜蘭縣宜蘭市神農路１段８７號","家醫科,兒科,復健科","宜蘭縣宜蘭市文化里2鄰神農路一段87號","宜蘭市","文化里",121.749969,24.748899,1340102141,"甲子蘭","","","","",NA,NA,"<a href='http://www.nhi.gov.tw/query/query3_detail.aspx?HospID=4034010017' target='_blank'>診所詳細資料</a>"
