"X","TownID","TownCode","TownName","VillagCode","VillagEng","VillagName","summ","sum65abov","Center_X","Center_Y","inTwoKM_HOM","inTwoKM_INT","inTwoKM_GRP","inThrKM_HOM","inThrKM_INT","inThrKM_GRP","inFivKM_HOM","inFivKM_INT","inFivKM_GRP","inTenKM_HOM","inTenKM_INT","inTenKM_GRP","labpt_X","labpt_Y"
1,"G01",1000201,"宜蘭市",229,"Daxin Vil.","大新里",890,195,121.75735098,24.75552568,TRUE,TRUE,TRUE,TRUE,TRUE,TRUE,TRUE,TRUE,TRUE,TRUE,TRUE,TRUE,121.757350983682,24.7555256749942
2,"G01",1000201,"宜蘭市",226,"Xindong Vil.","新東里",3929,395,121.7619045,24.75256151,TRUE,TRUE,TRUE,TRUE,TRUE,TRUE,TRUE,TRUE,TRUE,TRUE,TRUE,TRUE,121.761904498039,24.7525615142396
3,"G01",1000201,"宜蘭市",228,"Taishan Vil.","泰山里",2600,296,121.73460723,24.75537013,TRUE,TRUE,TRUE,TRUE,TRUE,TRUE,TRUE,TRUE,TRUE,TRUE,TRUE,TRUE,121.734607226756,24.7553701346959
4,"G01",1000201,"宜蘭市",227,"Qijie  Vil.","七結里",3144,320,121.73733898,24.74875175,TRUE,TRUE,TRUE,TRUE,TRUE,TRUE,TRUE,TRUE,TRUE,TRUE,TRUE,TRUE,121.737338980911,24.7487517506025
5,"G01",1000201,"宜蘭市",231,"Baili  Vil.","擺厘里",3456,438,121.75140909,24.74366346,TRUE,TRUE,TRUE,TRUE,TRUE,TRUE,TRUE,TRUE,TRUE,TRUE,TRUE,TRUE,121.751409090027,24.7436634551503
6,"G01",1000201,"宜蘭市",230,"Zhongxing Vil.","中興里",3470,434,121.76329889,24.75800836,TRUE,TRUE,TRUE,TRUE,TRUE,TRUE,TRUE,TRUE,TRUE,TRUE,TRUE,TRUE,121.763298888881,24.7580083607282
7,"G01",1000201,"宜蘭市",225,"Chenggong Vil.","成功里",3856,365,121.76914229,24.75815642,TRUE,TRUE,TRUE,TRUE,TRUE,TRUE,TRUE,TRUE,TRUE,TRUE,TRUE,TRUE,121.769142287501,24.7581564175783
8,"G01",1000201,"宜蘭市",194,"Shennong Vil.","神農里",3093,513,121.7553386,24.75009498,TRUE,TRUE,TRUE,TRUE,TRUE,TRUE,TRUE,TRUE,TRUE,TRUE,TRUE,TRUE,121.755338604034,24.7500949780663
9,"G01",1000201,"宜蘭市",195,"Minquan Vil.","民權里",2077,330,121.75341076,24.74865197,TRUE,TRUE,TRUE,TRUE,TRUE,TRUE,TRUE,TRUE,TRUE,TRUE,TRUE,TRUE,121.753410763277,24.7486519707284
10,"G01",1000201,"宜蘭市",196,"Jinshi Vil.","進士里",2428,396,121.74545443,24.73916038,TRUE,TRUE,TRUE,TRUE,TRUE,TRUE,TRUE,TRUE,TRUE,TRUE,TRUE,TRUE,121.745454430423,24.7391603790756
11,"G01",1000201,"宜蘭市",197,"Nanqiao Vil.","南橋里",1464,203,121.74206984,24.72961155,FALSE,TRUE,FALSE,TRUE,TRUE,TRUE,TRUE,TRUE,TRUE,TRUE,TRUE,TRUE,121.742069834566,24.7296115509164
12,"G01",1000201,"宜蘭市",198,"Jianye Vil.","建業里",2071,259,121.75516827,24.7324411,TRUE,TRUE,TRUE,TRUE,TRUE,TRUE,TRUE,TRUE,TRUE,TRUE,TRUE,TRUE,121.755168273464,24.7324411028837
13,"G01",1000201,"宜蘭市",199,"Nanjin Vil.","南津里",2527,461,121.76462862,24.72347913,FALSE,FALSE,FALSE,TRUE,TRUE,TRUE,TRUE,TRUE,TRUE,TRUE,TRUE,TRUE,121.764628616178,24.7234791271723
14,"G01",1000201,"宜蘭市",200,"Kaixuan Vil.","凱旋里",1524,189,121.76959104,24.72977801,FALSE,FALSE,FALSE,TRUE,TRUE,TRUE,TRUE,TRUE,TRUE,TRUE,TRUE,TRUE,121.769591041653,24.7297780109154
15,"G01",1000201,"宜蘭市",201,"Liming Vil.","黎明里",2300,282,121.77427217,24.7429782,TRUE,TRUE,TRUE,TRUE,TRUE,TRUE,TRUE,TRUE,TRUE,TRUE,TRUE,TRUE,121.774272167817,24.7429781991642
16,"G01",1000201,"宜蘭市",202,"Dongcun Vil.","東村里",2725,248,121.76267908,24.74652958,TRUE,TRUE,TRUE,TRUE,TRUE,TRUE,TRUE,TRUE,TRUE,TRUE,TRUE,TRUE,121.762679074134,24.746529579565
17,"G01",1000201,"宜蘭市",203,"Yanping Vil.","延平里",4028,359,121.77612358,24.75342274,TRUE,TRUE,TRUE,TRUE,TRUE,TRUE,TRUE,TRUE,TRUE,TRUE,TRUE,TRUE,121.776123583282,24.7534227403961
18,"G01",1000201,"宜蘭市",204,"Qizhang Vil.","七張里",1762,259,121.77824423,24.76226672,TRUE,TRUE,FALSE,TRUE,TRUE,TRUE,TRUE,TRUE,TRUE,TRUE,TRUE,TRUE,121.77824422722,24.7622667216702
19,"G01",1000201,"宜蘭市",205,"Ci'an Vil.","慈安里",2085,234,121.76178271,24.76066024,TRUE,TRUE,TRUE,TRUE,TRUE,TRUE,TRUE,TRUE,TRUE,TRUE,TRUE,TRUE,121.761782706413,24.7606602424177
20,"G01",1000201,"宜蘭市",206,"Xinmin Vil.","新民里",1760,413,121.75393495,24.75602123,TRUE,TRUE,TRUE,TRUE,TRUE,TRUE,TRUE,TRUE,TRUE,TRUE,TRUE,TRUE,121.753934945511,24.7560212333328
21,"G01",1000201,"宜蘭市",207,"Dongmen Vil.","東門里",1156,270,121.75464408,24.75858335,TRUE,TRUE,TRUE,TRUE,TRUE,TRUE,TRUE,TRUE,TRUE,TRUE,TRUE,TRUE,121.754644081761,24.7585833496277
22,"G01",1000201,"宜蘭市",208,"Xiaodong Vil.","小東里",1741,346,121.75894209,24.76105057,TRUE,TRUE,TRUE,TRUE,TRUE,TRUE,TRUE,TRUE,TRUE,TRUE,TRUE,TRUE,121.75894209308,24.7610505669241
23,"G01",1000201,"宜蘭市",209,"Caiyuan Vil.","菜園里",1466,252,121.75724379,24.76188434,TRUE,TRUE,TRUE,TRUE,TRUE,TRUE,TRUE,TRUE,TRUE,TRUE,TRUE,TRUE,121.757243794233,24.7618843451702
24,"G01",1000201,"宜蘭市",210,"Xiaolian Vil.","孝廉里",1354,257,121.75576915,24.76337635,TRUE,TRUE,TRUE,TRUE,TRUE,TRUE,TRUE,TRUE,TRUE,TRUE,TRUE,TRUE,121.75576914829,24.7633763487539
25,"G01",1000201,"宜蘭市",211,"Xinsheng Vil.","新生里",3043,409,121.76325936,24.77058223,TRUE,TRUE,TRUE,TRUE,TRUE,TRUE,TRUE,TRUE,TRUE,TRUE,TRUE,TRUE,121.763259356358,24.7705822350032
26,"G01",1000201,"宜蘭市",212,"Jiaobai Vil.","茭白里",2423,239,121.75286833,24.7764177,TRUE,TRUE,TRUE,TRUE,TRUE,TRUE,TRUE,TRUE,TRUE,TRUE,TRUE,TRUE,121.752868328467,24.7764177013321
27,"G01",1000201,"宜蘭市",213,"Beijin Vil.","北津里",2580,300,121.75043954,24.76854399,TRUE,TRUE,TRUE,TRUE,TRUE,TRUE,TRUE,TRUE,TRUE,TRUE,TRUE,TRUE,121.750439537902,24.7685439900005
28,"G01",1000201,"宜蘭市",214,"Meizhou Vil.","梅洲里",3689,476,121.73956423,24.77017019,TRUE,TRUE,TRUE,TRUE,TRUE,TRUE,TRUE,TRUE,TRUE,TRUE,TRUE,TRUE,121.739564225123,24.7701701889558
29,"G01",1000201,"宜蘭市",215,"Beimen Vil.","北門里",1313,219,121.75242302,24.7635269,TRUE,TRUE,TRUE,TRUE,TRUE,TRUE,TRUE,TRUE,TRUE,TRUE,TRUE,TRUE,121.752423022228,24.7635268977683
30,"G01",1000201,"宜蘭市",216,"Zhongshan Vil.","中山里",1064,237,121.75160652,24.75919555,TRUE,TRUE,TRUE,TRUE,TRUE,TRUE,TRUE,TRUE,TRUE,TRUE,TRUE,TRUE,121.751606518154,24.7591955513549
31,"G01",1000201,"宜蘭市",217,"Ximen Vil.","西門里",2020,385,121.74848285,24.76010319,TRUE,TRUE,TRUE,TRUE,TRUE,TRUE,TRUE,TRUE,TRUE,TRUE,TRUE,TRUE,121.748482848467,24.7601031885842
32,"G01",1000201,"宜蘭市",218,"Nanmen Vil.","南門里",1750,301,121.7495246,24.75628863,TRUE,TRUE,TRUE,TRUE,TRUE,TRUE,TRUE,TRUE,TRUE,TRUE,TRUE,TRUE,121.749524594345,24.7562886249252
33,"G01",1000201,"宜蘭市",219,"Fuguo Vil.","負郭里",3871,497,121.74463675,24.75479174,TRUE,TRUE,TRUE,TRUE,TRUE,TRUE,TRUE,TRUE,TRUE,TRUE,TRUE,TRUE,121.744636751262,24.7547917383524
34,"G01",1000201,"宜蘭市",220,"Minzu Vil.","民族里",2872,561,121.74883359,24.75246904,TRUE,TRUE,TRUE,TRUE,TRUE,TRUE,TRUE,TRUE,TRUE,TRUE,TRUE,TRUE,121.748833586067,24.7524690423827
35,"G01",1000201,"宜蘭市",221,"Jianjun Vil.","建軍里",2013,233,121.74138237,24.75103601,TRUE,TRUE,TRUE,TRUE,TRUE,TRUE,TRUE,TRUE,TRUE,TRUE,TRUE,TRUE,121.741382367534,24.7510360090455
36,"G01",1000201,"宜蘭市",222,"Siyuan Vil.","思源里",5332,441,121.74187457,24.74659093,TRUE,TRUE,TRUE,TRUE,TRUE,TRUE,TRUE,TRUE,TRUE,TRUE,TRUE,TRUE,121.7418745689,24.7465909311083
37,"G01",1000201,"宜蘭市",223,"Wenhua Vil.","文化里",3894,582,121.74683017,24.7496044,TRUE,TRUE,TRUE,TRUE,TRUE,TRUE,TRUE,TRUE,TRUE,TRUE,TRUE,TRUE,121.746830163328,24.7496044028895
38,"G01",1000201,"宜蘭市",224,"Fuxing Vil.","復興里",3207,622,121.75117899,24.74718219,TRUE,TRUE,TRUE,TRUE,TRUE,TRUE,TRUE,TRUE,TRUE,TRUE,TRUE,TRUE,121.751178991902,24.7471821870824
39,"G06",1000202,"羅東鎮",232,"Daxin Vil.","大新里",1833,297,121.77326411,24.67774842,TRUE,TRUE,TRUE,TRUE,TRUE,TRUE,TRUE,TRUE,TRUE,TRUE,TRUE,TRUE,121.773264104617,24.6777484212412
40,"G06",1000202,"羅東鎮",233,"Dong'an Vil.","東安里",4474,452,121.77980719,24.67640977,TRUE,TRUE,TRUE,TRUE,TRUE,TRUE,TRUE,TRUE,TRUE,TRUE,TRUE,TRUE,121.779807185542,24.6764097731024
41,"G06",1000202,"羅東鎮",234,"Xinqun Vil.","新群里",3170,369,121.7925845,24.67107536,TRUE,TRUE,FALSE,TRUE,TRUE,TRUE,TRUE,TRUE,TRUE,TRUE,TRUE,TRUE,121.792584501558,24.6710753577903
42,"G06",1000202,"羅東鎮",235,"Luozhuang Vil.","羅莊里",3658,350,121.78065998,24.66890092,TRUE,TRUE,TRUE,TRUE,TRUE,TRUE,TRUE,TRUE,TRUE,TRUE,TRUE,TRUE,121.780659974362,24.6689009166432
43,"G06",1000202,"羅東鎮",236,"Nanchang Vil.","南昌里",2869,388,121.77314551,24.67109308,TRUE,TRUE,TRUE,TRUE,TRUE,TRUE,TRUE,TRUE,TRUE,TRUE,TRUE,TRUE,121.773145508029,24.6710930783165
44,"G06",1000202,"羅東鎮",237,"Nanhao Vil.","南豪里",1621,284,121.77022241,24.67000018,TRUE,TRUE,TRUE,TRUE,TRUE,TRUE,TRUE,TRUE,TRUE,TRUE,TRUE,TRUE,121.770222413802,24.6700001841174
45,"G06",1000202,"羅東鎮",238,"Chenggong Vil.","成功里",1843,311,121.76628157,24.67153081,TRUE,TRUE,TRUE,TRUE,TRUE,TRUE,TRUE,TRUE,TRUE,TRUE,TRUE,TRUE,121.766281573673,24.6715308102056
46,"G06",1000202,"羅東鎮",239,"Rende Vil.","仁德里",1392,253,121.76644463,24.67392935,TRUE,TRUE,TRUE,TRUE,TRUE,TRUE,TRUE,TRUE,TRUE,TRUE,TRUE,TRUE,121.766444625449,24.67392934691
47,"G06",1000202,"羅東鎮",240,"Hanmin Vil.","漢民里",4768,706,121.76290173,24.67525765,TRUE,TRUE,TRUE,TRUE,TRUE,TRUE,TRUE,TRUE,TRUE,TRUE,TRUE,TRUE,121.762901729752,24.6752576461675
48,"G06",1000202,"羅東鎮",241,"Xi'an Vil.","西安里",3393,439,121.7595422,24.66855446,TRUE,TRUE,TRUE,TRUE,TRUE,TRUE,TRUE,TRUE,TRUE,TRUE,TRUE,TRUE,121.759542201472,24.6685544560368
49,"G06",1000202,"羅東鎮",242,"Beicheng Vil.","北成里",3586,401,121.75352382,24.67922328,TRUE,TRUE,TRUE,TRUE,TRUE,TRUE,TRUE,TRUE,TRUE,TRUE,TRUE,TRUE,121.753523819116,24.6792232840077
50,"G06",1000202,"羅東鎮",243,"Xianwen Vil.","賢文里",4573,767,121.76431903,24.67851001,TRUE,TRUE,TRUE,TRUE,TRUE,TRUE,TRUE,TRUE,TRUE,TRUE,TRUE,TRUE,121.764319034105,24.6785100081544
51,"G06",1000202,"羅東鎮",244,"Gongzheng Vil.","公正里",3613,558,121.76885208,24.67983489,TRUE,TRUE,TRUE,TRUE,TRUE,TRUE,TRUE,TRUE,TRUE,TRUE,TRUE,TRUE,121.768852079874,24.6798348918958
52,"G06",1000202,"羅東鎮",245,"Jixiang Vil.","集祥里",1480,241,121.76987595,24.67717314,TRUE,TRUE,TRUE,TRUE,TRUE,TRUE,TRUE,TRUE,TRUE,TRUE,TRUE,TRUE,121.769875950634,24.6771731401734
53,"G06",1000202,"羅東鎮",246,"Xinyi Vil.","信義里",3783,540,121.77136636,24.6830769,TRUE,TRUE,TRUE,TRUE,TRUE,TRUE,TRUE,TRUE,TRUE,TRUE,TRUE,TRUE,121.771366362935,24.6830768987814
54,"G06",1000202,"羅東鎮",247,"Zhulin Vil.","竹林里",3727,548,121.76287899,24.68790315,TRUE,TRUE,TRUE,TRUE,TRUE,TRUE,TRUE,TRUE,TRUE,TRUE,TRUE,TRUE,121.762878987071,24.687903151439
55,"G06",1000202,"羅東鎮",248,"Ren'ai Vil.","仁愛里",4479,458,121.75800744,24.69601019,FALSE,TRUE,TRUE,TRUE,TRUE,TRUE,TRUE,TRUE,TRUE,TRUE,TRUE,TRUE,121.758007435164,24.6960101869095
56,"G06",1000202,"羅東鎮",249,"Shulin Vil.","樹林里",4384,552,121.76138297,24.6825016,TRUE,TRUE,TRUE,TRUE,TRUE,TRUE,TRUE,TRUE,TRUE,TRUE,TRUE,TRUE,121.761382972753,24.6825015973939
57,"G06",1000202,"羅東鎮",250,"Guohua Vil.","國華里",5604,630,121.75873991,24.67809603,TRUE,TRUE,TRUE,TRUE,TRUE,TRUE,TRUE,TRUE,TRUE,TRUE,TRUE,TRUE,121.758739906043,24.6780960265785
58,"G06",1000202,"羅東鎮",251,"Weiyang  Vil.","維揚里",3814,495,121.75850304,24.67166184,TRUE,TRUE,TRUE,TRUE,TRUE,TRUE,TRUE,TRUE,TRUE,TRUE,TRUE,TRUE,121.758503037268,24.6716618384035
59,"G06",1000202,"羅東鎮",252,"Kaiming Vil.","開明里",1637,344,121.77248794,24.67432408,TRUE,TRUE,TRUE,TRUE,TRUE,TRUE,TRUE,TRUE,TRUE,TRUE,TRUE,TRUE,121.772487934314,24.6743240836179
60,"G06",1000202,"羅東鎮",253,"Zhongshan Vil.","中山里",1613,367,121.76872249,24.67522757,TRUE,TRUE,TRUE,TRUE,TRUE,TRUE,TRUE,TRUE,TRUE,TRUE,TRUE,TRUE,121.768722488203,24.6752275650548
61,"G06",1000202,"羅東鎮",254,"Renhe Vil.","仁和里",1155,257,121.7688936,24.67365767,TRUE,TRUE,TRUE,TRUE,TRUE,TRUE,TRUE,TRUE,TRUE,TRUE,TRUE,TRUE,121.768893592892,24.673657665165
62,"G09",1000203,"蘇澳鎮",255,"Longde Vil.","龍德里",3872,557,121.82528154,24.64029571,FALSE,TRUE,FALSE,FALSE,TRUE,FALSE,TRUE,TRUE,TRUE,TRUE,TRUE,TRUE,121.825281540513,24.6402957080488
63,"G09",1000203,"蘇澳鎮",256,"Dingliao Vil.","頂寮里",1140,136,121.84123667,24.63839051,FALSE,TRUE,FALSE,FALSE,TRUE,FALSE,TRUE,TRUE,TRUE,TRUE,TRUE,TRUE,121.841236668373,24.6383905117573
64,"G09",1000203,"蘇澳鎮",257,"Yongrong Vil.","永榮里",4511,592,121.83613884,24.62398515,FALSE,TRUE,FALSE,FALSE,TRUE,FALSE,TRUE,TRUE,TRUE,TRUE,TRUE,TRUE,121.836138842261,24.6239851515393
65,"G09",1000203,"蘇澳鎮",258,"Cunren Vil.","存仁里",1069,217,121.8459129,24.62593866,FALSE,TRUE,FALSE,FALSE,TRUE,FALSE,TRUE,TRUE,TRUE,TRUE,TRUE,TRUE,121.845912904116,24.6259386590972
66,"G09",1000203,"蘇澳鎮",259,"Gangbian Vil.","港邊里",1601,307,121.85474957,24.61088339,FALSE,TRUE,TRUE,TRUE,TRUE,TRUE,TRUE,TRUE,TRUE,TRUE,TRUE,TRUE,121.854749567439,24.6108833930514
67,"G09",1000203,"蘇澳鎮",260,"Aiding Vil.","隘丁里",3452,448,121.83643234,24.61354733,TRUE,TRUE,TRUE,TRUE,TRUE,TRUE,TRUE,TRUE,TRUE,TRUE,TRUE,TRUE,121.836432339412,24.613547332298
68,"G09",1000203,"蘇澳鎮",261,"Xincheng Vil.","新城里",1477,226,121.81509948,24.60618369,FALSE,FALSE,FALSE,TRUE,TRUE,TRUE,TRUE,TRUE,TRUE,TRUE,TRUE,TRUE,121.815099479207,24.6061836861795
69,"G02",1000204,"頭城鎮",281,"Shicheng Vil.","石城里",327,79,121.94036864,24.97974446,FALSE,FALSE,FALSE,FALSE,FALSE,FALSE,FALSE,FALSE,FALSE,TRUE,TRUE,FALSE,121.940368642921,24.9797444578808
70,"G02",1000204,"頭城鎮",282,"Da Vil.","大里里",784,155,121.90800337,24.96198395,FALSE,FALSE,FALSE,TRUE,TRUE,FALSE,TRUE,TRUE,FALSE,TRUE,TRUE,FALSE,121.908003366915,24.9619839505602
71,"G02",1000204,"頭城鎮",283,"Daxi Vil.","大溪里",1038,173,122.45174893,25.2402059,FALSE,FALSE,FALSE,FALSE,FALSE,FALSE,TRUE,TRUE,FALSE,TRUE,TRUE,FALSE,121.864069656862,24.9503169282883
72,"G02",1000204,"頭城鎮",284,"Hexing Vil.","合興里",386,73,121.87259119,24.9305355,FALSE,FALSE,FALSE,TRUE,TRUE,FALSE,TRUE,TRUE,FALSE,TRUE,TRUE,TRUE,121.872591192058,24.930535499213
73,"G02",1000204,"頭城鎮",285,"Gengxin Vil.","更新里",1521,277,121.85798416,24.91348942,FALSE,FALSE,FALSE,FALSE,FALSE,FALSE,TRUE,TRUE,FALSE,TRUE,TRUE,TRUE,121.85798416124,24.9134894155244
74,"G02",1000204,"頭城鎮",286,"Wai'ao Vil.","外澳里",1017,185,121.84130346,24.89528359,FALSE,FALSE,FALSE,FALSE,FALSE,FALSE,TRUE,TRUE,TRUE,TRUE,TRUE,TRUE,121.841303463209,24.8952835843662
75,"G02",1000204,"頭城鎮",287,"Gangkou Vil.","港口里",784,133,121.83573692,24.87266363,TRUE,TRUE,TRUE,TRUE,TRUE,TRUE,TRUE,TRUE,TRUE,TRUE,TRUE,TRUE,121.8357369204,24.8726636333087
76,"G02",1000204,"頭城鎮",288,"Wuying Vil.","武營里",1878,266,121.82810114,24.87436005,TRUE,TRUE,TRUE,TRUE,TRUE,TRUE,TRUE,TRUE,TRUE,TRUE,TRUE,TRUE,121.82810113439,24.8743600496887
77,"G02",1000204,"頭城鎮",289,"Dakeng Vil.","大坑里",1581,217,121.82977488,24.85427828,TRUE,TRUE,TRUE,TRUE,TRUE,TRUE,TRUE,TRUE,TRUE,TRUE,TRUE,TRUE,121.829774884068,24.8542782817614
78,"G02",1000204,"頭城鎮",290,"Chengdong Vil.","城東里",841,191,121.82507942,24.85820892,TRUE,TRUE,TRUE,TRUE,TRUE,TRUE,TRUE,TRUE,TRUE,TRUE,TRUE,TRUE,121.825079423577,24.8582089187145
79,"G02",1000204,"頭城鎮",291,"Chengbei Vil.","城北里",593,113,121.82367529,24.85966022,TRUE,TRUE,TRUE,TRUE,TRUE,TRUE,TRUE,TRUE,TRUE,TRUE,TRUE,TRUE,121.823675284895,24.8596602220657
80,"G02",1000204,"頭城鎮",292,"Chengxi Vil.","城西里",667,157,121.82180336,24.85554797,TRUE,TRUE,TRUE,TRUE,TRUE,TRUE,TRUE,TRUE,TRUE,TRUE,TRUE,TRUE,121.821803363511,24.8555479660703
81,"G02",1000204,"頭城鎮",293,"Chengnan Vil.","城南里",756,146,121.82417197,24.85614243,TRUE,TRUE,TRUE,TRUE,TRUE,TRUE,TRUE,TRUE,TRUE,TRUE,TRUE,TRUE,121.82417196567,24.8561424306151
82,"G02",1000204,"頭城鎮",294,"Zhu'an Vil.","竹安里",2548,383,121.82068986,24.82503764,FALSE,FALSE,FALSE,FALSE,TRUE,TRUE,TRUE,TRUE,TRUE,TRUE,TRUE,TRUE,121.820689859519,24.8250376362749
83,"G02",1000204,"頭城鎮",295,"Xinjian Vil.","新建里",2486,388,121.82034494,24.85143295,TRUE,TRUE,TRUE,TRUE,TRUE,TRUE,TRUE,TRUE,TRUE,TRUE,TRUE,TRUE,121.820344938493,24.8514329472438
84,"G02",1000204,"頭城鎮",296,"Baya Vil.","拔雅里",2408,288,121.81564074,24.88462758,FALSE,FALSE,FALSE,TRUE,TRUE,TRUE,TRUE,TRUE,TRUE,TRUE,TRUE,TRUE,121.815640744311,24.8846275805438
85,"G02",1000204,"頭城鎮",297,"Fucheng Vil.","福成里",1122,206,121.79812638,24.8778939,FALSE,FALSE,FALSE,FALSE,FALSE,FALSE,TRUE,TRUE,TRUE,TRUE,TRUE,TRUE,121.798126381284,24.8778938970778
86,"G02",1000204,"頭城鎮",298,"Jinmian Vil.","金面里",1996,326,121.8034311,24.85163587,TRUE,TRUE,TRUE,TRUE,TRUE,TRUE,TRUE,TRUE,TRUE,TRUE,TRUE,TRUE,121.803431098584,24.8516358681286
87,"G02",1000204,"頭城鎮",299,"Jinying Vil.","金盈里",812,133,121.79536545,24.84584327,FALSE,FALSE,FALSE,TRUE,TRUE,TRUE,TRUE,TRUE,TRUE,TRUE,TRUE,TRUE,121.795365445176,24.8458432712197
88,"G02",1000204,"頭城鎮",300,"Dingpu Vil.","頂埔里",1571,287,121.81555782,24.84122004,TRUE,TRUE,TRUE,TRUE,TRUE,TRUE,TRUE,TRUE,TRUE,TRUE,TRUE,TRUE,121.815557818901,24.841220042625
89,"G02",1000204,"頭城鎮",301,"Xiapu Vil.","下埔里",1092,188,121.80933956,24.83665057,FALSE,FALSE,FALSE,TRUE,TRUE,TRUE,TRUE,TRUE,TRUE,TRUE,TRUE,TRUE,121.809339559622,24.8366505744199
90,"G02",1000204,"頭城鎮",302,"Zhonglun Vil.","中崙里",1235,206,121.803748,24.8333274,FALSE,FALSE,FALSE,TRUE,TRUE,TRUE,TRUE,TRUE,TRUE,TRUE,TRUE,TRUE,121.803747995388,24.8333273999303
91,"G02",1000204,"頭城鎮",303,"Ercheng Vil.","二城里",1337,204,121.782225,24.85592944,FALSE,FALSE,FALSE,FALSE,FALSE,FALSE,TRUE,TRUE,TRUE,TRUE,TRUE,TRUE,121.782224997475,24.8559294420153
92,"G02",1000204,"頭城鎮",304,"Guishan Vil.","龜山里",833,103,121.92348465,24.89129704,TRUE,TRUE,FALSE,TRUE,TRUE,FALSE,TRUE,TRUE,FALSE,TRUE,TRUE,FALSE,121.898888,24.944099
93,"G03",1000205,"礁溪鄉",305,"Baiyun Vil.","白雲村",1877,290,121.78484325,24.83512843,FALSE,TRUE,FALSE,TRUE,TRUE,TRUE,TRUE,TRUE,TRUE,TRUE,TRUE,TRUE,121.784843249525,24.8351284347105
94,"G03",1000205,"礁溪鄉",306,"Yushi Vil.","玉石村",2258,376,121.77102951,24.84204561,FALSE,TRUE,FALSE,TRUE,TRUE,TRUE,TRUE,TRUE,TRUE,TRUE,TRUE,TRUE,121.771029513122,24.8420456049991
95,"G03",1000205,"礁溪鄉",307,"Deyang Vil.","德陽村",4547,721,121.77818359,24.82253237,TRUE,TRUE,TRUE,TRUE,TRUE,TRUE,TRUE,TRUE,TRUE,TRUE,TRUE,TRUE,121.778183594049,24.8225323714398
96,"G03",1000205,"礁溪鄉",308,"Dazhong Vil.","大忠村",2991,400,121.73909498,24.83806543,FALSE,FALSE,FALSE,FALSE,FALSE,FALSE,TRUE,TRUE,TRUE,TRUE,TRUE,TRUE,121.739094980931,24.8380654283981
97,"G03",1000205,"礁溪鄉",309,"Dayi Vil.","大義村",761,154,121.76953438,24.81648513,TRUE,TRUE,TRUE,TRUE,TRUE,TRUE,TRUE,TRUE,TRUE,TRUE,TRUE,TRUE,121.769534377581,24.8164851298882
98,"G03",1000205,"礁溪鄉",310,"Liujie Vil.","六結村",1654,332,121.77269854,24.81515217,TRUE,TRUE,TRUE,TRUE,TRUE,TRUE,TRUE,TRUE,TRUE,TRUE,TRUE,TRUE,121.772698539953,24.8151521726239
99,"G03",1000205,"礁溪鄉",311,"Erlong Vil.","二龍村",1423,244,121.78920732,24.81264379,FALSE,FALSE,FALSE,TRUE,TRUE,TRUE,TRUE,TRUE,TRUE,TRUE,TRUE,TRUE,121.789207320324,24.8126437927925
100,"G03",1000205,"礁溪鄉",312,"Shichao Vil.","時潮村",1665,290,121.80579266,24.8154675,FALSE,TRUE,TRUE,FALSE,TRUE,TRUE,TRUE,TRUE,TRUE,TRUE,TRUE,TRUE,121.80579266366,24.8154675048794
101,"G03",1000205,"礁溪鄉",313,"Yutian Vil.","玉田村",2499,404,121.78919581,24.79810097,FALSE,FALSE,FALSE,FALSE,TRUE,TRUE,TRUE,TRUE,TRUE,TRUE,TRUE,TRUE,121.789195811949,24.798100967662
102,"G03",1000205,"礁溪鄉",314,"Sanmin Vil.","三民村",2893,508,121.76432186,24.80923838,TRUE,TRUE,TRUE,TRUE,TRUE,TRUE,TRUE,TRUE,TRUE,TRUE,TRUE,TRUE,121.764321861452,24.8092383772564
103,"G03",1000205,"礁溪鄉",315,"Linmei Vil.","林美村",1377,232,121.73738485,24.81875103,FALSE,FALSE,FALSE,FALSE,FALSE,FALSE,TRUE,TRUE,TRUE,TRUE,TRUE,TRUE,121.737384845196,24.8187510329574
104,"G03",1000205,"礁溪鄉",316,"Bai'e Vil.","白鵝村",963,158,121.75546238,24.80155123,FALSE,FALSE,FALSE,TRUE,TRUE,TRUE,TRUE,TRUE,TRUE,TRUE,TRUE,TRUE,121.755462379116,24.80155123083
105,"G03",1000205,"礁溪鄉",317,"Yuguang Vil.","玉光村",1143,194,121.77317469,24.79621409,FALSE,TRUE,FALSE,TRUE,TRUE,TRUE,TRUE,TRUE,TRUE,TRUE,TRUE,TRUE,121.773174685216,24.7962140952955
106,"G03",1000205,"礁溪鄉",318,"Guangwu Vil.","光武村",1502,242,121.7711825,24.78132473,FALSE,TRUE,FALSE,TRUE,TRUE,TRUE,TRUE,TRUE,TRUE,TRUE,TRUE,TRUE,121.771182496511,24.7813247318548
107,"G09",1000203,"蘇澳鎮",262,"Shenghu Vil.","聖湖里",2701,482,121.83642792,24.59302833,TRUE,TRUE,TRUE,TRUE,TRUE,TRUE,TRUE,TRUE,TRUE,TRUE,TRUE,TRUE,121.836427916787,24.5930283343043
108,"G09",1000203,"蘇澳鎮",263,"Suxi Vil.","蘇西里",2867,487,121.84412995,24.59389231,TRUE,TRUE,TRUE,TRUE,TRUE,TRUE,TRUE,TRUE,TRUE,TRUE,TRUE,TRUE,121.844129947245,24.5938923120876
109,"G09",1000203,"蘇澳鎮",264,"Subei Vil.","蘇北里",1197,252,121.85007661,24.60106606,TRUE,TRUE,TRUE,TRUE,TRUE,TRUE,TRUE,TRUE,TRUE,TRUE,TRUE,TRUE,121.850076609961,24.6010660561036
110,"G09",1000203,"蘇澳鎮",265,"Sunan Vil.","蘇南里",515,130,121.85265457,24.59683405,TRUE,TRUE,TRUE,TRUE,TRUE,TRUE,TRUE,TRUE,TRUE,TRUE,TRUE,TRUE,121.852654571354,24.5968340510093
111,"G09",1000203,"蘇澳鎮",266,"Sudong Vil.","蘇東里",607,99,121.86649271,24.60004083,FALSE,TRUE,TRUE,TRUE,TRUE,TRUE,TRUE,TRUE,TRUE,TRUE,TRUE,TRUE,121.866492706933,24.600040823095
112,"G09",1000203,"蘇澳鎮",267,"Chang'an Vil.","長安里",600,118,121.85552745,24.58643544,TRUE,TRUE,TRUE,TRUE,TRUE,TRUE,TRUE,TRUE,TRUE,TRUE,TRUE,TRUE,121.855527445384,24.5864354394908
113,"G09",1000203,"蘇澳鎮",268,"Yongguang Vil.","永光里",514,115,121.85098415,24.59358407,TRUE,TRUE,TRUE,TRUE,TRUE,TRUE,TRUE,TRUE,TRUE,TRUE,TRUE,TRUE,121.850984154771,24.5935840649731
114,"G09",1000203,"蘇澳鎮",269,"Yongchun Vil.","永春里",687,137,121.85720102,24.56630966,FALSE,TRUE,TRUE,FALSE,TRUE,TRUE,TRUE,TRUE,TRUE,TRUE,TRUE,TRUE,121.857201017829,24.5663096599688
115,"G09",1000203,"蘇澳鎮",270,"Yongle Vil.","永樂里",532,93,121.83682208,24.56058391,FALSE,FALSE,FALSE,FALSE,FALSE,FALSE,TRUE,TRUE,TRUE,TRUE,TRUE,TRUE,121.836822077448,24.5605839058749
116,"G09",1000203,"蘇澳鎮",271,"Nan'an Vil.","南安里",1102,255,121.86588786,24.5861557,FALSE,TRUE,TRUE,TRUE,TRUE,TRUE,TRUE,TRUE,TRUE,TRUE,TRUE,TRUE,121.865887855547,24.5861557003408
117,"G09",1000203,"蘇澳鎮",272,"Nanzheng Vil.","南正里",1074,230,121.86195045,24.58582327,FALSE,TRUE,TRUE,TRUE,TRUE,TRUE,TRUE,TRUE,TRUE,TRUE,TRUE,TRUE,121.861950454164,24.5858232710321
118,"G09",1000203,"蘇澳鎮",273,"Nancheng Vil.","南成里",1296,283,121.86347483,24.57901154,FALSE,TRUE,TRUE,TRUE,TRUE,TRUE,TRUE,TRUE,TRUE,TRUE,TRUE,TRUE,121.863474830487,24.5790115354672
119,"G09",1000203,"蘇澳鎮",274,"Nanxing Vil.","南興里",1690,362,121.86680464,24.57956126,FALSE,TRUE,TRUE,FALSE,TRUE,TRUE,TRUE,TRUE,TRUE,TRUE,TRUE,TRUE,121.86680464378,24.5795612629047
120,"G09",1000203,"蘇澳鎮",275,"Nanning Vil.","南寧里",1229,286,121.86910984,24.58068509,FALSE,TRUE,TRUE,FALSE,TRUE,TRUE,TRUE,TRUE,TRUE,TRUE,TRUE,TRUE,121.869109839668,24.5806850852735
121,"G09",1000203,"蘇澳鎮",276,"Nanjian Vil.","南建里",1449,280,121.87110716,24.57911609,FALSE,TRUE,TRUE,FALSE,TRUE,TRUE,TRUE,TRUE,TRUE,TRUE,TRUE,TRUE,121.871107157667,24.5791160968224
122,"G09",1000203,"蘇澳鎮",277,"Dong'ao Vil.","東澳里",392,81,121.84436635,24.50947177,FALSE,FALSE,FALSE,FALSE,FALSE,FALSE,FALSE,FALSE,FALSE,TRUE,TRUE,TRUE,121.844366351975,24.50947177117
123,"G09",1000203,"蘇澳鎮",278,"Nanqiang Vil.","南強里",841,193,121.80057626,24.45874447,TRUE,TRUE,FALSE,TRUE,TRUE,FALSE,TRUE,TRUE,FALSE,TRUE,TRUE,FALSE,121.800576261511,24.4587444726664
124,"G09",1000203,"蘇澳鎮",279,"Zhaoyang Vil.","朝陽里",667,198,121.81170367,24.46098039,TRUE,TRUE,FALSE,TRUE,TRUE,FALSE,TRUE,TRUE,FALSE,TRUE,TRUE,FALSE,121.811703664298,24.4609803910494
125,"G09",1000203,"蘇澳鎮",280,"Sheng'ai  Vil.","聖愛里",3334,488,121.82809305,24.59569961,TRUE,TRUE,TRUE,TRUE,TRUE,TRUE,TRUE,TRUE,TRUE,TRUE,TRUE,TRUE,121.828093050359,24.5956996068314
126,"G03",1000205,"礁溪鄉",319,"Wusha Vil.","吳沙村",2898,453,121.75522418,24.79080906,FALSE,TRUE,FALSE,FALSE,TRUE,FALSE,TRUE,TRUE,TRUE,TRUE,TRUE,TRUE,121.755224180666,24.7908090599771
127,"G03",1000205,"礁溪鄉",320,"Longtan Vil.","龍潭村",3806,521,121.74150908,24.79302161,FALSE,FALSE,FALSE,FALSE,TRUE,FALSE,TRUE,TRUE,TRUE,TRUE,TRUE,TRUE,121.741509078177,24.7930216080326
128,"G04",1000206,"壯圍鄉",323,"Jixiang Vil.","吉祥村",2827,351,121.78924994,24.74556123,TRUE,TRUE,FALSE,TRUE,TRUE,FALSE,TRUE,TRUE,TRUE,TRUE,TRUE,TRUE,121.789249937968,24.7455612332526
129,"G04",1000206,"壯圍鄉",324,"Meifu Vil.","美福村",2039,318,121.78392255,24.72551774,FALSE,FALSE,FALSE,TRUE,TRUE,FALSE,TRUE,TRUE,TRUE,TRUE,TRUE,TRUE,121.783922550885,24.7255177382855
130,"G04",1000206,"壯圍鄉",325,"Xinnan Vil.","新南村",1053,202,121.80616138,24.72095426,FALSE,FALSE,FALSE,FALSE,FALSE,FALSE,TRUE,TRUE,TRUE,TRUE,TRUE,TRUE,121.806161380559,24.7209542594419
131,"G04",1000206,"壯圍鄉",326,"Donggang Vil.","東港村",1099,179,121.82517645,24.72390353,FALSE,FALSE,FALSE,FALSE,FALSE,FALSE,TRUE,TRUE,TRUE,TRUE,TRUE,TRUE,121.825176446108,24.7239035295571
132,"G04",1000206,"壯圍鄉",327,"Fuxing Vil.","復興村",1852,291,121.81467492,24.7388917,FALSE,FALSE,FALSE,TRUE,TRUE,TRUE,TRUE,TRUE,TRUE,TRUE,TRUE,TRUE,121.814674920277,24.7388916955325
133,"G04",1000206,"壯圍鄉",328,"Guoling Vil.","過嶺村",1743,302,121.81516656,24.75721475,TRUE,TRUE,TRUE,TRUE,TRUE,TRUE,TRUE,TRUE,TRUE,TRUE,TRUE,TRUE,121.815166556447,24.7572147470596
134,"G04",1000206,"壯圍鄉",329,"Yongzhen Vil.","永鎮村",904,159,121.8155349,24.77010244,TRUE,TRUE,TRUE,TRUE,TRUE,TRUE,TRUE,TRUE,TRUE,TRUE,TRUE,TRUE,121.815534901322,24.7701024465945
135,"G04",1000206,"壯圍鄉",330,"Zhongxiao Vil.","忠孝村",2647,389,121.80137942,24.75568953,TRUE,TRUE,TRUE,TRUE,TRUE,TRUE,TRUE,TRUE,TRUE,TRUE,TRUE,TRUE,121.801379419022,24.7556895295809
136,"G04",1000206,"壯圍鄉",331,"Guting Vil.","古亭村",1756,278,121.80019438,24.77547413,FALSE,FALSE,FALSE,TRUE,TRUE,TRUE,TRUE,TRUE,TRUE,TRUE,TRUE,TRUE,121.800194381074,24.775474128991
137,"G04",1000206,"壯圍鄉",332,"Gonglao Vil.","功勞村",1441,222,121.78796074,24.76567505,FALSE,FALSE,FALSE,TRUE,TRUE,TRUE,TRUE,TRUE,TRUE,TRUE,TRUE,TRUE,121.787960736426,24.7656750514083
138,"G04",1000206,"壯圍鄉",333,"Meicheng Vil.","美城村",2505,365,121.78753424,24.78161809,FALSE,FALSE,FALSE,FALSE,TRUE,FALSE,TRUE,TRUE,TRUE,TRUE,TRUE,TRUE,121.787534245554,24.7816180872113
139,"G04",1000206,"壯圍鄉",334,"Xinshe Vil.","新社村",1159,242,121.81020981,24.78500197,FALSE,TRUE,TRUE,TRUE,TRUE,TRUE,TRUE,TRUE,TRUE,TRUE,TRUE,TRUE,121.810209812179,24.7850019665068
140,"G04",1000206,"壯圍鄉",335,"Dafu Vil.","大福村",1996,320,121.81444982,24.79938559,FALSE,TRUE,TRUE,FALSE,TRUE,TRUE,TRUE,TRUE,TRUE,TRUE,TRUE,TRUE,121.814449815805,24.7993855873471
141,"G04",1000206,"壯圍鄉",336,"Gujie Vil.","古結村",1186,178,121.79718841,24.73694261,TRUE,TRUE,FALSE,TRUE,TRUE,FALSE,TRUE,TRUE,TRUE,TRUE,TRUE,TRUE,121.79718840567,24.7369426051577
142,"G05",1000207,"員山鄉",337,"Yuanshan Vil.","員山村",6493,800,121.72845079,24.74387434,TRUE,TRUE,TRUE,TRUE,TRUE,TRUE,TRUE,TRUE,TRUE,TRUE,TRUE,TRUE,121.728450788713,24.7438743352944
143,"G05",1000207,"員山鄉",338,"Shangde Vil.","尚德村",2484,389,121.71151773,24.73273643,TRUE,TRUE,TRUE,TRUE,TRUE,TRUE,TRUE,TRUE,TRUE,TRUE,TRUE,TRUE,121.711517730579,24.7327364310344
144,"G05",1000207,"員山鄉",339,"Huihao Vil.","惠好村",1876,263,121.72931639,24.72717601,TRUE,TRUE,TRUE,TRUE,TRUE,TRUE,TRUE,TRUE,TRUE,TRUE,TRUE,TRUE,121.729316385601,24.7271760133861
145,"G05",1000207,"員山鄉",340,"Qixian Vil.","七賢村",1683,215,121.74147552,24.71700735,FALSE,FALSE,FALSE,FALSE,FALSE,FALSE,TRUE,TRUE,TRUE,TRUE,TRUE,TRUE,121.741475518276,24.717007350161
146,"G05",1000207,"員山鄉",341,"Shengou Vil.","深溝村",2131,301,121.71739294,24.71300009,FALSE,FALSE,FALSE,FALSE,FALSE,FALSE,TRUE,TRUE,TRUE,TRUE,TRUE,TRUE,121.71739293995,24.713000090426
147,"G05",1000207,"員山鄉",342,"Zhenxiang Vil.","蓁巷村",1361,238,121.69535374,24.70997244,FALSE,FALSE,FALSE,FALSE,FALSE,FALSE,TRUE,TRUE,TRUE,TRUE,TRUE,TRUE,121.695353736165,24.7099724425699
148,"G05",1000207,"員山鄉",343,"Neicheng Vil.","內城村",1661,286,121.68532936,24.72174185,FALSE,FALSE,FALSE,FALSE,FALSE,FALSE,TRUE,TRUE,TRUE,TRUE,TRUE,TRUE,121.685329355775,24.7217418444855
149,"G05",1000207,"員山鄉",344,"Zhonghua Vil.","中華村",712,167,121.63407979,24.7101559,FALSE,FALSE,FALSE,FALSE,FALSE,FALSE,TRUE,TRUE,FALSE,TRUE,TRUE,TRUE,121.634079785398,24.7101558968727
150,"G05",1000207,"員山鄉",345,"Yonghe Vil.","永和村",2110,311,121.7119144,24.7564477,TRUE,TRUE,TRUE,TRUE,TRUE,TRUE,TRUE,TRUE,TRUE,TRUE,TRUE,TRUE,121.71191439539,24.756447695387
151,"G05",1000207,"員山鄉",346,"Toufen Vil.","頭分村",1553,196,121.72253819,24.75987513,TRUE,TRUE,TRUE,TRUE,TRUE,TRUE,TRUE,TRUE,TRUE,TRUE,TRUE,TRUE,121.72253818899,24.7598751233071
152,"G05",1000207,"員山鄉",347,"Zhenshan Vil.","枕山村",2634,476,121.66124992,24.78071027,FALSE,FALSE,FALSE,FALSE,FALSE,FALSE,FALSE,FALSE,FALSE,TRUE,TRUE,TRUE,121.661249918727,24.7807102668618
153,"G05",1000207,"員山鄉",348,"Tongle Vil.","同樂村",2846,426,121.7275094,24.7666776,FALSE,FALSE,FALSE,TRUE,TRUE,TRUE,TRUE,TRUE,TRUE,TRUE,TRUE,TRUE,121.727509395185,24.7666775962385
154,"G05",1000207,"員山鄉",349,"Hudong Vil.","湖東村",1038,172,121.69720703,24.75673636,FALSE,FALSE,FALSE,FALSE,FALSE,FALSE,TRUE,TRUE,TRUE,TRUE,TRUE,TRUE,121.697207028825,24.7567363576416
155,"G05",1000207,"員山鄉",350,"Yixian Vil.","逸仙村",999,198,121.69039855,24.73547661,FALSE,FALSE,FALSE,FALSE,FALSE,FALSE,TRUE,TRUE,TRUE,TRUE,TRUE,TRUE,121.690398548563,24.7354766038231
156,"G05",1000207,"員山鄉",351,"Hubei Vil.","湖北村",1119,244,121.69762305,24.745773,FALSE,FALSE,FALSE,TRUE,TRUE,TRUE,TRUE,TRUE,TRUE,TRUE,TRUE,TRUE,121.697623048968,24.7457730021003
157,"G05",1000207,"員山鄉",352,"Huxi Vil.","湖西村",1601,354,121.6369825,24.75231209,FALSE,FALSE,FALSE,FALSE,FALSE,FALSE,FALSE,FALSE,FALSE,TRUE,TRUE,TRUE,121.636982503741,24.7523120901714
158,"G08",1000208,"冬山鄉",353,"Wuyuan Vil.","武淵村",1333,227,121.80124259,24.66101311,FALSE,FALSE,FALSE,TRUE,TRUE,TRUE,TRUE,TRUE,TRUE,TRUE,TRUE,TRUE,121.801242585747,24.6610131122547
159,"G08",1000208,"冬山鄉",354,"Zhenzhu Vil.","珍珠村",1896,273,121.78986127,24.64726353,TRUE,TRUE,TRUE,TRUE,TRUE,TRUE,TRUE,TRUE,TRUE,TRUE,TRUE,TRUE,121.789861266627,24.6472635263172
160,"G08",1000208,"冬山鄉",355,"Bucheng Vil.","補城村",1369,195,121.80562646,24.64922952,FALSE,FALSE,FALSE,TRUE,TRUE,TRUE,TRUE,TRUE,TRUE,TRUE,TRUE,TRUE,121.805626455402,24.6492295235205
161,"G08",1000208,"冬山鄉",356,"Sanqi Vil.","三奇村",1053,157,121.81289263,24.64034724,FALSE,TRUE,FALSE,TRUE,TRUE,TRUE,TRUE,TRUE,TRUE,TRUE,TRUE,TRUE,121.81289262904,24.6403472381345
162,"G08",1000208,"冬山鄉",357,"Daxing Vil.","大興村",1046,181,121.81533708,24.62998625,FALSE,FALSE,FALSE,TRUE,TRUE,TRUE,TRUE,TRUE,TRUE,TRUE,TRUE,TRUE,121.815337077599,24.6299862525834
163,"G08",1000208,"冬山鄉",358,"Dongcheng Vil.","東城村",1681,273,121.80486818,24.61930248,FALSE,TRUE,TRUE,TRUE,TRUE,TRUE,TRUE,TRUE,TRUE,TRUE,TRUE,TRUE,121.804868175005,24.6193024782801
164,"G08",1000208,"冬山鄉",359,"Xianghe Vil.","香和村",3821,386,121.79885924,24.63044656,TRUE,TRUE,TRUE,TRUE,TRUE,TRUE,TRUE,TRUE,TRUE,TRUE,TRUE,TRUE,121.798859235269,24.6304465597455
165,"G08",1000208,"冬山鄉",360,"Nanxing Vil.","南興村",3915,406,121.79318265,24.63246702,TRUE,TRUE,TRUE,TRUE,TRUE,TRUE,TRUE,TRUE,TRUE,TRUE,TRUE,TRUE,121.793182649758,24.6324670247907
166,"G08",1000208,"冬山鄉",361,"Dongshan Vil.","冬山村",856,203,121.79006602,24.63623887,TRUE,TRUE,TRUE,TRUE,TRUE,TRUE,TRUE,TRUE,TRUE,TRUE,TRUE,TRUE,121.79006601854,24.6362388713699
167,"G08",1000208,"冬山鄉",362,"Anping Vil.","安平村",866,143,121.78741654,24.61579706,FALSE,TRUE,TRUE,TRUE,TRUE,TRUE,TRUE,TRUE,TRUE,TRUE,TRUE,TRUE,121.787416539846,24.615797058556
168,"G08",1000208,"冬山鄉",363,"Taihe Vil.","太和村",1747,287,121.77128079,24.62852969,FALSE,FALSE,FALSE,TRUE,TRUE,TRUE,TRUE,TRUE,TRUE,TRUE,TRUE,TRUE,121.771280785751,24.6285296879759
169,"G08",1000208,"冬山鄉",364,"Babao Vil.","八寶村",1007,159,121.7636015,24.63670644,FALSE,FALSE,FALSE,TRUE,TRUE,TRUE,TRUE,TRUE,TRUE,TRUE,TRUE,TRUE,121.763601499252,24.6367064415257
170,"G08",1000208,"冬山鄉",365,"Wanshan Vil.","丸山村",1634,270,121.75967945,24.6441228,FALSE,TRUE,FALSE,FALSE,TRUE,FALSE,TRUE,TRUE,TRUE,TRUE,TRUE,TRUE,121.759679452241,24.6441227977582
171,"G08",1000208,"冬山鄉",366,"Zhongshan Vil.","中山村",566,94,121.74236804,24.62714289,FALSE,FALSE,FALSE,FALSE,FALSE,FALSE,FALSE,TRUE,TRUE,TRUE,TRUE,TRUE,121.742368038221,24.6271428862601
172,"G08",1000208,"冬山鄉",367,"Shun'an Vil.","順安村",5696,790,121.76264435,24.65515965,FALSE,TRUE,TRUE,TRUE,TRUE,TRUE,TRUE,TRUE,TRUE,TRUE,TRUE,TRUE,121.762644349077,24.6551596465176
173,"G08",1000208,"冬山鄉",368,"Yongmei Vil.","永美村",3434,459,121.7757939,24.65263849,FALSE,TRUE,FALSE,TRUE,TRUE,TRUE,TRUE,TRUE,TRUE,TRUE,TRUE,TRUE,121.775793902921,24.652638487879
174,"G08",1000208,"冬山鄉",369,"Qunying Vil.","群英村",5341,974,121.78054504,24.66247926,FALSE,TRUE,TRUE,TRUE,TRUE,TRUE,TRUE,TRUE,TRUE,TRUE,TRUE,TRUE,121.780545038167,24.6624792578123
175,"G08",1000208,"冬山鄉",370,"Qinggou Vil.","清溝村",4485,609,121.76196816,24.66378168,TRUE,TRUE,TRUE,TRUE,TRUE,TRUE,TRUE,TRUE,TRUE,TRUE,TRUE,TRUE,121.76196815406,24.6637816776338
176,"G08",1000208,"冬山鄉",371,"Lupu Vil.","鹿埔村",2654,388,121.7479731,24.65684292,FALSE,TRUE,TRUE,TRUE,TRUE,TRUE,TRUE,TRUE,TRUE,TRUE,TRUE,TRUE,121.747973100402,24.6568429173184
177,"G08",1000208,"冬山鄉",372,"De'an Vil.","得安村",1257,217,121.73715099,24.64730413,FALSE,FALSE,FALSE,FALSE,TRUE,TRUE,TRUE,TRUE,TRUE,TRUE,TRUE,TRUE,121.737150988372,24.6473041269276
178,"G08",1000208,"冬山鄉",373,"Guangxing Vil.","廣興村",2887,414,121.73779972,24.66377033,FALSE,TRUE,TRUE,FALSE,TRUE,TRUE,TRUE,TRUE,TRUE,TRUE,TRUE,TRUE,121.73779971352,24.6637703309673
179,"G08",1000208,"冬山鄉",374,"Guang'an Vil.","廣安村",1895,257,121.74537979,24.67634061,FALSE,TRUE,TRUE,TRUE,TRUE,TRUE,TRUE,TRUE,TRUE,TRUE,TRUE,TRUE,121.74537979399,24.6763406132813
180,"G08",1000208,"冬山鄉",375,"Kelin Vil.","柯林村",1976,233,121.73554483,24.6811284,FALSE,TRUE,TRUE,FALSE,TRUE,TRUE,TRUE,TRUE,TRUE,TRUE,TRUE,TRUE,121.73554483268,24.6811283982054
181,"G08",1000208,"冬山鄉",376,"Dajin Vil.","大進村",933,199,121.70958006,24.63625344,FALSE,FALSE,FALSE,FALSE,FALSE,FALSE,FALSE,TRUE,FALSE,TRUE,TRUE,TRUE,121.709580056897,24.6362534349179
182,"G07",1000209,"五結鄉",377,"Sanxing Vil.","三興村",2263,360,121.78086122,24.7050739,FALSE,TRUE,TRUE,TRUE,TRUE,TRUE,TRUE,TRUE,TRUE,TRUE,TRUE,TRUE,121.780861222247,24.705073894914
183,"G07",1000209,"五結鄉",378,"Erjie Vil.","二結村",2058,312,121.77204192,24.704479,FALSE,TRUE,TRUE,FALSE,TRUE,TRUE,TRUE,TRUE,TRUE,TRUE,TRUE,TRUE,121.772041925609,24.7044789962733
184,"G07",1000209,"五結鄉",379,"Zhen'an Vil.","鎮安村",2902,393,121.75808928,24.71129899,FALSE,TRUE,FALSE,FALSE,TRUE,TRUE,TRUE,TRUE,TRUE,TRUE,TRUE,TRUE,121.758089285421,24.7112989931666
185,"G07",1000209,"五結鄉",380,"Shangsi Vil.","上四村",1733,340,121.7675173,24.69873175,FALSE,TRUE,TRUE,TRUE,TRUE,TRUE,TRUE,TRUE,TRUE,TRUE,TRUE,TRUE,121.767517295262,24.6987317451177
186,"G07",1000209,"五結鄉",381,"Zhongxing Vil.","中興村",1468,221,121.77914844,24.69334475,FALSE,TRUE,TRUE,TRUE,TRUE,TRUE,TRUE,TRUE,TRUE,TRUE,TRUE,TRUE,121.77914843817,24.6933447491506
187,"G07",1000209,"五結鄉",382,"Sijie Vil.","四結村",2703,483,121.77019607,24.69097904,TRUE,TRUE,TRUE,TRUE,TRUE,TRUE,TRUE,TRUE,TRUE,TRUE,TRUE,TRUE,121.770196069052,24.6909790391621
188,"G07",1000209,"五結鄉",383,"Fuxing Vil.","福興村",2028,309,121.78780873,24.68214544,TRUE,TRUE,TRUE,TRUE,TRUE,TRUE,TRUE,TRUE,TRUE,TRUE,TRUE,TRUE,121.787808725387,24.682145444282
189,"G07",1000209,"五結鄉",384,"Wujie Vil.","五結村",4139,599,121.79169353,24.68975814,TRUE,TRUE,FALSE,TRUE,TRUE,TRUE,TRUE,TRUE,TRUE,TRUE,TRUE,TRUE,121.791693533905,24.6897581357894
190,"G07",1000209,"五結鄉",385,"Daji Vil.","大吉村",4100,521,121.79719185,24.70376432,FALSE,FALSE,FALSE,TRUE,TRUE,FALSE,TRUE,TRUE,TRUE,TRUE,TRUE,TRUE,121.797191850509,24.7037643160959
191,"G07",1000209,"五結鄉",386,"Xiehe Vil.","協和村",3728,473,121.81010987,24.67868448,TRUE,TRUE,FALSE,TRUE,TRUE,FALSE,TRUE,TRUE,TRUE,TRUE,TRUE,TRUE,121.810109868745,24.6786844747629
192,"G07",1000209,"五結鄉",387,"Xiaowei Vil.","孝威村",1710,295,121.81213751,24.69099951,TRUE,TRUE,FALSE,TRUE,TRUE,FALSE,TRUE,TRUE,TRUE,TRUE,TRUE,TRUE,121.812137511855,24.6909995091281
193,"G07",1000209,"五結鄉",388,"Jinzhong Vil.","錦眾村",1653,322,121.82438991,24.70430477,FALSE,FALSE,FALSE,FALSE,FALSE,FALSE,TRUE,TRUE,FALSE,TRUE,TRUE,TRUE,121.824389909563,24.7043047644564
194,"G07",1000209,"五結鄉",389,"Lize Vil.","利澤村",2291,354,121.81943826,24.66204813,FALSE,TRUE,FALSE,FALSE,TRUE,FALSE,TRUE,TRUE,TRUE,TRUE,TRUE,TRUE,121.81943826302,24.662048128269
195,"G07",1000209,"五結鄉",390,"Chengxing Vil.","成興村",3628,485,121.83353879,24.65574959,FALSE,TRUE,FALSE,FALSE,TRUE,FALSE,TRUE,TRUE,TRUE,TRUE,TRUE,TRUE,121.833538785746,24.6557495945249
196,"G07",1000209,"五結鄉",391,"Jixin Vil.","季新村",3239,476,121.82965696,24.68061847,FALSE,TRUE,FALSE,FALSE,TRUE,FALSE,TRUE,TRUE,FALSE,TRUE,TRUE,TRUE,121.8296569601,24.6806184687896
197,"G10",1000210,"三星鄉",392,"Yuanshan Vil.","員山村",229,58,121.59788046,24.64254318,FALSE,FALSE,FALSE,FALSE,FALSE,FALSE,TRUE,TRUE,FALSE,TRUE,TRUE,FALSE,121.597880457164,24.6425431770578
198,"G10",1000210,"三星鄉",393,"Tianshan Vil.","天山村",609,159,121.62255629,24.65070494,FALSE,FALSE,FALSE,FALSE,FALSE,FALSE,TRUE,TRUE,FALSE,TRUE,TRUE,FALSE,121.622556288991,24.6507049437898
199,"G10",1000210,"三星鄉",394,"Tianfu Vil.","天福村",851,208,121.60761023,24.66263277,TRUE,TRUE,FALSE,TRUE,TRUE,FALSE,TRUE,TRUE,FALSE,TRUE,TRUE,FALSE,121.607610225963,24.6626327663497
200,"G10",1000210,"三星鄉",395,"Shuangxian Vil.","雙賢村",658,162,121.63932254,24.66144707,TRUE,TRUE,FALSE,TRUE,TRUE,FALSE,TRUE,TRUE,FALSE,TRUE,TRUE,FALSE,121.639322535664,24.6614470662898
201,"G10",1000210,"三星鄉",396,"Renhe Vil.","人和村",505,126,121.63111337,24.67426778,FALSE,FALSE,FALSE,TRUE,TRUE,FALSE,TRUE,TRUE,FALSE,TRUE,TRUE,FALSE,121.631113366745,24.6742677810642
202,"G10",1000210,"三星鄉",397,"Yide Vil.","義德村",1374,273,121.64506151,24.65207481,TRUE,TRUE,FALSE,TRUE,TRUE,FALSE,TRUE,TRUE,FALSE,TRUE,TRUE,FALSE,121.645061508438,24.652074808238
203,"G10",1000210,"三星鄉",398,"Jiqing Vil.","集慶村",1339,285,121.65615027,24.65103244,TRUE,TRUE,FALSE,TRUE,TRUE,FALSE,TRUE,TRUE,FALSE,TRUE,TRUE,TRUE,121.656150269426,24.6510324387331
204,"G10",1000210,"三星鄉",399,"Yuemei Vil.","月眉村",1038,212,121.66048812,24.67047198,TRUE,TRUE,FALSE,TRUE,TRUE,FALSE,TRUE,TRUE,FALSE,TRUE,TRUE,TRUE,121.660488120499,24.6704719821827
205,"G10",1000210,"三星鄉",400,"Gongzhao Vil.","拱照村",1446,270,121.67570635,24.65358739,FALSE,FALSE,FALSE,TRUE,TRUE,FALSE,TRUE,TRUE,FALSE,TRUE,TRUE,TRUE,121.6757063517,24.6535873902035
206,"G10",1000210,"三星鄉",401,"Dayin Vil.","大隱村",4811,679,121.70852757,24.66232973,FALSE,TRUE,FALSE,FALSE,TRUE,FALSE,FALSE,TRUE,TRUE,TRUE,TRUE,TRUE,121.708527565364,24.662329726473
207,"G10",1000210,"三星鄉",402,"Xingjian Vil.","行健村",961,167,121.69265264,24.67443704,FALSE,FALSE,FALSE,FALSE,TRUE,FALSE,TRUE,TRUE,FALSE,TRUE,TRUE,TRUE,121.692652641665,24.6744370374372
208,"G10",1000210,"三星鄉",403,"Wande Vil.","萬德村",685,132,121.65424517,24.67986289,TRUE,TRUE,FALSE,TRUE,TRUE,FALSE,TRUE,TRUE,FALSE,TRUE,TRUE,TRUE,121.654245170357,24.6798628873751
209,"G10",1000210,"三星鄉",404,"Guilin Vil.","貴林村",548,87,121.66558182,24.69308046,FALSE,FALSE,FALSE,FALSE,FALSE,FALSE,TRUE,TRUE,FALSE,TRUE,TRUE,TRUE,121.665581821311,24.6930804633758
210,"G10",1000210,"三星鄉",405,"Wanfu Vil.","萬富村",807,181,121.67573674,24.68025195,FALSE,FALSE,FALSE,TRUE,TRUE,FALSE,TRUE,TRUE,FALSE,TRUE,TRUE,TRUE,121.675736742719,24.6802519447134
211,"G10",1000210,"三星鄉",406,"Dayi Vil.","大義村",1303,225,121.70457399,24.68509484,FALSE,TRUE,FALSE,FALSE,TRUE,FALSE,FALSE,TRUE,TRUE,TRUE,TRUE,TRUE,121.704573987949,24.6850948405382
212,"G10",1000210,"三星鄉",407,"Shangwu Vil.","尚武村",847,172,121.70126203,24.69561103,FALSE,FALSE,FALSE,FALSE,FALSE,FALSE,FALSE,TRUE,FALSE,TRUE,TRUE,TRUE,121.701262030687,24.695611030296
213,"G10",1000210,"三星鄉",408,"Dazhou Vil.","大洲村",1783,310,121.72907682,24.69654605,FALSE,FALSE,FALSE,FALSE,FALSE,FALSE,TRUE,TRUE,TRUE,TRUE,TRUE,TRUE,121.729076818524,24.6965460471457
214,"G10",1000210,"三星鄉",409,"Weiqian Vil.","尾塹村",1618,269,121.74717106,24.70169236,FALSE,FALSE,FALSE,FALSE,TRUE,TRUE,TRUE,TRUE,TRUE,TRUE,TRUE,TRUE,121.747171056445,24.7016923636292
215,"G11",1000211,"大同鄉",410,"Hanxi Vil.","寒溪村",1117,123,121.66210776,24.57400012,FALSE,FALSE,FALSE,FALSE,FALSE,FALSE,FALSE,FALSE,FALSE,FALSE,FALSE,FALSE,121.662107757445,24.5740001246036
216,"G11",1000211,"大同鄉",411,"Lunbi Vil.","崙埤村",768,53,121.58172951,24.69428863,FALSE,FALSE,FALSE,FALSE,FALSE,FALSE,TRUE,TRUE,FALSE,TRUE,TRUE,FALSE,121.581729506918,24.6942886296006
217,"G11",1000211,"大同鄉",412,"Songluo Vil.","松羅村",854,63,121.54221823,24.66539953,FALSE,FALSE,FALSE,FALSE,FALSE,FALSE,FALSE,FALSE,FALSE,TRUE,TRUE,FALSE,121.542218232257,24.6653995276215
218,"G11",1000211,"大同鄉",413,"Fuxing Vil.","復興村",312,54,121.60287142,24.61534296,FALSE,FALSE,FALSE,FALSE,FALSE,FALSE,FALSE,FALSE,FALSE,TRUE,TRUE,FALSE,121.602871418105,24.6153429562201
219,"G11",1000211,"大同鄉",415,"Leshui Vil.","樂水村",468,46,121.54470424,24.588218,FALSE,FALSE,FALSE,FALSE,FALSE,FALSE,FALSE,FALSE,FALSE,FALSE,FALSE,FALSE,121.544704239827,24.5882179994878
220,"G11",1000211,"大同鄉",416,"Taiping Vil.","太平村",71,16,121.54043231,24.52336422,FALSE,FALSE,FALSE,FALSE,FALSE,FALSE,FALSE,FALSE,FALSE,FALSE,FALSE,FALSE,121.540432307405,24.5233642199237
221,"G11",1000211,"大同鄉",417,"Siji Vil.","四季村",993,94,121.42653187,24.47531998,FALSE,FALSE,FALSE,FALSE,FALSE,FALSE,FALSE,FALSE,FALSE,FALSE,FALSE,FALSE,121.426531867969,24.4753199775662
222,"G11",1000211,"大同鄉",418,"Nanshan Vil.","南山村",870,60,121.37630755,24.42386681,FALSE,FALSE,FALSE,FALSE,FALSE,FALSE,FALSE,FALSE,FALSE,FALSE,FALSE,FALSE,121.37630755323,24.4238668086023
223,"G12",1000212,"南澳鄉",420,"Nan'ao Vil.","南澳村",1468,151,121.77113254,24.52996106,FALSE,FALSE,FALSE,FALSE,FALSE,FALSE,FALSE,FALSE,FALSE,TRUE,TRUE,TRUE,121.771132541186,24.5299610618388
224,"G12",1000212,"南澳鄉",421,"Bihou Vil.","碧候村",1213,96,121.77046063,24.50688144,FALSE,FALSE,FALSE,FALSE,FALSE,FALSE,FALSE,FALSE,FALSE,TRUE,TRUE,FALSE,121.770460628748,24.5068814382242
225,"G12",1000212,"南澳鄉",422,"Dongyue Vil.","東岳村",577,46,121.79013316,24.56534889,FALSE,FALSE,FALSE,FALSE,FALSE,FALSE,FALSE,FALSE,FALSE,TRUE,TRUE,TRUE,121.790133156016,24.5653488871211
226,"G12",1000212,"南澳鄉",423,"Jinyue Vil.","金岳村",571,42,121.71277339,24.5072643,FALSE,FALSE,FALSE,FALSE,FALSE,FALSE,FALSE,FALSE,FALSE,FALSE,TRUE,FALSE,121.712773387785,24.5072642968609
227,"G12",1000212,"南澳鄉",424,"Wuta Vil.","武塔村",547,61,121.71965515,24.43926834,FALSE,FALSE,FALSE,FALSE,FALSE,FALSE,FALSE,FALSE,FALSE,TRUE,TRUE,FALSE,121.719655150194,24.4392683405753
228,"G12",1000212,"南澳鄉",426,"Aohua Vil.","澳花村",926,66,121.70890768,24.35668697,FALSE,FALSE,FALSE,FALSE,FALSE,FALSE,FALSE,FALSE,FALSE,FALSE,FALSE,FALSE,121.708907684047,24.35668697064
229,"G03",1000205,"礁溪鄉",322,"Erjie Vil.","二結村",485,96,121.68110873,24.79656379,FALSE,FALSE,FALSE,FALSE,FALSE,FALSE,FALSE,FALSE,FALSE,TRUE,TRUE,TRUE,121.681108731255,24.7965637893003
230,"G03",1000205,"礁溪鄉",321,"Paolun Vil.","匏崙村",1088,192,121.70876658,24.81148812,FALSE,FALSE,FALSE,FALSE,FALSE,FALSE,FALSE,FALSE,FALSE,TRUE,TRUE,TRUE,121.708766580309,24.8114881220158
231,"G12",1000212,"南澳鄉",425,"Jinyang Vil.","金洋村",589,47,121.57996849,24.40111898,FALSE,FALSE,FALSE,FALSE,FALSE,FALSE,FALSE,FALSE,FALSE,FALSE,FALSE,FALSE,121.579968487975,24.4011189754988
232,"G11",1000211,"大同鄉",419,"Mao'an Vil.","茂安村",233,18,121.44113635,24.54542549,FALSE,FALSE,FALSE,FALSE,FALSE,FALSE,FALSE,FALSE,FALSE,FALSE,FALSE,FALSE,121.441136348549,24.545425491105
233,"G11",1000211,"大同鄉",414,"Yingshi Vil.","英士村",412,40,121.48304464,24.62541562,FALSE,FALSE,FALSE,FALSE,FALSE,FALSE,FALSE,FALSE,FALSE,FALSE,FALSE,FALSE,121.483044637911,24.6254156235496
